1717466400,1,0
1717470000,1,0
1717473600,1,0
1717477200,1,0
1717480800,1,0
1717484400,1,0
1717488000,1,0
1717491600,1,0
1717495200,1,0
1717498800,3,0
1717502400,3,0
1717506000,3,0
1717509600,3,0
1717513200,3,0
1717516800,3,0
1717520400,3,0
1717524000,3,0
1717527600,3,0
1717531200,3,0
1717534800,3,0
1717538400,3,0
1717542000,3,0
1717549200,3,0
1717552800,3,0
1717556400,3,0
1717560000,3,0
1717563600,3,0
1717567200,1,0
1717570800,1,0
1717574400,1,0
1717578000,1,0
1717581600,1,0
1717585200,1,0
1717588800,1,0
1717592400,1,0
1717596000,1,0
1717599600,2,1
1717603200,2,1
1717606800,2,1
1717610400,2,1
1717614000,2,1
1717617600,2,1
1717621200,2,1
1717624800,2,1
1717628400,2,1
1717635600,2,1
1717639200,2,1
1717642800,2,1
1717646400,2,1
1717650000,2,1
1717653600,2,1
1717657200,2,1
1717660800,2,1
1717664400,1,0
1717668000,1,0
1717671600,1,0
1717675200,1,0
1717678800,1,0
1717682400,1,0
1717686000,2,1
1717689600,2,1
1717693200,2,1
1717696800,2,1
1717700400,2,1
1717704000,2,1
1717707600,2,1
1717711200,2,1
1717714800,2,1
1717722000,2,1
1717725600,2,1
1717729200,2,1
1717732800,2,1
1717736400,2,1
1717740000,2,1
1717743600,2,1
1717747200,2,1
1717750800,1,0
1717754400,1,0
1717758000,0,1
1717761600,0,1
1717765200,0,1
1717768800,0,1
1717772400,0,1
1717776000,0,1
1717779600,0,1
1717783200,0,1
1717786800,0,1
1717790400,0,1
1717794000,0,1
1717797600,0,1
1717801200,0,1
1717981200,0,1
1717984800,0,1
1717988400,0,1
1717992000,0,1
1717995600,0,1
1717999200,0,1
1718002800,0,1
1718006400,0,1
1718010000,0,1
1718013600,0,1
1718017200,0,1
1718020800,0,1
1718024400,0,1
1718028000,0,1
1718031600,0,1
1718035200,3,0
1718038800,3,0
1718042400,3,0
1718046000,3,0
1718049600,3,0
1718053200,3,0
1718056800,3,0
1718060400,3,0
1718067600,1,0
1718071200,1,0
1718074800,1,0
1718078400,1,0
1718082000,1,0
1718085600,1,0
1718089200,1,0
1718092800,1,0
1718096400,1,0
1718100000,1,0
1718103600,1,0
1718107200,1,0
1718110800,1,0
1718114400,1,0
1718118000,1,0
1718121600,1,0
1718125200,1,0
1718128800,1,0
1718132400,1,0
1718136000,1,0
1718139600,1,0
1718143200,1,0
1718146800,1,0
1718154000,1,0
1718157600,1,0
1718161200,1,0
1718164800,1,0
1718168400,1,0
1718172000,1,0
1718175600,1,0
1718179200,1,0
1718182800,1,0
1718186400,1,0
1718190000,1,0
1718193600,1,0
1718197200,1,0
1718200800,1,0
1718204400,2,1
1718208000,2,1
1718211600,2,1
1718215200,2,1
1718218800,2,1
1718222400,2,1
1718226000,2,1
1718229600,2,1
1718233200,2,1
1718240400,2,1
1718244000,3,0
1718247600,3,0
1718251200,3,0
1718254800,3,0
1718258400,3,0
1718262000,3,0
1718265600,3,0
1718269200,3,0
1718272800,3,0
1718276400,3,0
1718280000,3,0
1718283600,3,0
1718287200,3,0
1718290800,0,1
1718294400,0,1
1718298000,0,1
1718301600,0,1
1718305200,3,0
1718308800,3,0
1718312400,3,0
1718316000,3,0
1718319600,3,0
1718326800,3,0
1718330400,3,0
1718334000,3,0
1718337600,3,0
1718341200,3,0
1718344800,3,0
1718348400,3,0
1718352000,3,0
1718355600,2,1
1718359200,2,1
1718362800,2,1
1718366400,2,1
1718370000,2,1
1718373600,2,1
1718377200,2,1
1718380800,2,1
1718384400,2,1
1718388000,2,1
1718391600,2,1
1718395200,2,1
1718398800,2,1
1718402400,2,1
1718406000,1,0
1718586000,1,0
1718589600,1,0
1718593200,1,0
1718596800,1,0
1718600400,1,0
1718604000,1,0
1718607600,1,0
1718611200,1,0
1718614800,1,0
1718618400,1,0
1718622000,1,0
1718625600,1,0
1718629200,1,0
1718632800,1,0
1718636400,1,0
1718640000,1,0
1718643600,1,0
1718647200,3,0
1718650800,1,0
1718654400,1,0
1718658000,1,0
1718661600,1,0
1718665200,1,0
1718672400,1,0
1718676000,1,0
1718679600,1,0
1718683200,1,0
1718686800,1,0
1718690400,1,0
1718694000,1,0
1718697600,1,0
1718701200,1,0
1718704800,1,0
1718708400,1,0
1718712000,1,0
1718715600,1,0
1718719200,1,0
1718722800,3,0
1718726400,3,0
1718730000,3,0
1718733600,3,0
1718737200,1,0
1718740800,1,0
1718744400,1,0
1718748000,1,0
1718751600,1,0
1718758800,1,0
1718762400,1,0
1718766000,1,0
1718769600,1,0
1718773200,1,0
1718776800,1,0
1718866800,1,0
1718870400,1,0
1718874000,1,0
1718877600,1,0
1718881200,1,0
1718884800,1,0
1718888400,1,0
1718892000,1,0
1718895600,1,0
1718899200,2,1
1718902800,2,1
1718906400,2,1
1718910000,2,1
1718913600,2,1
1718917200,2,1
1718920800,2,1
1718924400,2,1
1718931600,2,1
1718935200,2,1
1718938800,2,1
1718942400,2,1
1718946000,2,1
1718949600,2,1
1718953200,2,1
1718956800,2,1
1718960400,2,1
1718964000,2,1
1718967600,2,1
1718971200,2,1
1718974800,2,1
1718978400,2,1
1718982000,2,1
1718985600,0,1
1718989200,3,0
1718992800,3,0
1718996400,3,0
1719000000,3,0
1719003600,3,0
1719007200,3,0
1719010800,3,0
1719190800,3,0
1719194400,3,0
1719198000,3,0
1719201600,3,0
1719205200,3,0
1719208800,3,0
1719212400,3,0
1719216000,3,0
1719219600,3,0
1719223200,3,0
1719226800,3,0
1719230400,3,0
1719234000,3,0
1719237600,3,0
1719241200,3,0
1719244800,3,0
1719248400,1,0
1719252000,1,0
1719255600,1,0
1719259200,1,0
1719262800,1,0
1719266400,1,0
1719270000,1,0
1719277200,1,0
1719280800,1,0
1719284400,1,0
1719288000,1,0
1719291600,1,0
1719295200,1,0
1719298800,1,0
1719302400,1,0
1719306000,1,0
1719309600,1,0
1719313200,1,0
1719316800,1,0
1719320400,1,0
1719324000,1,0
1719327600,1,0
1719331200,1,0
1719334800,1,0
1719338400,3,0
1719342000,3,0
1719345600,3,0
1719349200,3,0
1719352800,3,0
1719356400,3,0
1719363600,3,0
1719367200,3,0
1719370800,3,0
1719374400,3,0
1719378000,3,0
1719381600,1,0
1719385200,1,0
1719388800,1,0
1719392400,1,0
1719396000,1,0
1719399600,1,0
1719403200,1,0
1719406800,3,0
1719410400,3,0
1719414000,3,0
1719417600,3,0
1719421200,3,0
1719424800,3,0
1719428400,3,0
1719432000,3,0
1719435600,3,0
1719439200,3,0
1719442800,3,0
1719450000,3,0
1719453600,3,0
1719457200,3,0
1719460800,3,0
1719464400,3,0
1719468000,1,0
1719471600,1,0
1719475200,1,0
1719478800,1,0
1719482400,1,0
1719486000,1,0
1719489600,1,0
1719493200,1,0
1719496800,1,0
1719500400,2,1
1719504000,2,1
1719507600,2,1
1719511200,2,1
1719514800,1,0
1719518400,1,0
1719522000,1,0
1719525600,1,0
1719529200,1,0
1719536400,1,0
1719540000,1,0
1719543600,1,0
1719547200,1,0
1719550800,1,0
1719554400,1,0
1719558000,1,0
1719561600,1,0
1719565200,1,0
1719568800,1,0
1719572400,1,0
1719576000,1,0
1719579600,1,0
1719583200,1,0
1719586800,1,0
1719590400,1,0
1719594000,1,0
1719597600,1,0
1719601200,1,0
1719604800,1,0
1719608400,1,0
1719612000,1,0
1719615600,1,0
1719795600,1,0
1719799200,1,0
1719802800,1,0
1719806400,1,0
1719810000,1,0
1719813600,1,0
1719817200,1,0
1719820800,1,0
1719824400,1,0
1719828000,1,0
1719831600,1,0
1719835200,1,0
1719838800,1,0
1719842400,1,0
1719846000,3,0
1719849600,3,0
1719853200,3,0
1719856800,1,0
1719860400,1,0
1719864000,1,0
1719867600,1,0
1719871200,1,0
1719874800,1,0
1719882000,1,0
1719885600,1,0
1719889200,1,0
1719892800,1,0
1719896400,1,0
1719900000,1,0
1719903600,1,0
1719907200,1,0
1719910800,1,0
1719914400,1,0
1719918000,1,0
1719921600,1,0
1719925200,1,0
1719928800,1,0
1719932400,1,0
1719936000,1,0
1719939600,1,0
1719943200,1,0
1719946800,1,0
1719950400,1,0
1719954000,1,0
1719957600,1,0
1719961200,1,0
1719968400,1,0
1719972000,1,0
1719975600,1,0
1719979200,1,0
1719982800,1,0
1719986400,1,0
1720024200,2,1
1720027800,2,1
1720031400,2,1
1720035000,2,1
1720162800,2,1
1720166400,2,1
1720170000,2,1
1720173600,2,1
1720177200,2,1
1720180800,2,1
1720184400,2,1
1720188000,2,1
1720191600,2,1
1720195200,2,1
1720198800,2,1
1720202400,2,1
1720206000,2,1
1720209600,2,1
1720213200,2,1
1720216800,2,1
1720220400,2,1
1720400400,2,1
1720404000,2,1
1720407600,2,1
1720411200,2,1
1720414800,2,1
1720418400,1,0
1720422000,1,0
1720425600,1,0
1720429200,1,0
1720432800,1,0
1720436400,1,0
1720440000,1,0
1720443600,1,0
1720447200,1,0
1720450800,1,0
1720454400,1,0
1720458000,1,0
1720461600,3,0
1720465200,3,0
1720468800,3,0
1720472400,3,0
1720476000,3,0
1720479600,3,0
1720486800,3,0
1720490400,3,0
1720494000,3,0
1720497600,3,0
1720501200,1,0
1720504800,1,0
1720508400,1,0
1720512000,1,0
1720515600,1,0
1720519200,1,0
1720522800,1,0
1720526400,1,0
1720530000,1,0
1720533600,1,0
1720537200,1,0
1720540800,1,0
1720544400,3,0
1720548000,3,0
1720551600,3,0
1720555200,1,0
1720558800,1,0
1720562400,1,0
1720566000,1,0
1720573200,1,0
1720576800,1,0
1720580400,1,0
1720584000,1,0
1720587600,1,0
1720591200,1,0
1720594800,1,0
1720598400,1,0
1720602000,1,0
1720605600,1,0
1720609200,1,0
1720612800,1,0
1720616400,1,0
1720620000,1,0
1720623600,1,0
1720627200,1,0
1720630800,1,0
1720634400,1,0
1720638000,1,0
1720641600,1,0
1720645200,1,0
1720648800,1,0
1720652400,1,0
1720659600,1,0
1720663200,1,0
1720666800,1,0
1720670400,1,0
1720674000,1,0
1720677600,1,0
1720681200,1,0
1720684800,1,0
1720688400,1,0
1720692000,1,0
1720695600,1,0
1720699200,1,0
1720702800,1,0
1720706400,1,0
1720710000,0,1
1720713600,2,1
1720717200,2,1
1720720800,2,1
1720724400,2,1
1720728000,2,1
1720731600,2,1
1720735200,2,1
1720738800,2,1
1720746000,2,1
1720749600,2,1
1720753200,2,1
1720756800,2,1
1720760400,2,1
1720764000,2,1
1720767600,2,1
1720771200,2,1
1720774800,2,1
1720778400,2,1
1720782000,2,1
1720785600,3,0
1720789200,3,0
1720792800,3,0
1720796400,3,0
1720800000,1,0
1720803600,1,0
1720807200,1,0
1720810800,1,0
1720814400,1,0
1720818000,1,0
1720821600,1,0
1720825200,1,0
1721005200,1,0
1721008800,1,0
1721012400,1,0
1721016000,1,0
1721019600,1,0
1721023200,1,0
1721026800,1,0
1721030400,1,0
1721034000,1,0
1721037600,1,0
1721041200,1,0
1721044800,1,0
1721048400,1,0
1721052000,1,0
1721055600,1,0
1721059200,1,0
1721062800,2,1
1721066400,2,1
1721070000,2,1
1721073600,2,1
1721077200,2,1
1721080800,2,1
1721084400,1,0
1721091600,1,0
1721095200,1,0
1721098800,1,0
1721102400,1,0
1721106000,1,0
1721109600,1,0
1721113200,1,0
1721116800,1,0
1721120400,1,0
1721124000,1,0
1721127600,1,0
1721131200,2,1
1721134800,2,1
1721138400,2,1
1721142000,2,1
1721145600,2,1
1721149200,2,1
1721152800,2,1
1721156400,2,1
1721160000,2,1
1721163600,2,1
1721167200,2,1
1721170800,2,1
1721178000,2,1
1721181600,2,1
1721185200,2,1
1721188800,2,1
1721192400,2,1
1721196000,2,1
1721199600,2,1
1721203200,2,1
1721206800,2,1
1721210400,2,1
1721214000,2,1
1721217600,2,1
1721221200,2,1
1721224800,2,1
1721228400,2,1
1721232000,2,1
1721235600,2,1
1721239200,2,1
1721242800,3,0
1721246400,3,0
1721250000,3,0
1721253600,3,0
1721257200,3,0
1721264400,3,0
1721268000,3,0
1721271600,3,0
1721275200,3,0
1721278800,2,1
1721282400,2,1
1721286000,2,1
1721289600,2,1
1721293200,2,1
1721296800,2,1
1721300400,2,1
1721304000,2,1
1721307600,2,1
1721311200,3,0
1721314800,3,0
1721318400,3,0
1721322000,3,0
1721325600,3,0
1721329200,3,0
1721332800,3,0
1721336400,3,0
1721340000,3,0
1721343600,3,0
1721350800,3,0
1721354400,3,0
1721358000,3,0
1721361600,3,0
1721365200,3,0
1721368800,3,0
1721372400,3,0
1721376000,3,0
1721379600,3,0
1721383200,3,0
1721386800,3,0
1721390400,3,0
1721394000,3,0
1721397600,3,0
1721401200,3,0
1721404800,3,0
1721408400,3,0
1721412000,3,0
1721415600,3,0
1721419200,3,0
1721422800,3,0
1721426400,3,0
1721430000,3,0
1721610000,3,0
1721613600,3,0
1721617200,3,0
1721620800,3,0
1721624400,3,0
1721628000,3,0
1721631600,3,0
1721635200,3,0
1721638800,3,0
1721642400,3,0
1721646000,3,0
1721649600,3,0
1721653200,3,0
1721656800,3,0
1721660400,3,0
1721664000,3,0
1721667600,3,0
1721671200,3,0
1721674800,3,0
1721678400,3,0
1721682000,3,0
1721685600,3,0
1721689200,3,0
1721696400,3,0
1721700000,3,0
1721703600,1,0
1721707200,1,0
1721710800,1,0
1721714400,1,0
1721718000,1,0
1721721600,1,0
1721725200,1,0
1721728800,1,0
1721732400,1,0
1721736000,1,0
1721739600,1,0
1721743200,1,0
1721746800,1,0
1721750400,1,0
1721754000,1,0
1721757600,1,0
1721761200,1,0
1721764800,1,0
1721768400,1,0
1721772000,1,0
1721775600,1,0
1721782800,1,0
1721786400,1,0
1721790000,1,0
1721793600,1,0
1721797200,1,0
1721800800,1,0
1721804400,1,0
1721808000,1,0
1721811600,1,0
1721815200,1,0
1721818800,1,0
1721822400,1,0
1721826000,1,0
1721829600,1,0
1721833200,1,0
1721836800,2,1
1721840400,2,1
1721844000,2,1
1721847600,3,0
1721851200,3,0
1721854800,3,0
1721858400,3,0
1721862000,3,0
1721869200,3,0
1721872800,3,0
1721876400,0,1
1721880000,0,1
1721883600,0,1
1721887200,0,1
1721890800,0,1
1721894400,0,1
1721898000,0,1
1721901600,0,1
1721905200,0,1
1721908800,0,1
1721912400,0,1
1721916000,0,1
1721919600,0,1
1721923200,0,1
1721926800,0,1
1721930400,3,0
1721934000,3,0
1721937600,3,0
1721941200,3,0
1721944800,3,0
1721948400,3,0
1721955600,3,0
1721959200,3,0
1721962800,3,0
1721966400,3,0
1721970000,3,0
1721973600,3,0
1721977200,3,0
1721980800,3,0
1721984400,3,0
1721988000,3,0
1721991600,3,0
1721995200,3,0
1721998800,3,0
1722002400,3,0
1722006000,3,0
1722009600,3,0
1722013200,3,0
1722016800,1,0
1722020400,1,0
1722024000,1,0
1722027600,1,0
1722031200,1,0
1722034800,1,0
1722214800,2,1
1722218400,2,1
1722222000,2,1
1722225600,2,1
1722229200,1,0
1722232800,1,0
1722236400,1,0
1722240000,1,0
1722243600,1,0
1722247200,1,0
1722250800,1,0
1722254400,1,0
1722258000,1,0
1722261600,1,0
1722265200,1,0
1722268800,1,0
1722272400,3,0
1722276000,3,0
1722279600,3,0
1722283200,3,0
1722286800,3,0
1722290400,3,0
1722294000,3,0
1722301200,1,0
1722304800,1,0
1722308400,1,0
1722312000,1,0
1722315600,1,0
1722319200,1,0
1722322800,1,0
1722326400,1,0
1722330000,1,0
1722333600,0,1
1722337200,0,1
1722340800,0,1
1722344400,0,1
1722348000,0,1
1722351600,0,1
1722355200,0,1
1722358800,0,1
1722362400,0,1
1722366000,0,1
1722369600,0,1
1722373200,0,1
1722376800,0,1
1722380400,0,1
1722387600,0,1
1722391200,0,1
1722394800,0,1
1722398400,0,1
1722402000,0,1
1722405600,0,1
1722409200,0,1
1722412800,0,1
1722416400,0,1
1722420000,0,1
1722423600,2,1
1722427200,2,1
1722430800,2,1
1722434400,2,1
1722438000,2,1
1722441600,2,1
1722445200,2,1
1722448800,2,1
1722452400,2,1
1722456000,2,1
1722459600,2,1
1722463200,2,1
1722466800,2,1
1722474000,2,1
1722477600,2,1
1722481200,2,1
1722484800,2,1
1722488400,2,1
1722492000,2,1
1722495600,2,1
1722499200,2,1
1722502800,2,1
1722506400,2,1
1722510000,2,1
1722513600,2,1
1722517200,2,1
1722520800,2,1
1722524400,2,1
1722528000,2,1
1722531600,2,1
1722535200,2,1
1722538800,2,1
1722542400,2,1
1722546000,2,1
1722549600,2,1
1722553200,2,1
1722560400,2,1
1722564000,2,1
1722567600,2,1
1722571200,2,1
1722574800,2,1
1722578400,2,1
1722582000,2,1
1722585600,2,1
1722589200,2,1
1722592800,2,1
1722596400,2,1
1722600000,2,1
1722603600,2,1
1722607200,2,1
1722610800,2,1
1722614400,2,1
1722618000,0,1
1722621600,0,1
1722625200,0,1
1722628800,0,1
1722632400,0,1
1722636000,0,1
1722639600,0,1
1722819600,0,1
1722823200,0,1
1722826800,0,1
1722830400,0,1
1722834000,0,1
1722837600,0,1
1722841200,0,1
1722844800,0,1
1722848400,0,1
1722852000,0,1
1722855600,0,1
1722859200,0,1
1722862800,0,1
1722866400,0,1
1722870000,0,1
1722873600,0,1
1722877200,0,1
1722880800,0,1
1722884400,0,1
1722888000,0,1
1722891600,0,1
1722895200,0,1
1722898800,0,1
1722906000,0,1
1722909600,0,1
1722913200,0,1
1722916800,0,1
1722920400,0,1
1722924000,0,1
1722927600,0,1
1722931200,0,1
1722934800,0,1
1722938400,0,1
1722942000,0,1
1722945600,0,1
1722949200,0,1
1722952800,0,1
1722956400,0,1
1722960000,3,0
1722963600,3,0
1722967200,3,0
1722970800,3,0
1722974400,3,0
1722978000,3,0
1722981600,3,0
1722985200,3,0
1722992400,3,0
1722996000,3,0
1722999600,3,0
1723003200,3,0
1723006800,3,0
1723010400,3,0
1723014000,3,0
1723017600,3,0
1723021200,3,0
1723024800,3,0
1723028400,3,0
1723032000,3,0
1723035600,3,0
1723039200,3,0
1723042800,3,0
1723046400,3,0
1723050000,3,0
1723053600,3,0
1723057200,3,0
1723060800,3,0
1723064400,3,0
1723068000,3,0
1723071600,3,0
1723078800,3,0
1723082400,3,0
1723086000,3,0
1723089600,3,0
1723093200,3,0
1723096800,3,0
1723100400,1,0
1723104000,1,0
1723107600,1,0
1723111200,1,0
1723114800,1,0
1723118400,1,0
1723122000,2,1
1723125600,2,1
1723129200,2,1
1723132800,2,1
1723136400,2,1
1723140000,2,1
1723143600,2,1
1723147200,2,1
1723150800,2,1
1723154400,2,1
1723158000,2,1
1723165200,2,1
1723168800,2,1
1723172400,2,1
1723176000,2,1
1723179600,1,0
1723183200,1,0
1723186800,1,0
1723190400,1,0
1723194000,1,0
1723197600,1,0
1723201200,1,0
1723204800,1,0
1723208400,1,0
1723212000,1,0
1723215600,1,0
1723219200,1,0
1723222800,1,0
1723226400,1,0
1723230000,1,0
1723233600,1,0
1723237200,1,0
1723240800,1,0
1723244400,1,0
1723424400,1,0
1723428000,1,0
1723431600,1,0
1723435200,1,0
1723438800,1,0
1723442400,1,0
1723446000,1,0
1723449600,1,0
1723453200,1,0
1723456800,1,0
1723460400,1,0
1723464000,1,0
1723467600,1,0
1723471200,1,0
1723474800,1,0
1723478400,2,1
1723482000,2,1
1723485600,2,1
1723489200,2,1
1723492800,2,1
1723496400,2,1
1723500000,2,1
1723503600,2,1
1723510800,2,1
1723514400,2,1
1723518000,2,1
1723521600,2,1
1723525200,1,0
1723528800,1,0
1723532400,1,0
1723536000,1,0
1723539600,1,0
1723543200,1,0
1723546800,1,0
1723550400,1,0
1723554000,1,0
1723557600,1,0
1723561200,1,0
1723564800,2,1
1723568400,2,1
1723572000,1,0
1723575600,1,0
1723579200,1,0
1723582800,1,0
1723586400,1,0
1723590000,1,0
1723597200,1,0
1723600800,1,0
1723604400,1,0
1723608000,1,0
1723611600,1,0
1723615200,1,0
1723618800,1,0
1723622400,1,0
1723626000,1,0
1723629600,1,0
1723633200,1,0
1723636800,1,0
1723640400,1,0
1723644000,1,0
1723647600,3,0
1723651200,3,0
1723654800,3,0
1723658400,3,0
1723662000,3,0
1723665600,3,0
1723669200,3,0
1723672800,3,0
1723676400,3,0
1723683600,3,0
1723687200,3,0
1723690800,3,0
1723694400,3,0
1723698000,3,0
1723701600,1,0
1723705200,1,0
1723708800,1,0
1723712400,1,0
1723716000,1,0
1723719600,1,0
1723723200,1,0
1723726800,1,0
1723730400,1,0
1723734000,0,1
1723737600,3,0
1723741200,3,0
1723744800,3,0
1723748400,3,0
1723752000,3,0
1723755600,3,0
1723759200,3,0
1723762800,3,0
1723770000,3,0
1723773600,3,0
1723777200,3,0
1723780800,3,0
1723784400,3,0
1723788000,3,0
1723791600,3,0
1723795200,3,0
1723798800,3,0
1723802400,2,1
1723806000,2,1
1723809600,2,1
1723813200,2,1
1723816800,2,1
1723820400,2,1
1723824000,2,1
1723827600,2,1
1723831200,2,1
1723834800,2,1
1723838400,2,1
1723842000,2,1
1723845600,2,1
1723849200,2,1
1724029200,2,1
1724032800,2,1
1724036400,2,1
1724040000,2,1
1724043600,2,1
1724047200,2,1
1724050800,2,1
1724054400,2,1
1724058000,2,1
1724061600,2,1
1724065200,2,1
1724068800,2,1
1724072400,2,1
1724076000,2,1
1724079600,2,1
1724083200,2,1
1724086800,2,1
1724090400,1,0
1724094000,1,0
1724097600,1,0
1724101200,1,0
1724104800,1,0
1724108400,1,0
1724115600,1,0
1724119200,1,0
1724122800,1,0
1724126400,1,0
1724130000,1,0
1724133600,1,0
1724137200,1,0
1724140800,1,0
1724144400,1,0
1724148000,2,1
1724151600,2,1
1724155200,2,1
1724158800,2,1
1724162400,2,1
1724166000,2,1
1724169600,2,1
1724173200,2,1
1724176800,2,1
1724180400,2,1
1724184000,3,0
1724187600,3,0
1724191200,3,0
1724194800,3,0
1724202000,3,0
1724205600,3,0
1724209200,3,0
1724212800,3,0
1724216400,1,0
1724220000,1,0
1724223600,1,0
1724227200,1,0
1724230800,1,0
1724234400,1,0
1724238000,1,0
1724241600,1,0
1724245200,1,0
1724248800,1,0
1724252400,1,0
1724256000,3,0
1724259600,3,0
1724263200,3,0
1724266800,1,0
1724270400,1,0
1724274000,1,0
1724277600,1,0
1724281200,1,0
1724288400,1,0
1724292000,1,0
1724295600,1,0
1724299200,1,0
1724302800,1,0
1724306400,1,0
1724310000,1,0
1724313600,1,0
1724317200,1,0
1724320800,1,0
1724324400,1,0
1724328000,1,0
1724331600,1,0
1724335200,1,0
1724338800,3,0
1724342400,3,0
1724346000,3,0
1724349600,3,0
1724353200,3,0
1724356800,3,0
1724360400,3,0
1724364000,3,0
1724367600,3,0
1724374800,3,0
1724378400,3,0
1724382000,3,0
1724385600,3,0
1724389200,1,0
1724392800,1,0
1724396400,1,0
1724400000,1,0
1724403600,1,0
1724407200,1,0
1724410800,1,0
1724414400,1,0
1724418000,1,0
1724421600,1,0
1724425200,1,0
1724428800,1,0
1724432400,2,1
1724436000,2,1
1724439600,1,0
1724443200,1,0
1724446800,1,0
1724450400,1,0
1724454000,1,0
1724634000,1,0
1724637600,1,0
1724641200,1,0
1724644800,1,0
1724648400,1,0
1724652000,1,0
1724655600,1,0
1724659200,1,0
1724662800,1,0
1724666400,1,0
1724670000,1,0
1724673600,1,0
1724677200,1,0
1724680800,1,0
1724684400,1,0
1724688000,1,0
1724691600,1,0
1724695200,1,0
1724698800,1,0
1724702400,1,0
1724706000,1,0
1724709600,1,0
1724713200,1,0
1724720400,1,0
1724724000,1,0
1724727600,1,0
1724731200,1,0
1724734800,1,0
1724738400,1,0
1724742000,1,0
1724745600,1,0
1724749200,1,0
1724752800,1,0
1724756400,1,0
1724760000,1,0
1724763600,1,0
1724767200,1,0
1724770800,1,0
1724774400,1,0
1724778000,1,0
1724781600,1,0
1724785200,1,0
1724788800,1,0
1724792400,1,0
1724796000,1,0
1724799600,1,0
1724806800,1,0
1724810400,1,0
1724814000,1,0
1724817600,1,0
1724821200,1,0
1724824800,1,0
1724828400,1,0
1724832000,3,0
1724835600,3,0
1724839200,1,0
1724842800,1,0
1724846400,1,0
1724850000,1,0
1724853600,1,0
1724857200,1,0
1724860800,1,0
1724864400,1,0
1724868000,1,0
1724871600,1,0
1724875200,1,0
1724878800,1,0
1724882400,1,0
1724886000,1,0
1724893200,1,0
1724896800,1,0
1724900400,1,0
1724904000,1,0
1724907600,1,0
1724911200,1,0
1724914800,1,0
1724918400,1,0
1724922000,1,0
1724925600,1,0
1724929200,1,0
1724932800,1,0
1724936400,1,0
1724940000,1,0
1724943600,1,0
1724947200,1,0
1724950800,1,0
1724954400,1,0
1724958000,1,0
1724961600,1,0
1724965200,1,0
1724968800,1,0
1724972400,1,0
1724979600,1,0
1724983200,1,0
1724986800,1,0
1724990400,1,0
1724994000,1,0
1724997600,1,0
1725001200,1,0
1725004800,1,0
1725008400,1,0
1725012000,1,0
1725015600,1,0
1725019200,1,0
1725022800,1,0
1725026400,1,0
1725030000,1,0
1725033600,1,0
1725037200,3,0
1725040800,3,0
1725044400,3,0
1725048000,3,0
1725051600,3,0
1725055200,3,0
1725058800,3,0
1725238800,3,0
1725242400,3,0
1725246000,3,0
1725249600,3,0
1725253200,3,0
1725256800,3,0
1725346800,1,0
1725350400,1,0
1725354000,1,0
1725357600,1,0
1725361200,1,0
1725364800,1,0
1725368400,1,0
1725372000,3,0
1725375600,3,0
1725379200,3,0
1725382800,3,0
1725386400,3,0
1725390000,3,0
1725393600,3,0
1725397200,3,0
1725400800,3,0
1725404400,3,0
1725411600,3,0
1725415200,3,0
1725418800,3,0
1725422400,3,0
1725426000,3,0
1725429600,3,0
1725433200,3,0
1725436800,3,0
1725440400,3,0
1725444000,3,0
1725447600,3,0
1725451200,3,0
1725454800,3,0
1725458400,3,0
1725462000,3,0
1725465600,3,0
1725469200,3,0
1725472800,3,0
1725476400,3,0
1725480000,3,0
1725483600,3,0
1725487200,3,0
1725490800,1,0
1725498000,1,0
1725501600,1,0
1725505200,1,0
1725508800,1,0
1725512400,1,0
1725516000,1,0
1725519600,1,0
1725523200,1,0
1725526800,1,0
1725530400,1,0
1725534000,1,0
1725537600,1,0
1725541200,1,0
1725544800,1,0
1725548400,1,0
1725552000,1,0
1725555600,1,0
1725559200,1,0
1725562800,1,0
1725566400,1,0
1725570000,1,0
1725573600,1,0
1725577200,1,0
1725584400,1,0
1725588000,1,0
1725591600,1,0
1725595200,1,0
1725598800,1,0
1725602400,1,0
1725606000,1,0
1725609600,1,0
1725613200,1,0
1725616800,1,0
1725620400,1,0
1725624000,1,0
1725627600,1,0
1725631200,1,0
1725634800,2,1
1725638400,3,0
1725642000,3,0
1725645600,3,0
1725649200,3,0
1725652800,3,0
1725656400,3,0
1725660000,3,0
1725663600,3,0
1725843600,3,0
1725847200,3,0
1725850800,3,0
1725854400,3,0
1725858000,3,0
1725861600,3,0
1725865200,3,0
1725868800,3,0
1725872400,3,0
1725876000,3,0
1725879600,3,0
1725883200,3,0
1725886800,3,0
1725890400,3,0
1725894000,3,0
1725897600,3,0
1725901200,3,0
1725904800,1,0
1725908400,1,0
1725912000,1,0
1725915600,1,0
1725919200,1,0
1725922800,1,0
1725930000,1,0
1725933600,1,0
1725937200,1,0
1725940800,1,0
1725944400,1,0
1725948000,1,0
1725951600,1,0
1725955200,1,0
1725958800,1,0
1725962400,1,0
1725966000,1,0
1725969600,1,0
1725973200,1,0
1725976800,1,0
1725980400,1,0
1725984000,1,0
1725987600,1,0
1725991200,1,0
1725994800,1,0
1725998400,1,0
1726002000,1,0
1726005600,1,0
1726009200,1,0
1726016400,1,0
1726020000,1,0
1726023600,1,0
1726027200,1,0
1726030800,1,0
1726034400,1,0
1726038000,1,0
1726041600,1,0
1726045200,1,0
1726048800,1,0
1726052400,1,0
1726056000,1,0
1726059600,1,0
1726063200,1,0
1726066800,3,0
1726070400,3,0
1726074000,1,0
1726077600,1,0
1726081200,1,0
1726084800,1,0
1726088400,1,0
1726092000,1,0
1726095600,1,0
1726102800,1,0
1726106400,1,0
1726110000,1,0
1726113600,1,0
1726117200,1,0
1726120800,1,0
1726124400,1,0
1726128000,1,0
1726131600,1,0
1726135200,1,0
1726138800,1,0
1726142400,1,0
1726146000,1,0
1726149600,1,0
1726153200,2,1
1726156800,2,1
1726160400,2,1
1726164000,2,1
1726167600,2,1
1726171200,2,1
1726174800,2,1
1726178400,2,1
1726182000,2,1
1726189200,2,1
1726192800,2,1
1726196400,2,1
1726200000,2,1
1726203600,2,1
1726207200,2,1
1726210800,2,1
1726214400,2,1
1726218000,2,1
1726221600,2,1
1726225200,2,1
1726228800,2,1
1726232400,2,1
1726236000,2,1
1726239600,2,1
1726243200,2,1
1726246800,2,1
1726250400,2,1
1726254000,2,1
1726257600,2,1
1726261200,2,1
1726264800,2,1
1726268400,1,0
1726448400,1,0
1726452000,1,0
1726455600,1,0
1726459200,1,0
1726462800,1,0
1726466400,1,0
1726470000,1,0
1726473600,1,0
1726477200,1,0
1726480800,1,0
1726484400,1,0
1726488000,1,0
1726491600,1,0
1726495200,1,0
1726498800,1,0
1726502400,1,0
1726506000,1,0
1726509600,1,0
1726513200,1,0
1726516800,1,0
1726520400,1,0
1726524000,1,0
1726527600,1,0
1726534800,1,0
1726538400,1,0
1726542000,1,0
1726545600,1,0
1726549200,1,0
1726552800,1,0
1726556400,1,0
1726560000,1,0
1726563600,1,0
1726567200,1,0
1726570800,1,0
1726574400,1,0
1726578000,1,0
1726581600,1,0
1726585200,1,0
1726588800,1,0
1726592400,1,0
1726596000,3,0
1726599600,3,0
1726603200,3,0
1726606800,3,0
1726610400,3,0
1726614000,3,0
1726621200,3,0
1726624800,1,0
1726628400,1,0
1726632000,1,0
1726635600,1,0
1726639200,1,0
1726642800,1,0
1726646400,1,0
1726650000,1,0
1726653600,1,0
1726657200,1,0
1726660800,1,0
1726664400,1,0
1726668000,1,0
1726671600,1,0
1726675200,1,0
1726678800,1,0
1726682400,1,0
1726686000,1,0
1726689600,1,0
1726693200,0,1
1726696800,0,1
1726700400,3,0
1726707600,3,0
1726711200,3,0
1726714800,3,0
1726718400,3,0
1726722000,3,0
1726725600,3,0
1726729200,3,0
1726732800,3,0
1726736400,2,1
1726740000,2,1
1726743600,2,1
1726747200,2,1
1726750800,2,1
1726754400,2,1
1726758000,2,1
1726761600,2,1
1726765200,2,1
1726768800,2,1
1726772400,2,1
1726776000,2,1
1726779600,2,1
1726783200,2,1
1726786800,2,1
1726794000,2,1
1726797600,2,1
1726801200,2,1
1726804800,1,0
1726808400,1,0
1726812000,1,0
1726815600,1,0
1726819200,1,0
1726822800,2,1
1726826400,2,1
1726830000,2,1
1726833600,2,1
1726837200,2,1
1726840800,2,1
1726844400,2,1
1726848000,2,1
1726851600,2,1
1726855200,2,1
1726858800,2,1
1726862400,2,1
1726866000,2,1
1726869600,2,1
1726873200,2,1
1727053200,2,1
1727056800,1,0
1727060400,1,0
1727064000,1,0
1727067600,1,0
1727071200,1,0
1727074800,1,0
1727078400,1,0
1727082000,1,0
1727085600,1,0
1727089200,1,0
1727092800,1,0
1727096400,1,0
1727100000,1,0
1727103600,1,0
1727107200,1,0
1727110800,1,0
1727114400,1,0
1727118000,1,0
1727121600,1,0
1727125200,1,0
1727128800,1,0
1727132400,1,0
1727139600,1,0
1727143200,1,0
1727146800,1,0
1727150400,1,0
1727154000,1,0
1727157600,1,0
1727161200,1,0
1727164800,1,0
1727168400,1,0
1727172000,1,0
1727175600,1,0
1727179200,1,0
1727182800,1,0
1727186400,1,0
1727190000,1,0
1727193600,1,0
1727197200,2,1
1727200800,2,1
1727204400,2,1
1727208000,2,1
1727211600,2,1
1727215200,2,1
1727218800,2,1
1727226000,2,1
1727229600,2,1
1727233200,2,1
1727236800,2,1
1727240400,2,1
1727244000,2,1
1727247600,2,1
1727251200,2,1
1727254800,1,0
1727258400,1,0
1727262000,1,0
1727265600,1,0
1727269200,1,0
1727272800,1,0
1727276400,1,0
1727280000,1,0
1727283600,1,0
1727287200,1,0
1727290800,1,0
1727294400,1,0
1727298000,1,0
1727301600,1,0
1727305200,1,0
1727312400,1,0
1727316000,1,0
1727319600,1,0
1727323200,1,0
1727326800,1,0
1727330400,1,0
1727334000,1,0
1727337600,1,0
1727341200,1,0
1727344800,1,0
1727348400,1,0
1727352000,1,0
1727355600,1,0
1727359200,2,1
1727362800,2,1
1727366400,2,1
1727370000,2,1
1727373600,2,1
1727377200,2,1
1727380800,2,1
1727384400,2,1
1727388000,2,1
1727391600,2,1
1727398800,2,1
1727402400,2,1
1727406000,2,1
1727409600,2,1
1727413200,1,0
1727416800,1,0
1727420400,1,0
1727424000,1,0
1727427600,1,0
1727431200,1,0
1727434800,1,0
1727438400,1,0
1727442000,1,0
1727445600,1,0
1727449200,1,0
1727452800,1,0
1727456400,3,0
1727460000,3,0
1727463600,3,0
1727467200,3,0
1727470800,3,0
1727474400,3,0
1727478000,3,0
1727658000,3,0
1727661600,3,0
1727665200,3,0
1727668800,3,0
1727672400,3,0
1727676000,3,0
1727679600,3,0
1727683200,3,0
1727686800,3,0
1727690400,3,0
1727694000,3,0
1727697600,3,0
1727701200,3,0
1727704800,3,0
1727708400,3,0
1727712000,3,0
1727715600,3,0
1727719200,3,0
1727722800,3,0
1727726400,3,0
1727730000,3,0
1727733600,3,0
1727737200,3,0
1727744400,3,0
1727748000,3,0
1727751600,3,0
1727755200,1,0
1727758800,1,0
1727762400,1,0
1727766000,1,0
1727769600,1,0
1727773200,1,0
1727776800,1,0
1727780400,1,0
1727784000,1,0
1727787600,1,0
1727791200,1,0
1727794800,1,0
1727798400,2,1
1727802000,2,1
1727805600,2,1
1727809200,2,1
1727812800,2,1
1727816400,2,1
1727820000,2,1
1727823600,2,1
1727830800,2,1
1727834400,2,1
1727838000,3,0
1727841600,3,0
1727845200,3,0
1727848800,3,0
1727852400,3,0
1727856000,3,0
1727859600,3,0
1727863200,3,0
1727866800,3,0
1727870400,3,0
1727874000,3,0
1727877600,3,0
1727881200,3,0
1727884800,3,0
1727888400,3,0
1727892000,3,0
1727895600,1,0
1727899200,1,0
1727902800,1,0
1727906400,1,0
1727910000,1,0
1727917200,1,0
1727920800,1,0
1727924400,1,0
1727928000,1,0
1727931600,1,0
1727935200,1,0
1727938800,1,0
1727942400,1,0
1727946000,1,0
1727949600,1,0
1727953200,1,0
1727956800,1,0
1727960400,1,0
1727964000,1,0
1727967600,3,0
1727971200,3,0
1727974800,3,0
1727978400,3,0
1727982000,3,0
1727985600,1,0
1727989200,1,0
1727992800,1,0
1727996400,1,0
1728003600,1,0
1728007200,1,0
1728010800,1,0
1728014400,1,0
1728018000,1,0
1728021600,1,0
1728025200,1,0
1728028800,1,0
1728032400,1,0
1728036000,1,0
1728039600,1,0
1728043200,1,0
1728046800,1,0
1728050400,1,0
1728054000,0,1
1728057600,3,0
1728061200,3,0
1728064800,3,0
1728068400,3,0
1728072000,3,0
1728075600,3,0
1728079200,3,0
1728082800,3,0
1728262800,3,0
1728266400,3,0
1728270000,3,0
1728273600,3,0
1728277200,3,0
1728280800,3,0
1728284400,3,0
1728288000,3,0
1728291600,3,0
1728295200,3,0
1728298800,3,0
1728302400,3,0
1728306000,3,0
1728309600,3,0
1728313200,3,0
1728316800,3,0
1728320400,3,0
1728324000,3,0
1728327600,3,0
1728331200,3,0
1728334800,3,0
1728338400,3,0
1728342000,3,0
1728349200,3,0
1728352800,3,0
1728356400,3,0
1728360000,3,0
1728363600,3,0
1728367200,3,0
1728370800,3,0
1728374400,3,0
1728378000,3,0
1728381600,3,0
1728385200,3,0
1728388800,3,0
1728392400,3,0
1728396000,3,0
1728399600,3,0
1728403200,3,0
1728406800,3,0
1728410400,3,0
1728414000,3,0
1728417600,3,0
1728421200,3,0
1728424800,3,0
1728428400,3,0
1728435600,3,0
1728439200,3,0
1728442800,3,0
1728446400,3,0
1728450000,3,0
1728453600,3,0
1728457200,3,0
1728460800,3,0
1728464400,3,0
1728468000,3,0
1728471600,3,0
1728475200,3,0
1728478800,3,0
1728482400,3,0
1728486000,3,0
1728489600,3,0
1728493200,3,0
1728496800,3,0
1728500400,3,0
1728504000,3,0
1728507600,3,0
1728511200,3,0
1728514800,3,0
1728522000,3,0
1728525600,1,0
1728529200,1,0
1728532800,1,0
1728536400,1,0
1728540000,1,0
1728543600,1,0
1728547200,1,0
1728550800,1,0
1728554400,1,0
1728558000,1,0
1728561600,1,0
1728565200,1,0
1728568800,1,0
1728572400,2,1
1728576000,2,1
1728579600,1,0
1728583200,1,0
1728586800,1,0
1728590400,1,0
1728594000,1,0
1728597600,1,0
1728601200,1,0
1728608400,1,0
1728612000,1,0
1728615600,1,0
1728619200,1,0
1728622800,1,0
1728626400,1,0
1728630000,1,0
1728633600,1,0
1728637200,1,0
1728640800,1,0
1728644400,1,0
1728648000,1,0
1728651600,1,0
1728655200,1,0
1728658800,1,0
1728662400,1,0
1728666000,1,0
1728669600,1,0
1728673200,1,0
1728676800,1,0
1728680400,1,0
1728684000,1,0
1728687600,1,0
1728867600,1,0
1728871200,1,0
1728874800,1,0
1728878400,1,0
1728882000,1,0
1728885600,1,0
1728889200,1,0
1728892800,1,0
1728896400,1,0
1728900000,1,0
1728903600,1,0
1728907200,1,0
1728910800,1,0
1728914400,1,0
1728918000,1,0
1728921600,1,0
1728925200,1,0
1728928800,1,0
1728932400,1,0
1728936000,1,0
1728939600,1,0
1728943200,1,0
1728946800,1,0
1728954000,1,0
1728957600,1,0
1728961200,1,0
1728964800,1,0
1728968400,1,0
1728972000,1,0
1728975600,1,0
1728979200,1,0
1728982800,1,0
1728986400,1,0
1728990000,1,0
1728993600,1,0
1728997200,1,0
1729000800,1,0
1729004400,1,0
1729008000,1,0
1729011600,2,1
1729015200,2,1
1729018800,1,0
1729022400,1,0
1729026000,1,0
1729029600,1,0
1729033200,1,0
1729040400,1,0
1729044000,1,0
1729047600,1,0
1729051200,1,0
1729054800,1,0
1729058400,1,0
1729062000,1,0
1729065600,1,0
1729069200,1,0
1729072800,1,0
1729076400,1,0
1729080000,1,0
1729083600,1,0
1729087200,1,0
1729090800,1,0
1729094400,1,0
1729098000,1,0
1729101600,1,0
1729105200,1,0
1729108800,1,0
1729112400,1,0
1729116000,1,0
1729119600,1,0
1729126800,1,0
1729130400,1,0
1729134000,1,0
1729137600,1,0
1729141200,1,0
1729144800,1,0
1729148400,1,0
1729152000,1,0
1729155600,1,0
1729159200,1,0
1729162800,1,0
1729166400,1,0
1729170000,1,0
1729173600,1,0
1729177200,1,0
1729180800,1,0
1729184400,1,0
1729188000,1,0
1729191600,1,0
1729195200,1,0
1729198800,1,0
1729202400,1,0
1729206000,1,0
1729213200,1,0
1729216800,1,0
1729220400,1,0
1729224000,1,0
1729227600,1,0
1729231200,1,0
1729234800,1,0
1729238400,1,0
1729242000,1,0
1729245600,1,0
1729249200,1,0
1729252800,1,0
1729256400,1,0
1729260000,1,0
1729263600,1,0
1729267200,1,0
1729270800,1,0
1729274400,1,0
1729278000,1,0
1729281600,1,0
1729285200,1,0
1729288800,1,0
1729292400,1,0
1729472400,1,0
1729476000,1,0
1729479600,1,0
1729483200,1,0
1729486800,1,0
1729490400,1,0
1729494000,1,0
1729497600,1,0
1729501200,1,0
1729504800,1,0
1729508400,1,0
1729512000,1,0
1729515600,1,0
1729519200,1,0
1729522800,1,0
1729526400,1,0
1729530000,1,0
1729533600,1,0
1729537200,1,0
1729540800,1,0
1729544400,1,0
1729548000,1,0
1729551600,1,0
1729558800,1,0
1729562400,1,0
1729566000,1,0
1729569600,1,0
1729573200,1,0
1729576800,1,0
1729580400,1,0
1729584000,1,0
1729587600,1,0
1729591200,1,0
1729594800,1,0
1729598400,1,0
1729602000,1,0
1729605600,1,0
1729609200,1,0
1729612800,1,0
1729616400,1,0
1729620000,1,0
1729623600,1,0
1729627200,1,0
1729630800,1,0
1729634400,1,0
1729638000,1,0
1729645200,1,0
1729648800,1,0
1729652400,1,0
1729656000,1,0
1729659600,1,0
1729663200,1,0
1729666800,1,0
1729670400,1,0
1729674000,1,0
1729677600,1,0
1729681200,1,0
1729684800,1,0
1729688400,1,0
1729692000,1,0
1729695600,1,0
1729699200,3,0
1729702800,3,0
1729706400,3,0
1729710000,3,0
1729713600,3,0
1729717200,3,0
1729720800,3,0
1729724400,3,0
1729731600,3,0
1729735200,3,0
1729738800,3,0
1729742400,3,0
1729746000,3,0
1729749600,3,0
1729753200,1,0
1729756800,1,0
1729760400,1,0
1729764000,1,0
1729767600,1,0
1729771200,1,0
1729774800,1,0
1729778400,1,0
1729782000,1,0
1729785600,1,0
1729789200,1,0
1729792800,1,0
1729796400,1,0
1729800000,1,0
1729803600,1,0
1729807200,1,0
1729810800,1,0
1729818000,1,0
1729821600,1,0
1729825200,1,0
1729828800,1,0
1729832400,1,0
1729836000,1,0
1729839600,1,0
1729843200,1,0
1729846800,1,0
1729850400,1,0
1729854000,1,0
1729857600,1,0
1729861200,1,0
1729864800,1,0
1729868400,1,0
1729872000,1,0
1729875600,1,0
1729879200,1,0
1729882800,1,0
1729886400,1,0
1729890000,1,0
1729893600,1,0
1729897200,1,0
1730077200,1,0
1730080800,1,0
1730084400,1,0
1730088000,1,0
1730091600,1,0
1730095200,1,0
1730098800,1,0
1730102400,1,0
1730106000,1,0
1730109600,1,0
1730113200,1,0
1730116800,1,0
1730120400,1,0
1730124000,1,0
1730127600,1,0
1730131200,1,0
1730134800,1,0
1730138400,1,0
1730142000,1,0
1730145600,1,0
1730149200,1,0
1730152800,1,0
1730156400,1,0
1730163600,1,0
1730167200,1,0
1730170800,1,0
1730174400,1,0
1730178000,1,0
1730181600,1,0
1730185200,1,0
1730188800,1,0
1730192400,1,0
1730196000,1,0
1730199600,1,0
1730203200,1,0
1730206800,1,0
1730210400,1,0
1730214000,1,0
1730217600,2,1
1730221200,2,1
1730224800,2,1
1730228400,2,1
1730232000,2,1
1730235600,2,1
1730239200,2,1
1730242800,2,1
1730250000,2,1
1730253600,2,1
1730257200,1,0
1730260800,1,0
1730264400,1,0
1730268000,1,0
1730271600,1,0
1730275200,1,0
1730278800,1,0
1730282400,1,0
1730286000,1,0
1730289600,1,0
1730293200,1,0
1730296800,1,0
1730300400,1,0
1730304000,1,0
1730307600,1,0
1730311200,1,0
1730314800,1,0
1730318400,1,0
1730322000,1,0
1730325600,1,0
1730329200,1,0
1730336400,1,0
1730340000,1,0
1730343600,1,0
1730347200,1,0
1730350800,1,0
1730354400,1,0
1730358000,1,0
1730361600,1,0
1730365200,1,0
1730368800,1,0
1730372400,1,0
1730376000,1,0
1730379600,1,0
1730383200,1,0
1730386800,1,0
1730390400,3,0
1730394000,3,0
1730397600,3,0
1730401200,3,0
1730404800,3,0
1730408400,3,0
1730412000,3,0
1730415600,3,0
1730422800,3,0
1730426400,3,0
1730430000,3,0
1730433600,3,0
1730437200,3,0
1730440800,3,0
1730444400,3,0
1730448000,3,0
1730451600,3,0
1730455200,3,0
1730458800,3,0
1730462400,3,0
1730466000,3,0
1730469600,3,0
1730473200,3,0
1730476800,3,0
1730480400,3,0
1730484000,3,0
1730487600,3,0
1730491200,3,0
1730494800,3,0
1730498400,3,0
1730502000,3,0
1730685600,3,0
1730689200,3,0
1730692800,3,0
1730696400,3,0
1730700000,1,0
1730703600,1,0
1730707200,1,0
1730710800,1,0
1730714400,1,0
1730718000,1,0
1730721600,1,0
1730725200,1,0
1730728800,1,0
1730732400,1,0
1730736000,1,0
1730739600,1,0
1730743200,1,0
1730746800,1,0
1730750400,1,0
1730754000,1,0
1730757600,1,0
1730761200,1,0
1730764800,1,0
1730772000,1,0
1730775600,1,0
1730779200,1,0
1730782800,1,0
1730786400,1,0
1730790000,1,0
1730793600,1,0
1730797200,1,0
1730800800,1,0
1730804400,1,0
1730808000,1,0
1730811600,1,0
1730815200,1,0
1730818800,1,0
1730822400,1,0
1730826000,1,0
1730829600,1,0
1730833200,1,0
1730836800,1,0
1730840400,1,0
1730844000,1,0
1730847600,1,0
1730851200,1,0
1730858400,1,0
1730862000,1,0
1730865600,3,0
1730869200,3,0
1730872800,3,0
1730876400,3,0
1730880000,3,0
1730883600,0,1
1730887200,0,1
1730890800,0,1
1730894400,0,1
1730898000,0,1
1730901600,0,1
1730905200,0,1
1730908800,0,1
1730912400,0,1
1730916000,0,1
1730919600,0,1
1730923200,0,1
1730926800,0,1
1730930400,0,1
1730934000,0,1
1730937600,0,1
1730944800,0,1
1730948400,0,1
1730952000,0,1
1730955600,0,1
1730959200,0,1
1730962800,0,1
1730966400,0,1
1730970000,0,1
1730973600,0,1
1730977200,0,1
1730980800,0,1
1730984400,0,1
1730988000,0,1
1730991600,0,1
1730995200,0,1
1730998800,2,1
1731002400,2,1
1731006000,2,1
1731009600,2,1
1731013200,2,1
1731016800,2,1
1731020400,2,1
1731024000,2,1
1731031200,2,1
1731034800,2,1
1731038400,3,0
1731042000,3,0
1731045600,3,0
1731049200,3,0
1731052800,3,0
1731056400,3,0
1731060000,3,0
1731063600,3,0
1731067200,3,0
1731070800,3,0
1731074400,3,0
1731078000,3,0
1731081600,3,0
1731085200,3,0
1731088800,3,0
1731092400,3,0
1731096000,3,0
1731099600,3,0
1731103200,3,0
1731106800,3,0
1731110400,3,0
1731290400,3,0
1731294000,3,0
1731297600,3,0
1731301200,3,0
1731304800,3,0
1731308400,3,0
1731312000,3,0
1731315600,3,0
1731319200,3,0
1731322800,3,0
1731326400,3,0
1731330000,3,0
1731333600,3,0
1731337200,3,0
1731340800,0,1
1731344400,0,1
1731348000,0,1
1731351600,0,1
1731355200,0,1
1731358800,0,1
1731362400,0,1
1731366000,0,1
1731369600,0,1
1731376800,3,0
1731380400,3,0
1731384000,3,0
1731387600,3,0
1731391200,3,0
1731394800,3,0
1731398400,3,0
1731402000,3,0
1731405600,3,0
1731409200,3,0
1731412800,3,0
1731416400,3,0
1731420000,3,0
1731423600,3,0
1731427200,3,0
1731430800,3,0
1731434400,3,0
1731438000,3,0
1731441600,3,0
1731445200,3,0
1731448800,3,0
1731452400,3,0
1731456000,3,0
1731463200,3,0
1731466800,3,0
1731470400,3,0
1731474000,3,0
1731477600,3,0
1731481200,3,0
1731484800,3,0
1731488400,3,0
1731492000,3,0
1731495600,3,0
1731499200,1,0
1731502800,1,0
1731506400,1,0
1731510000,1,0
1731513600,3,0
1731517200,3,0
1731520800,3,0
1731524400,3,0
1731528000,3,0
1731531600,3,0
1731535200,3,0
1731538800,3,0
1731542400,3,0
1731549600,3,0
1731553200,3,0
1731556800,3,0
1731560400,3,0
1731564000,3,0
1731567600,3,0
1731571200,3,0
1731574800,3,0
1731578400,3,0
1731582000,3,0
1731585600,3,0
1731589200,3,0
1731592800,3,0
1731596400,3,0
1731600000,3,0
1731603600,3,0
1731607200,3,0
1731610800,3,0
1731614400,3,0
1731618000,3,0
1731621600,3,0
1731625200,3,0
1731628800,3,0
1731636000,3,0
1731639600,3,0
1731643200,3,0
1731646800,3,0
1731650400,3,0
1731654000,3,0
1731657600,3,0
1731661200,3,0
1731664800,3,0
1731668400,3,0
1731672000,3,0
1731675600,3,0
1731679200,3,0
1731682800,3,0
1731686400,3,0
1731690000,3,0
1731693600,3,0
1731697200,3,0
1731700800,3,0
1731704400,3,0
1731708000,3,0
1731711600,3,0
1731715200,3,0
1731895200,3,0
1731898800,2,1
1731902400,2,1
1731906000,2,1
1731909600,2,1
1731913200,2,1
1731916800,2,1
1731920400,2,1
1731924000,2,1
1731927600,2,1
1731931200,2,1
1731934800,2,1
1731938400,2,1
1731942000,2,1
1731945600,2,1
1731949200,2,1
1731952800,2,1
1731956400,2,1
1731960000,2,1
1731963600,2,1
1731967200,2,1
1731970800,2,1
1731974400,2,1
1731981600,2,1
1731985200,1,0
1731988800,1,0
1731992400,1,0
1731996000,1,0
1731999600,1,0
1732003200,1,0
1732006800,1,0
1732010400,1,0
1732014000,1,0
1732017600,2,1
1732021200,2,1
1732024800,2,1
1732028400,2,1
1732032000,2,1
1732035600,2,1
1732039200,2,1
1732042800,2,1
1732046400,2,1
1732050000,2,1
1732053600,2,1
1732057200,2,1
1732060800,2,1
1732068000,2,1
1732071600,2,1
1732075200,2,1
1732078800,2,1
1732082400,1,0
1732086000,1,0
1732089600,1,0
1732093200,1,0
1732096800,1,0
1732100400,1,0
1732104000,1,0
1732107600,1,0
1732111200,1,0
1732114800,1,0
1732118400,1,0
1732122000,2,1
1732125600,2,1
1732129200,2,1
1732132800,2,1
1732136400,2,1
1732140000,2,1
1732143600,2,1
1732147200,2,1
1732154400,2,1
1732158000,2,1
1732161600,1,0
1732165200,1,0
1732168800,1,0
1732172400,1,0
1732176000,1,0
1732179600,1,0
1732183200,1,0
1732186800,1,0
1732190400,1,0
1732194000,1,0
1732197600,1,0
1732201200,1,0
1732204800,1,0
1732208400,1,0
1732212000,1,0
1732215600,1,0
1732219200,1,0
1732222800,1,0
1732226400,1,0
1732230000,1,0
1732233600,1,0
1732240800,1,0
1732244400,1,0
1732248000,1,0
1732251600,2,1
1732255200,2,1
1732258800,2,1
1732262400,2,1
1732266000,2,1
1732269600,2,1
1732273200,2,1
1732276800,2,1
1732280400,2,1
1732284000,2,1
1732287600,2,1
1732291200,2,1
1732294800,2,1
1732298400,2,1
1732302000,2,1
1732305600,2,1
1732309200,2,1
1732312800,2,1
1732316400,2,1
1732320000,2,1
1732500000,2,1
1732503600,2,1
1732507200,2,1
1732510800,2,1
1732514400,0,1
1732518000,0,1
1732521600,0,1
1732525200,0,1
1732528800,0,1
1732532400,0,1
1732536000,0,1
1732539600,0,1
1732543200,0,1
1732546800,0,1
1732550400,0,1
1732554000,0,1
1732557600,0,1
1732561200,0,1
1732564800,0,1
1732568400,0,1
1732572000,0,1
1732575600,0,1
1732579200,0,1
1732586400,0,1
1732590000,0,1
1732593600,0,1
1732597200,0,1
1732600800,0,1
1732604400,0,1
1732608000,0,1
1732611600,0,1
1732615200,0,1
1732618800,0,1
1732622400,0,1
1732626000,0,1
1732629600,0,1
1732633200,0,1
1732636800,0,1
1732640400,0,1
1732644000,3,0
1732647600,3,0
1732651200,3,0
1732654800,3,0
1732658400,3,0
1732662000,3,0
1732665600,3,0
1732672800,3,0
1732676400,3,0
1732680000,3,0
1732683600,3,0
1732687200,3,0
1732690800,1,0
1732694400,1,0
1732698000,1,0
1732701600,1,0
1732705200,0,1
1732708800,0,1
1732712400,0,1
1732716000,0,1
1732719600,0,1
1732723200,0,1
1732726800,0,1
1732730400,0,1
1732734000,0,1
1732737600,0,1
1732741200,0,1
1732744800,0,1
1732748400,0,1
1732752000,0,1
1732759200,0,1
1732762800,0,1
1732766400,0,1
1732770000,0,1
1732773600,0,1
1732777200,0,1
1732901400,0,1
1732905000,0,1
1732908600,0,1
1732912200,0,1
1733104800,0,1
1733108400,0,1
1733112000,0,1
1733115600,0,1
1733119200,0,1
1733122800,0,1
1733126400,0,1
1733130000,0,1
1733133600,0,1
1733137200,0,1
1733140800,0,1
1733144400,0,1
1733148000,0,1
1733151600,0,1
1733155200,0,1
1733158800,0,1
1733162400,0,1
1733166000,0,1
1733169600,0,1
1733173200,0,1
1733176800,0,1
1733180400,0,1
1733184000,0,1
1733191200,0,1
1733194800,0,1
1733198400,0,1
1733202000,0,1
1733205600,0,1
1733209200,0,1
1733212800,0,1
1733216400,0,1
1733220000,0,1
1733223600,0,1
1733227200,0,1
1733230800,0,1
1733234400,0,1
1733238000,0,1
1733241600,0,1
1733245200,0,1
1733248800,0,1
1733252400,0,1
1733256000,0,1
1733259600,0,1
1733263200,0,1
1733266800,0,1
1733270400,0,1
1733277600,0,1
1733281200,0,1
1733284800,0,1
1733288400,0,1
1733292000,0,1
1733295600,0,1
1733299200,0,1
1733302800,0,1
1733306400,0,1
1733310000,0,1
1733313600,0,1
1733317200,0,1
1733320800,0,1
1733324400,0,1
1733328000,0,1
1733331600,0,1
1733335200,0,1
1733338800,0,1
1733342400,0,1
1733346000,0,1
1733349600,0,1
1733353200,0,1
1733356800,0,1
1733364000,0,1
1733367600,0,1
1733371200,0,1
1733374800,0,1
1733378400,0,1
1733382000,0,1
1733385600,0,1
1733389200,0,1
1733392800,0,1
1733396400,0,1
1733400000,0,1
1733403600,0,1
1733407200,0,1
1733410800,0,1
1733414400,0,1
1733418000,0,1
1733421600,0,1
1733425200,0,1
1733428800,0,1
1733432400,0,1
1733436000,0,1
1733439600,0,1
1733443200,0,1
1733450400,0,1
1733454000,0,1
1733457600,0,1
1733461200,0,1
1733464800,0,1
1733468400,0,1
1733472000,0,1
1733475600,0,1
1733479200,0,1
1733482800,0,1
1733486400,0,1
1733490000,0,1
1733493600,0,1
1733497200,0,1
1733500800,0,1
1733504400,0,1
1733508000,0,1
1733511600,0,1
1733515200,0,1
1733518800,0,1
1733522400,0,1
1733526000,0,1
1733529600,0,1
1733709600,0,1
1733713200,0,1
1733716800,0,1
1733720400,0,1
1733724000,0,1
1733727600,0,1
1733731200,0,1
1733734800,0,1
1733738400,0,1
1733742000,0,1
1733745600,0,1
1733749200,0,1
1733752800,0,1
1733756400,0,1
1733760000,0,1
1733763600,0,1
1733767200,0,1
1733770800,0,1
1733774400,0,1
1733778000,0,1
1733781600,0,1
1733785200,0,1
1733788800,0,1
1733796000,0,1
1733799600,0,1
1733803200,0,1
1733806800,0,1
1733810400,0,1
1733814000,0,1
1733817600,0,1
1733821200,0,1
1733824800,0,1
1733828400,0,1
1733832000,0,1
1733835600,0,1
1733839200,0,1
1733842800,0,1
1733846400,0,1
1733850000,0,1
1733853600,0,1
1733857200,0,1
1733860800,0,1
1733864400,0,1
1733868000,0,1
1733871600,0,1
1733875200,0,1
1733882400,0,1
1733886000,0,1
1733889600,0,1
1733893200,0,1
1733896800,0,1
1733900400,0,1
1733904000,0,1
1733907600,0,1
1733911200,0,1
1733914800,0,1
1733918400,0,1
1733922000,0,1
1733925600,0,1
1733929200,0,1
1733932800,0,1
1733936400,0,1
1733940000,0,1
1733943600,0,1
1733947200,0,1
1733950800,0,1
1733954400,0,1
1733958000,0,1
1733961600,0,1
1733968800,0,1
1733972400,0,1
1733976000,0,1
1733979600,0,1
1733983200,0,1
1733986800,0,1
1733990400,0,1
1733994000,2,1
1733997600,2,1
1734001200,2,1
1734004800,0,1
1734008400,0,1
1734012000,0,1
1734015600,0,1
1734019200,0,1
1734022800,0,1
1734026400,0,1
1734030000,0,1
1734033600,0,1
1734037200,0,1
1734040800,0,1
1734044400,0,1
1734048000,0,1
1734055200,0,1
1734058800,0,1
1734062400,0,1
1734066000,0,1
1734069600,0,1
1734073200,0,1
1734076800,0,1
1734080400,0,1
1734084000,0,1
1734087600,0,1
1734091200,0,1
1734094800,0,1
1734098400,0,1
1734102000,0,1
1734105600,0,1
1734109200,0,1
1734112800,0,1
1734116400,0,1
1734120000,0,1
1734123600,0,1
1734127200,0,1
1734130800,0,1
1734134400,0,1
1734314400,0,1
1734318000,0,1
1734321600,0,1
1734325200,0,1
1734328800,3,0
1734332400,3,0
1734336000,3,0
1734339600,3,0
1734343200,3,0
1734346800,3,0
1734350400,3,0
1734354000,3,0
1734357600,3,0
1734361200,3,0
1734364800,3,0
1734368400,3,0
1734372000,3,0
1734375600,3,0
1734379200,3,0
1734382800,3,0
1734386400,3,0
1734390000,3,0
1734393600,3,0
1734400800,3,0
1734404400,3,0
1734408000,3,0
1734411600,3,0
1734415200,3,0
1734418800,3,0
1734422400,3,0
1734426000,3,0
1734429600,3,0
1734433200,0,1
1734436800,0,1
1734440400,0,1
1734444000,0,1
1734447600,0,1
1734451200,0,1
1734454800,0,1
1734458400,0,1
1734462000,0,1
1734465600,0,1
1734469200,0,1
1734472800,0,1
1734476400,0,1
1734480000,0,1
1734487200,3,0
1734490800,3,0
1734494400,3,0
1734498000,3,0
1734501600,3,0
1734505200,1,0
1734508800,1,0
1734512400,1,0
1734516000,1,0
1734519600,1,0
1734523200,1,0
1734526800,1,0
1734530400,1,0
1734534000,1,0
1734537600,1,0
1734541200,1,0
1734544800,1,0
1734548400,1,0
1734552000,1,0
1734555600,1,0
1734559200,0,1
1734562800,0,1
1734566400,0,1
1734573600,0,1
1734577200,0,1
1734580800,0,1
1734584400,0,1
1734588000,0,1
1734591600,0,1
1734595200,0,1
1734598800,0,1
1734602400,0,1
1734606000,0,1
1734609600,0,1
1734613200,0,1
1734616800,0,1
1734620400,0,1
1734624000,0,1
1734627600,0,1
1734631200,0,1
1734634800,0,1
1734638400,0,1
1734642000,0,1
1734645600,0,1
1734649200,3,0
1734652800,3,0
1734660000,3,0
1734663600,3,0
1734667200,3,0
1734670800,3,0
1734674400,3,0
1734678000,3,0
1734681600,3,0
1734685200,3,0
1734688800,1,0
1734692400,1,0
1734696000,1,0
1734699600,1,0
1734703200,1,0
1734706800,1,0
1734710400,2,1
1734714000,2,1
1734717600,2,1
1734721200,2,1
1734724800,2,1
1734728400,2,1
1734732000,2,1
1734735600,2,1
1734739200,2,1
1734919200,2,1
1734922800,2,1
1734926400,2,1
1734930000,2,1
1734933600,2,1
1734937200,1,0
1734940800,1,0
1734944400,1,0
1734948000,1,0
1734951600,1,0
1734955200,1,0
1734958800,3,0
1734962400,3,0
1734966000,3,0
1734969600,3,0
1734973200,3,0
1734976800,3,0
1734980400,1,0
1734984000,1,0
1734987600,1,0
1734991200,1,0
1734994800,1,0
1734998400,1,0
1735005600,1,0
1735009200,1,0
1735012800,1,0
1735016400,1,0
1735020000,1,0
1735023600,1,0
1735061400,1,0
1735065000,1,0
1735068600,1,0
1735072200,1,0
1735200000,1,0
1735203600,1,0
1735207200,1,0
1735210800,1,0
1735214400,1,0
1735218000,1,0
1735221600,1,0
1735225200,1,0
1735228800,1,0
1735232400,1,0
1735236000,1,0
1735239600,1,0
1735243200,1,0
1735246800,1,0
1735250400,1,0
1735254000,1,0
1735257600,1,0
1735264800,1,0
1735268400,1,0
1735272000,1,0
1735275600,1,0
1735279200,1,0
1735282800,1,0
1735286400,1,0
1735290000,1,0
1735293600,1,0
1735297200,1,0
1735300800,1,0
1735304400,1,0
1735308000,1,0
1735311600,1,0
1735315200,1,0
1735318800,1,0
1735322400,1,0
1735326000,1,0
1735329600,1,0
1735333200,1,0
1735336800,1,0
1735340400,1,0
1735344000,1,0
1735524000,1,0
1735527600,1,0
1735531200,1,0
1735534800,1,0
1735538400,1,0
1735542000,1,0
1735545600,1,0
1735549200,1,0
1735552800,1,0
1735556400,1,0
1735560000,1,0
1735563600,1,0
1735567200,1,0
1735570800,1,0
1735574400,3,0
1735578000,3,0
1735581600,3,0
1735585200,3,0
1735588800,3,0
1735592400,3,0
1735596000,3,0
1735599600,3,0
1735603200,3,0
1735610400,3,0
1735614000,3,0
1735617600,3,0
1735621200,3,0
1735624800,3,0
1735628400,3,0
1735632000,3,0
1735635600,1,0
1735639200,1,0
1735642800,1,0
1735646400,1,0
1735650000,1,0
1735653600,1,0
1735657200,1,0
1735660800,1,0
1735664400,1,0
1735668000,2,1
1735671600,1,0
1735675200,1,0
1735678800,1,0
1735682400,1,0
1735686000,1,0
1735689600,1,0
1735804800,1,0
1735808400,1,0
1735812000,1,0
1735815600,1,0
1735819200,1,0
1735822800,2,1
1735826400,2,1
1735830000,2,1
1735833600,2,1
1735837200,2,1
1735840800,2,1
1735844400,2,1
1735848000,2,1
1735851600,2,1
1735855200,2,1
1735858800,2,1
1735862400,2,1
1735869600,2,1
1735873200,2,1
1735876800,1,0
1735880400,1,0
1735884000,1,0
1735887600,1,0
1735891200,1,0
1735894800,1,0
1735898400,1,0
1735902000,1,0
1735905600,1,0
1735909200,1,0
1735912800,1,0
1735916400,1,0
1735920000,1,0
1735923600,1,0
1735927200,1,0
1735930800,1,0
1735934400,1,0
1735938000,1,0
1735941600,1,0
1735945200,1,0
1735948800,1,0
1736128800,1,0
1736132400,1,0
1736136000,1,0
1736139600,1,0
1736143200,1,0
1736146800,1,0
1736150400,1,0
1736154000,1,0
1736157600,1,0
1736161200,1,0
1736164800,1,0
1736168400,1,0
1736172000,3,0
1736175600,3,0
1736179200,0,1
1736182800,0,1
1736186400,3,0
1736190000,3,0
1736193600,3,0
1736197200,3,0
1736200800,3,0
1736204400,3,0
1736208000,3,0
1736215200,3,0
1736218800,3,0
1736222400,3,0
1736226000,3,0
1736229600,3,0
1736233200,3,0
1736236800,2,1
1736240400,2,1
1736244000,2,1
1736247600,2,1
1736251200,2,1
1736254800,2,1
1736258400,2,1
1736262000,2,1
1736265600,2,1
1736269200,2,1
1736272800,2,1
1736276400,2,1
1736280000,2,1
1736283600,1,0
1736287200,1,0
1736290800,1,0
1736294400,1,0
1736301600,1,0
1736305200,1,0
1736308800,1,0
1736312400,1,0
1736316000,1,0
1736319600,1,0
1736323200,1,0
1736326800,1,0
1736330400,1,0
1736334000,1,0
1736337600,1,0
1736341200,1,0
1736344800,1,0
1736348400,1,0
1736352000,1,0
1736355600,1,0
1736359200,1,0
1736362800,2,1
1736366400,2,1
1736370000,1,0
1736373600,1,0
1736377200,1,0
1736380800,1,0
1736388000,1,0
1736391600,1,0
1736395200,1,0
1736398800,1,0
1736402400,1,0
1736406000,1,0
1736409600,1,0
1736413200,1,0
1736416800,1,0
1736420400,1,0
1736424000,1,0
1736427600,1,0
1736431200,1,0
1736434800,1,0
1736438400,1,0
1736442000,1,0
1736445600,1,0
1736449200,1,0
1736452800,1,0
1736456400,1,0
1736460000,1,0
1736463600,1,0
1736467200,1,0
1736474400,1,0
1736478000,1,0
1736481600,1,0
1736485200,1,0
1736488800,1,0
1736492400,1,0
1736496000,1,0
1736499600,1,0
1736503200,1,0
1736506800,1,0
1736510400,1,0
1736514000,1,0
1736517600,1,0
1736521200,1,0
1736524800,2,1
1736528400,2,1
1736532000,2,1
1736535600,2,1
1736539200,2,1
1736542800,2,1
1736546400,2,1
1736550000,2,1
1736553600,2,1
1736733600,2,1
1736737200,2,1
1736740800,2,1
1736744400,2,1
1736748000,2,1
1736751600,2,1
1736755200,1,0
1736758800,1,0
1736762400,1,0
1736766000,1,0
1736769600,1,0
1736773200,1,0
1736776800,3,0
1736780400,3,0
1736784000,3,0
1736787600,3,0
1736791200,3,0
1736794800,3,0
1736798400,3,0
1736802000,3,0
1736805600,3,0
1736809200,3,0
1736812800,3,0
1736820000,3,0
1736823600,3,0
1736827200,3,0
1736830800,1,0
1736834400,1,0
1736838000,1,0
1736841600,1,0
1736845200,1,0
1736848800,1,0
1736852400,1,0
1736856000,1,0
1736859600,1,0
1736863200,1,0
1736866800,1,0
1736870400,1,0
1736874000,1,0
1736877600,1,0
1736881200,1,0
1736884800,1,0
1736888400,1,0
1736892000,1,0
1736895600,1,0
1736899200,1,0
1736906400,1,0
1736910000,1,0
1736913600,1,0
1736917200,1,0
1736920800,1,0
1736924400,1,0
1736928000,1,0
1736931600,1,0
1736935200,1,0
1736938800,1,0
1736942400,1,0
1736946000,1,0
1736949600,1,0
1736953200,1,0
1736956800,2,1
1736960400,2,1
1736964000,2,1
1736967600,2,1
1736971200,2,1
1736974800,2,1
1736978400,2,1
1736982000,2,1
1736985600,2,1
1736992800,2,1
1736996400,2,1
1737000000,2,1
1737003600,2,1
1737007200,2,1
1737010800,2,1
1737014400,1,0
1737018000,1,0
1737021600,1,0
1737025200,1,0
1737028800,1,0
1737032400,1,0
1737036000,1,0
1737039600,1,0
1737043200,2,1
1737046800,2,1
1737050400,2,1
1737054000,2,1
1737057600,2,1
1737061200,2,1
1737064800,1,0
1737068400,1,0
1737072000,1,0
1737079200,1,0
1737082800,1,0
1737086400,1,0
1737090000,1,0
1737093600,1,0
1737097200,1,0
1737100800,1,0
1737104400,1,0
1737108000,1,0
1737111600,1,0
1737115200,1,0
1737118800,1,0
1737122400,1,0
1737126000,1,0
1737129600,1,0
1737133200,1,0
1737136800,1,0
1737140400,1,0
1737144000,1,0
1737147600,1,0
1737151200,1,0
1737154800,1,0
1737158400,1,0
1737338400,1,0
1737342000,1,0
1737345600,1,0
1737349200,1,0
1737352800,1,0
1737356400,1,0
1737446400,1,0
1737450000,1,0
1737453600,1,0
1737457200,1,0
1737460800,1,0
1737464400,1,0
1737468000,1,0
1737471600,1,0
1737475200,1,0
1737478800,2,1
1737482400,2,1
1737486000,2,1
1737489600,2,1
1737493200,2,1
1737496800,2,1
1737500400,2,1
1737504000,2,1
1737511200,2,1
1737514800,2,1
1737518400,1,0
1737522000,1,0
1737525600,1,0
1737529200,1,0
1737532800,1,0
1737536400,1,0
1737540000,1,0
1737543600,1,0
1737547200,1,0
1737550800,1,0
1737554400,1,0
1737558000,1,0
1737561600,1,0
1737565200,1,0
1737568800,1,0
1737572400,1,0
1737576000,1,0
1737579600,1,0
1737583200,1,0
1737586800,1,0
1737590400,1,0
1737597600,1,0
1737601200,1,0
1737604800,1,0
1737608400,1,0
1737612000,1,0
1737615600,1,0
1737619200,1,0
1737622800,1,0
1737626400,1,0
1737630000,1,0
1737633600,1,0
1737637200,1,0
1737640800,1,0
1737644400,1,0
1737648000,1,0
1737651600,1,0
1737655200,1,0
1737658800,1,0
1737662400,1,0
1737666000,1,0
1737669600,1,0
1737673200,1,0
1737676800,1,0
1737684000,1,0
1737687600,1,0
1737691200,1,0
1737694800,1,0
1737698400,1,0
1737702000,1,0
1737705600,1,0
1737709200,1,0
1737712800,1,0
1737716400,1,0
1737720000,1,0
1737723600,1,0
1737727200,1,0
1737730800,1,0
1737734400,1,0
1737738000,1,0
1737741600,1,0
1737745200,1,0
1737748800,1,0
1737752400,1,0
1737756000,1,0
1737759600,1,0
1737763200,1,0
1737943200,1,0
1737946800,1,0
1737950400,3,0
1737954000,3,0
1737957600,3,0
1737961200,3,0
1737964800,3,0
1737968400,3,0
1737972000,3,0
1737975600,3,0
1737979200,3,0
1737982800,3,0
1737986400,3,0
1737990000,3,0
1737993600,3,0
1737997200,3,0
1738000800,3,0
1738004400,3,0
1738008000,3,0
1738011600,3,0
1738015200,3,0
1738018800,3,0
1738022400,3,0
1738029600,3,0
1738033200,3,0
1738036800,3,0
1738040400,3,0
1738044000,3,0
1738047600,3,0
1738051200,1,0
1738054800,1,0
1738058400,1,0
1738062000,1,0
1738065600,1,0
1738069200,1,0
1738072800,1,0
1738076400,1,0
1738080000,1,0
1738083600,1,0
1738087200,1,0
1738090800,1,0
1738094400,1,0
1738098000,1,0
1738101600,1,0
1738105200,1,0
1738108800,1,0
1738116000,1,0
1738119600,1,0
1738123200,1,0
1738126800,1,0
1738130400,1,0
1738134000,1,0
1738137600,1,0
1738141200,1,0
1738144800,1,0
1738148400,1,0
1738152000,1,0
1738155600,1,0
1738159200,1,0
1738162800,1,0
1738166400,1,0
1738170000,1,0
1738173600,1,0
1738177200,1,0
1738180800,1,0
1738184400,1,0
1738188000,1,0
1738191600,1,0
1738195200,1,0
1738202400,1,0
1738206000,1,0
1738209600,1,0
1738213200,1,0
1738216800,1,0
1738220400,1,0
1738224000,1,0
1738227600,1,0
1738231200,1,0
1738234800,0,1
1738238400,0,1
1738242000,0,1
1738245600,0,1
1738249200,0,1
1738252800,0,1
1738256400,0,1
1738260000,0,1
1738263600,0,1
1738267200,0,1
1738270800,0,1
1738274400,0,1
1738278000,0,1
1738281600,0,1
1738288800,0,1
1738292400,0,1
1738296000,0,1
1738299600,0,1
1738303200,0,1
1738306800,0,1
1738310400,0,1
1738314000,0,1
1738317600,0,1
1738321200,0,1
1738324800,0,1
1738328400,0,1
1738332000,0,1
1738335600,0,1
1738339200,0,1
1738342800,0,1
1738346400,0,1
1738350000,0,1
1738353600,0,1
1738357200,0,1
1738360800,0,1
1738364400,0,1
1738368000,0,1
1738548000,0,1
1738551600,0,1
1738555200,0,1
1738558800,0,1
1738562400,0,1
1738566000,0,1
1738569600,0,1
1738573200,0,1
1738576800,0,1
1738580400,0,1
1738584000,0,1
1738587600,0,1
1738591200,0,1
1738594800,0,1
1738598400,0,1
1738602000,0,1
1738605600,0,1
1738609200,0,1
1738612800,0,1
1738616400,0,1
1738620000,0,1
1738623600,0,1
1738627200,0,1
1738634400,0,1
1738638000,0,1
1738641600,0,1
1738645200,0,1
1738648800,0,1
1738652400,0,1
1738656000,0,1
1738659600,0,1
1738663200,0,1
1738666800,0,1
1738670400,0,1
1738674000,0,1
1738677600,0,1
1738681200,0,1
1738684800,0,1
1738688400,0,1
1738692000,0,1
1738695600,0,1
1738699200,0,1
1738702800,0,1
1738706400,0,1
1738710000,0,1
1738713600,0,1
1738720800,0,1
1738724400,0,1
1738728000,0,1
1738731600,2,1
1738735200,2,1
1738738800,2,1
1738742400,2,1
1738746000,2,1
1738749600,2,1
1738753200,2,1
1738756800,2,1
1738760400,2,1
1738764000,2,1
1738767600,2,1
1738771200,2,1
1738774800,2,1
1738778400,2,1
1738782000,2,1
1738785600,2,1
1738789200,2,1
1738792800,1,0
1738796400,1,0
1738800000,1,0
1738807200,1,0
1738810800,1,0
1738814400,1,0
1738818000,1,0
1738821600,1,0
1738825200,1,0
1738828800,1,0
1738832400,1,0
1738836000,1,0
1738839600,1,0
1738843200,1,0
1738846800,1,0
1738850400,1,0
1738854000,1,0
1738857600,3,0
1738861200,3,0
1738864800,3,0
1738868400,3,0
1738872000,3,0
1738875600,3,0
1738879200,3,0
1738882800,3,0
1738886400,3,0
1738893600,3,0
1738897200,3,0
1738900800,2,1
1738904400,2,1
1738908000,2,1
1738911600,1,0
1738915200,1,0
1738918800,1,0
1738922400,1,0
1738926000,1,0
1738929600,1,0
1738933200,1,0
1738936800,1,0
1738940400,1,0
1738944000,2,1
1738947600,2,1
1738951200,2,1
1738954800,3,0
1738958400,3,0
1738962000,3,0
1738965600,3,0
1738969200,3,0
1738972800,3,0
1739152800,2,1
1739156400,2,1
1739160000,2,1
1739163600,2,1
1739167200,2,1
1739170800,2,1
1739174400,2,1
1739178000,2,1
1739181600,2,1
1739185200,2,1
1739188800,2,1
1739192400,2,1
1739196000,2,1
1739199600,2,1
1739203200,2,1
1739206800,2,1
1739210400,2,1
1739214000,2,1
1739217600,2,1
1739221200,2,1
1739224800,2,1
1739228400,2,1
1739232000,2,1
1739239200,2,1
1739242800,2,1
1739246400,2,1
1739250000,2,1
1739253600,2,1
1739257200,2,1
1739260800,2,1
1739264400,2,1
1739268000,2,1
1739271600,2,1
1739275200,3,0
1739278800,3,0
1739282400,3,0
1739286000,3,0
1739289600,3,0
1739293200,3,0
1739296800,3,0
1739300400,3,0
1739304000,3,0
1739307600,3,0
1739311200,3,0
1739314800,3,0
1739318400,3,0
1739325600,3,0
1739329200,3,0
1739332800,3,0
1739336400,3,0
1739340000,3,0
1739343600,3,0
1739347200,3,0
1739350800,3,0
1739354400,3,0
1739358000,3,0
1739361600,3,0
1739365200,3,0
1739368800,3,0
1739372400,3,0
1739376000,3,0
1739379600,3,0
1739383200,3,0
1739386800,2,1
1739390400,2,1
1739394000,2,1
1739397600,2,1
1739401200,2,1
1739404800,2,1
1739412000,2,1
1739415600,2,1
1739419200,2,1
1739422800,2,1
1739426400,2,1
1739430000,2,1
1739433600,1,0
1739437200,1,0
1739440800,1,0
1739444400,1,0
1739448000,1,0
1739451600,1,0
1739455200,1,0
1739458800,1,0
1739462400,1,0
1739466000,1,0
1739469600,1,0
1739473200,1,0
1739476800,1,0
1739480400,1,0
1739484000,1,0
1739487600,1,0
1739491200,1,0
1739498400,1,0
1739502000,1,0
1739505600,1,0
1739509200,1,0
1739512800,1,0
1739516400,1,0
1739520000,1,0
1739523600,1,0
1739527200,1,0
1739530800,1,0
1739534400,1,0
1739538000,1,0
1739541600,1,0
1739545200,1,0
1739548800,3,0
1739552400,3,0
1739556000,0,1
1739559600,0,1
1739563200,0,1
1739566800,0,1
1739570400,0,1
1739574000,0,1
1739577600,0,1
1739757600,0,1
1739761200,3,0
1739764800,3,0
1739768400,3,0
1739772000,3,0
1739775600,3,0
1739865600,2,1
1739869200,2,1
1739872800,2,1
1739876400,2,1
1739880000,2,1
1739883600,2,1
1739887200,2,1
1739890800,2,1
1739894400,2,1
1739898000,2,1
1739901600,2,1
1739905200,2,1
1739908800,2,1
1739912400,2,1
1739916000,2,1
1739919600,2,1
1739923200,2,1
1739930400,2,1
1739934000,2,1
1739937600,2,1
1739941200,2,1
1739944800,1,0
1739948400,1,0
1739952000,1,0
1739955600,1,0
1739959200,1,0
1739962800,1,0
1739966400,1,0
1739970000,1,0
1739973600,1,0
1739977200,1,0
1739980800,1,0
1739984400,1,0
1739988000,3,0
1739991600,3,0
1739995200,3,0
1739998800,3,0
1740002400,3,0
1740006000,3,0
1740009600,3,0
1740016800,1,0
1740020400,1,0
1740024000,1,0
1740027600,1,0
1740031200,1,0
1740034800,1,0
1740038400,1,0
1740042000,1,0
1740045600,1,0
1740049200,1,0
1740052800,1,0
1740056400,1,0
1740060000,1,0
1740063600,1,0
1740067200,3,0
1740070800,3,0
1740074400,3,0
1740078000,3,0
1740081600,3,0
1740085200,3,0
1740088800,3,0
1740092400,3,0
1740096000,3,0
1740103200,3,0
1740106800,3,0
1740110400,3,0
1740114000,3,0
1740117600,3,0
1740121200,3,0
1740124800,3,0
1740128400,3,0
1740132000,3,0
1740135600,3,0
1740139200,3,0
1740142800,3,0
1740146400,3,0
1740150000,3,0
1740153600,3,0
1740157200,3,0
1740160800,3,0
1740164400,3,0
1740168000,3,0
1740171600,3,0
1740175200,3,0
1740178800,3,0
1740182400,3,0
1740362400,3,0
1740366000,3,0
1740369600,3,0
1740373200,3,0
1740376800,3,0
1740380400,3,0
1740384000,3,0
1740387600,1,0
1740391200,1,0
1740394800,1,0
1740398400,1,0
1740402000,1,0
1740405600,1,0
1740409200,1,0
1740412800,1,0
1740416400,3,0
1740420000,3,0
1740423600,3,0
1740427200,3,0
1740430800,3,0
1740434400,3,0
1740438000,3,0
1740441600,3,0
1740448800,3,0
1740452400,3,0
1740456000,3,0
1740459600,3,0
1740463200,3,0
1740466800,3,0
1740470400,3,0
1740474000,3,0
1740477600,3,0
1740481200,3,0
1740484800,3,0
1740488400,3,0
1740492000,3,0
1740495600,3,0
1740499200,3,0
1740502800,3,0
1740506400,0,1
1740510000,0,1
1740513600,0,1
1740517200,0,1
1740520800,0,1
1740524400,3,0
1740528000,3,0
1740535200,3,0
1740538800,3,0
1740542400,3,0
1740546000,3,0
1740549600,3,0
1740553200,3,0
1740556800,3,0
1740560400,3,0
1740564000,3,0
1740567600,3,0
1740571200,3,0
1740574800,3,0
1740578400,3,0
1740582000,3,0
1740585600,3,0
1740589200,3,0
1740592800,3,0
1740596400,3,0
1740600000,3,0
1740603600,3,0
1740607200,3,0
1740610800,1,0
1740614400,1,0
1740621600,1,0
1740625200,1,0
1740628800,1,0
1740632400,3,0
1740636000,3,0
1740639600,3,0
1740643200,3,0
1740646800,3,0
1740650400,3,0
1740654000,3,0
1740657600,3,0
1740661200,3,0
1740664800,3,0
1740668400,3,0
1740672000,3,0
1740675600,3,0
1740679200,3,0
1740682800,3,0
1740686400,3,0
1740690000,3,0
1740693600,3,0
1740697200,3,0
1740700800,3,0
1740708000,3,0
1740711600,3,0
1740715200,3,0
1740718800,3,0
1740722400,3,0
1740726000,3,0
1740729600,3,0
1740733200,3,0
1740736800,3,0
1740740400,3,0
1740744000,3,0
1740747600,3,0
1740751200,3,0
1740754800,3,0
1740758400,3,0
1740762000,3,0
1740765600,3,0
1740769200,3,0
1740772800,3,0
1740776400,3,0
1740780000,3,0
1740783600,3,0
1740787200,3,0
1740967200,3,0
1740970800,3,0
1740974400,3,0
1740978000,3,0
1740981600,3,0
1740985200,3,0
1740988800,3,0
1740992400,3,0
1740996000,3,0
1740999600,3,0
1741003200,3,0
1741006800,3,0
1741010400,3,0
1741014000,3,0
1741017600,3,0
1741021200,2,1
1741024800,2,1
1741028400,2,1
1741032000,2,1
1741035600,2,1
1741039200,2,1
1741042800,2,1
1741046400,2,1
1741053600,2,1
1741057200,2,1
1741060800,2,1
1741064400,1,0
1741068000,1,0
1741071600,1,0
1741075200,1,0
1741078800,1,0
1741082400,2,1
1741086000,2,1
1741089600,2,1
1741093200,2,1
1741096800,2,1
1741100400,2,1
1741104000,2,1
1741107600,2,1
1741111200,2,1
1741114800,2,1
1741118400,2,1
1741122000,2,1
1741125600,2,1
1741129200,2,1
1741132800,2,1
1741140000,2,1
1741143600,2,1
1741147200,2,1
1741150800,2,1
1741154400,2,1
1741158000,2,1
1741161600,2,1
1741165200,2,1
1741168800,2,1
1741172400,2,1
1741176000,2,1
1741179600,2,1
1741183200,2,1
1741186800,2,1
1741190400,2,1
1741194000,2,1
1741197600,2,1
1741201200,2,1
1741204800,2,1
1741208400,2,1
1741212000,2,1
1741215600,2,1
1741219200,2,1
1741226400,2,1
1741230000,2,1
1741233600,2,1
1741237200,2,1
1741240800,3,0
1741244400,3,0
1741248000,3,0
1741251600,3,0
1741255200,3,0
1741258800,3,0
1741262400,3,0
1741266000,3,0
1741269600,3,0
1741273200,3,0
1741276800,3,0
1741280400,3,0
1741284000,3,0
1741287600,3,0
1741291200,3,0
1741294800,3,0
1741298400,3,0
1741302000,3,0
1741305600,3,0
1741312800,3,0
1741316400,3,0
1741320000,3,0
1741323600,3,0
1741327200,3,0
1741330800,3,0
1741334400,1,0
1741338000,1,0
1741341600,1,0
1741345200,1,0
1741348800,1,0
1741352400,1,0
1741356000,1,0
1741359600,1,0
1741363200,2,1
1741366800,2,1
1741370400,3,0
1741374000,3,0
1741377600,3,0
1741381200,3,0
1741384800,3,0
1741388400,3,0
1741392000,3,0
1741568400,3,0
1741572000,3,0
1741575600,3,0
1741579200,3,0
1741582800,3,0
1741586400,3,0
1741590000,1,0
1741593600,1,0
1741597200,1,0
1741600800,1,0
1741604400,3,0
1741608000,3,0
1741611600,3,0
1741615200,3,0
1741618800,3,0
1741622400,3,0
1741626000,3,0
1741629600,3,0
1741633200,3,0
1741636800,3,0
1741640400,3,0
1741644000,3,0
1741647600,3,0
1741654800,3,0
1741658400,3,0
1741662000,3,0
1741665600,3,0
1741669200,3,0
1741672800,3,0
1741676400,3,0
1741680000,3,0
1741683600,3,0
1741687200,3,0
1741690800,2,1
1741694400,2,1
1741698000,2,1
1741701600,2,1
1741705200,2,1
1741708800,2,1
1741712400,2,1
1741716000,2,1
1741719600,1,0
1741723200,1,0
1741726800,1,0
1741730400,1,0
1741734000,1,0
1741741200,1,0
1741744800,1,0
1741748400,1,0
1741752000,1,0
1741755600,1,0
1741759200,1,0
1741762800,1,0
1741766400,1,0
1741770000,1,0
1741773600,1,0
1741777200,1,0
1741780800,1,0
1741784400,1,0
1741788000,1,0
1741791600,1,0
1741795200,1,0
1741798800,1,0
1741802400,1,0
1741806000,2,1
1741809600,2,1
1741813200,2,1
1741816800,2,1
1741820400,2,1
1741827600,2,1
1741831200,1,0
1741834800,1,0
1741838400,1,0
1741842000,1,0
1741845600,1,0
1741849200,1,0
1741852800,1,0
1741856400,1,0
1741860000,1,0
1741863600,1,0
1741867200,1,0
1741870800,1,0
1741874400,1,0
1741878000,1,0
1741881600,2,1
1741885200,2,1
1741888800,2,1
1741892400,2,1
1741896000,2,1
1741899600,2,1
1741903200,2,1
1741906800,2,1
1741914000,2,1
1741917600,2,1
1741921200,2,1
1741924800,2,1
1741928400,2,1
1741932000,2,1
1741935600,2,1
1741939200,2,1
1741942800,2,1
1741946400,2,1
1741950000,2,1
1741953600,2,1
1741957200,2,1
1741960800,2,1
1741964400,2,1
1741968000,2,1
1741971600,2,1
1741975200,1,0
1741978800,1,0
1741982400,1,0
1741986000,1,0
1741989600,1,0
1741993200,1,0
1742173200,1,0
1742176800,1,0
1742180400,1,0
1742184000,1,0
1742187600,1,0
1742191200,1,0
1742194800,1,0
1742198400,1,0
1742202000,1,0
1742205600,1,0
1742209200,1,0
1742212800,1,0
1742216400,1,0
1742220000,1,0
1742223600,1,0
1742227200,1,0
1742230800,1,0
1742234400,1,0
1742238000,1,0
1742241600,1,0
1742245200,1,0
1742248800,1,0
1742252400,1,0
1742259600,1,0
1742263200,1,0
1742266800,1,0
1742270400,1,0
1742274000,1,0
1742277600,1,0
1742281200,1,0
1742284800,1,0
1742288400,1,0
1742292000,1,0
1742295600,2,1
1742299200,2,1
1742302800,2,1
1742306400,2,1
1742310000,2,1
1742313600,2,1
1742317200,2,1
1742320800,2,1
1742324400,2,1
1742328000,1,0
1742331600,1,0
1742335200,1,0
1742338800,1,0
1742346000,1,0
1742349600,1,0
1742353200,1,0
1742356800,1,0
1742360400,1,0
1742364000,1,0
1742367600,1,0
1742371200,1,0
1742374800,1,0
1742378400,1,0
1742382000,1,0
1742385600,1,0
1742389200,1,0
1742392800,1,0
1742396400,1,0
1742400000,1,0
1742403600,1,0
1742407200,1,0
1742410800,1,0
1742414400,1,0
1742418000,2,1
1742421600,2,1
1742425200,2,1
1742432400,2,1
1742436000,2,1
1742439600,2,1
1742443200,2,1
1742446800,1,0
1742450400,1,0
1742454000,1,0
1742457600,1,0
1742461200,1,0
1742464800,1,0
1742468400,1,0
1742472000,1,0
1742475600,1,0
1742479200,1,0
1742482800,1,0
1742486400,1,0
1742490000,1,0
1742493600,1,0
1742497200,1,0
1742500800,1,0
1742504400,1,0
1742508000,1,0
1742511600,1,0
1742518800,1,0
1742522400,1,0
1742526000,1,0
1742529600,1,0
1742533200,1,0
1742536800,1,0
1742540400,1,0
1742544000,1,0
1742547600,1,0
1742551200,1,0
1742554800,1,0
1742558400,1,0
1742562000,1,0
1742565600,1,0
1742569200,1,0
1742572800,0,1
1742576400,3,0
1742580000,3,0
1742583600,3,0
1742587200,3,0
1742590800,3,0
1742594400,3,0
1742598000,3,0
1742778000,3,0
1742781600,3,0
1742785200,3,0
1742788800,3,0
1742792400,3,0
1742796000,3,0
1742799600,3,0
1742803200,3,0
1742806800,3,0
1742810400,3,0
1742814000,3,0
1742817600,3,0
1742821200,3,0
1742824800,3,0
1742828400,3,0
1742832000,3,0
1742835600,3,0
1742839200,3,0
1742842800,3,0
1742846400,3,0
1742850000,3,0
1742853600,3,0
1742857200,3,0
1742864400,1,0
1742868000,1,0
1742871600,1,0
1742875200,1,0
1742878800,1,0
1742882400,1,0
1742886000,1,0
1742889600,1,0
1742893200,1,0
1742896800,1,0
1742900400,1,0
1742904000,1,0
1742907600,1,0
1742911200,1,0
1742914800,1,0
1742918400,1,0
1742922000,1,0
1742925600,1,0
1742929200,1,0
1742932800,1,0
1742936400,1,0
1742940000,1,0
1742943600,1,0
1742950800,1,0
1742954400,1,0
1742958000,1,0
1742961600,1,0
1742965200,1,0
1742968800,1,0
1742972400,1,0
1742976000,1,0
1742979600,1,0
1742983200,1,0
1742986800,1,0
1742990400,1,0
1742994000,1,0
1742997600,1,0
1743001200,1,0
1743004800,1,0
1743008400,1,0
1743012000,1,0
1743015600,1,0
1743019200,1,0
1743022800,1,0
1743026400,1,0
1743030000,1,0
1743037200,1,0
1743040800,1,0
1743044400,1,0
1743048000,1,0
1743051600,1,0
1743055200,1,0
1743058800,1,0
1743062400,1,0
1743066000,1,0
1743069600,1,0
1743073200,1,0
1743076800,1,0
1743080400,2,1
1743084000,2,1
1743087600,2,1
1743091200,2,1
1743094800,2,1
1743098400,2,1
1743102000,2,1
1743105600,2,1
1743109200,2,1
1743112800,2,1
1743116400,2,1
1743123600,2,1
1743127200,2,1
1743130800,2,1
1743134400,2,1
1743138000,2,1
1743141600,2,1
1743145200,2,1
1743148800,2,1
1743152400,2,1
1743156000,0,1
1743159600,0,1
1743163200,0,1
1743166800,0,1
1743170400,0,1
1743174000,0,1
1743177600,0,1
1743181200,0,1
1743184800,0,1
1743188400,0,1
1743192000,0,1
1743195600,0,1
1743199200,0,1
1743202800,0,1
1743382800,0,1
1743386400,0,1
1743390000,0,1
1743393600,0,1
1743397200,0,1
1743400800,0,1
1743404400,0,1
1743408000,0,1
1743411600,0,1
1743415200,0,1
1743418800,0,1
1743422400,0,1
1743426000,0,1
1743429600,0,1
1743433200,0,1
1743436800,0,1
1743440400,0,1
1743444000,0,1
1743447600,0,1
1743451200,0,1
1743454800,0,1
1743458400,0,1
1743462000,0,1
1743469200,0,1
1743472800,0,1
1743476400,0,1
1743480000,0,1
1743483600,0,1
1743487200,0,1
1743490800,0,1
1743494400,0,1
1743498000,0,1
1743501600,0,1
1743505200,0,1
1743508800,0,1
1743512400,0,1
1743516000,0,1
1743519600,0,1
1743523200,0,1
1743526800,0,1
1743530400,0,1
1743534000,0,1
1743537600,0,1
1743541200,0,1
1743544800,0,1
1743548400,0,1
1743555600,0,1
1743559200,0,1
1743562800,0,1
1743566400,0,1
1743570000,0,1
1743573600,0,1
1743577200,0,1
1743580800,0,1
1743584400,0,1
1743588000,0,1
1743591600,0,1
1743595200,0,1
1743598800,0,1
1743602400,0,1
1743606000,0,1
1743609600,0,1
1743613200,0,1
1743616800,0,1
1743620400,0,1
1743624000,0,1
1743627600,0,1
1743631200,0,1
1743634800,0,1
1743642000,0,1
1743645600,0,1
1743649200,0,1
1743652800,0,1
1743656400,0,1
1743660000,0,1
1743663600,0,1
1743667200,0,1
1743670800,0,1
1743674400,0,1
1743678000,0,1
1743681600,0,1
1743685200,0,1
1743688800,0,1
1743692400,0,1
1743696000,0,1
1743699600,0,1
1743703200,0,1
1743706800,0,1
1743710400,0,1
1743714000,0,1
1743717600,0,1
1743721200,0,1
1743728400,0,1
1743732000,0,1
1743735600,0,1
1743739200,0,1
1743742800,0,1
1743746400,0,1
1743750000,0,1
1743753600,0,1
1743757200,0,1
1743760800,0,1
1743764400,0,1
1743768000,0,1
1743771600,0,1
1743775200,0,1
1743778800,0,1
1743782400,0,1
1743786000,0,1
1743789600,0,1
1743793200,0,1
1743796800,0,1
1743800400,0,1
1743804000,0,1
1743807600,0,1
1743987600,0,1
1743991200,0,1
1743994800,0,1
1743998400,0,1
1744002000,0,1
1744005600,0,1
1744009200,0,1
1744012800,0,1
1744016400,0,1
1744020000,0,1
1744023600,0,1
1744027200,0,1
1744030800,0,1
1744034400,0,1
1744038000,0,1
1744041600,0,1
1744045200,0,1
1744048800,0,1
1744052400,0,1
1744056000,0,1
1744059600,0,1
1744063200,0,1
1744066800,0,1
1744074000,0,1
1744077600,0,1
1744081200,0,1
1744084800,0,1
1744088400,0,1
1744092000,0,1
1744095600,0,1
1744099200,0,1
1744102800,0,1
1744106400,0,1
1744110000,0,1
1744113600,0,1
1744117200,0,1
1744120800,0,1
1744124400,0,1
1744128000,0,1
1744131600,0,1
1744135200,0,1
1744138800,0,1
1744142400,0,1
1744146000,0,1
1744149600,0,1
1744153200,0,1
1744160400,0,1
1744164000,0,1
1744167600,0,1
1744171200,0,1
1744174800,0,1
1744178400,0,1
1744182000,0,1
1744185600,0,1
1744189200,0,1
1744192800,0,1
1744196400,0,1
1744200000,0,1
1744203600,0,1
1744207200,0,1
1744210800,0,1
1744214400,0,1
1744218000,0,1
1744221600,0,1
1744225200,0,1
1744228800,0,1
1744232400,0,1
1744236000,0,1
1744239600,0,1
1744246800,0,1
1744250400,0,1
1744254000,0,1
1744257600,0,1
1744261200,0,1
1744264800,0,1
1744268400,0,1
1744272000,0,1
1744275600,0,1
1744279200,0,1
1744282800,0,1
1744286400,0,1
1744290000,0,1
1744293600,0,1
1744297200,0,1
1744300800,0,1
1744304400,0,1
1744308000,0,1
1744311600,0,1
1744315200,0,1
1744318800,0,1
1744322400,0,1
1744326000,0,1
1744333200,0,1
1744336800,0,1
1744340400,0,1
1744344000,0,1
1744347600,0,1
1744351200,0,1
1744354800,0,1
1744358400,0,1
1744362000,0,1
1744365600,0,1
1744369200,0,1
1744372800,0,1
1744376400,0,1
1744380000,0,1
1744383600,0,1
1744387200,0,1
1744390800,0,1
1744394400,0,1
1744398000,0,1
1744401600,0,1
1744405200,0,1
1744408800,0,1
1744412400,0,1
1744592400,0,1
1744596000,0,1
1744599600,0,1
1744603200,0,1
1744606800,0,1
1744610400,0,1
1744614000,0,1
1744617600,0,1
1744621200,0,1
1744624800,0,1
1744628400,0,1
1744632000,0,1
1744635600,0,1
1744639200,0,1
1744642800,0,1
1744646400,0,1
1744650000,0,1
1744653600,0,1
1744657200,0,1
1744660800,0,1
1744664400,0,1
1744668000,0,1
1744671600,0,1
1744678800,0,1
1744682400,0,1
1744686000,0,1
1744689600,0,1
1744693200,0,1
1744696800,0,1
1744700400,2,1
1744704000,2,1
1744707600,2,1
1744711200,2,1
1744714800,2,1
1744718400,2,1
1744722000,2,1
1744725600,2,1
1744729200,2,1
1744732800,2,1
1744736400,2,1
1744740000,2,1
1744743600,2,1
1744747200,2,1
1744750800,2,1
1744754400,2,1
1744758000,2,1
1744765200,2,1
1744768800,2,1
1744772400,2,1
1744776000,2,1
1744779600,2,1
1744783200,2,1
1744786800,2,1
1744790400,2,1
1744794000,2,1
1744797600,2,1
1744801200,2,1
1744804800,2,1
1744808400,2,1
1744812000,2,1
1744815600,2,1
1744819200,2,1
1744822800,2,1
1744826400,2,1
1744830000,2,1
1744833600,2,1
1744837200,2,1
1744840800,2,1
1744844400,2,1
1744851600,2,1
1744855200,2,1
1744858800,2,1
1744862400,2,1
1744866000,2,1
1744869600,2,1
1744873200,2,1
1744876800,2,1
1744880400,2,1
1744884000,2,1
1744887600,2,1
1744891200,2,1
1744894800,2,1
1744898400,2,1
1744902000,2,1
1744905600,0,1
1744909200,0,1
1744912800,0,1
1744916400,0,1
1744920000,0,1
1744923600,0,1
1744927200,0,1
1744930800,0,1
1745197200,0,1
1745200800,0,1
1745204400,0,1
1745208000,0,1
1745211600,0,1
1745215200,0,1
1745218800,0,1
1745222400,0,1
1745226000,0,1
1745229600,2,1
1745233200,2,1
1745236800,2,1
1745240400,2,1
1745244000,2,1
1745247600,2,1
1745251200,2,1
1745254800,2,1
1745258400,2,1
1745262000,2,1
1745265600,2,1
1745269200,2,1
1745272800,2,1
1745276400,2,1
1745283600,2,1
1745287200,2,1
1745290800,2,1
1745294400,0,1
1745298000,0,1
1745301600,0,1
1745305200,0,1
1745308800,0,1
1745312400,0,1
1745316000,0,1
1745319600,0,1
1745323200,0,1
1745326800,0,1
1745330400,0,1
1745334000,0,1
1745337600,0,1
1745341200,0,1
1745344800,0,1
1745348400,0,1
1745352000,0,1
1745355600,0,1
1745359200,0,1
1745362800,0,1
1745370000,0,1
1745373600,0,1
1745377200,0,1
1745380800,0,1
1745384400,0,1
1745388000,0,1
1745391600,0,1
1745395200,0,1
1745398800,0,1
1745402400,0,1
1745406000,0,1
1745409600,0,1
1745413200,0,1
1745416800,0,1
1745420400,0,1
1745424000,0,1
1745427600,0,1
1745431200,0,1
1745434800,0,1
1745438400,0,1
1745442000,0,1
1745445600,0,1
1745449200,0,1
1745456400,0,1
1745460000,0,1
1745463600,0,1
1745467200,0,1
1745470800,0,1
1745474400,0,1
1745478000,0,1
1745481600,0,1
1745485200,0,1
1745488800,0,1
1745492400,0,1
1745496000,0,1
1745499600,0,1
1745503200,0,1
1745506800,0,1
1745510400,0,1
1745514000,0,1
1745517600,0,1
1745521200,0,1
1745524800,0,1
1745528400,0,1
1745532000,0,1
1745535600,0,1
1745542800,0,1
1745546400,0,1
1745550000,0,1
1745553600,0,1
1745557200,0,1
1745560800,0,1
1745564400,0,1
1745568000,0,1
1745571600,0,1
1745575200,0,1
1745578800,0,1
1745582400,0,1
1745586000,0,1
1745589600,0,1
1745593200,0,1
1745596800,0,1
1745600400,0,1
1745604000,0,1
1745607600,0,1
1745611200,0,1
1745614800,0,1
1745618400,0,1
1745622000,0,1
1745802000,0,1
1745805600,0,1
1745809200,0,1
1745812800,0,1
1745816400,0,1
1745820000,0,1
1745823600,0,1
1745827200,0,1
1745830800,0,1
1745834400,0,1
1745838000,0,1
1745841600,0,1
1745845200,0,1
1745848800,0,1
1745852400,0,1
1745856000,0,1
1745859600,0,1
1745863200,0,1
1745866800,0,1
1745870400,0,1
1745874000,0,1
1745877600,0,1
1745881200,0,1
1745888400,0,1
1745892000,0,1
1745895600,0,1
1745899200,0,1
1745902800,0,1
1745906400,0,1
1745910000,0,1
1745913600,0,1
1745917200,0,1
1745920800,0,1
1745924400,0,1
1745928000,3,0
1745931600,3,0
1745935200,3,0
1745938800,3,0
1745942400,3,0
1745946000,3,0
1745949600,3,0
1745953200,3,0
1745956800,3,0
1745960400,3,0
1745964000,3,0
1745967600,3,0
1745974800,3,0
1745978400,3,0
1745982000,3,0
1745985600,3,0
1745989200,3,0
1745992800,3,0
1745996400,3,0
1746000000,3,0
1746003600,3,0
1746007200,3,0
1746010800,3,0
1746014400,3,0
1746018000,3,0
1746021600,3,0
1746025200,0,1
1746028800,0,1
1746032400,0,1
1746036000,0,1
1746039600,0,1
1746043200,0,1
1746046800,0,1
1746050400,0,1
1746054000,0,1
1746061200,0,1
1746064800,0,1
1746068400,0,1
1746072000,0,1
1746075600,0,1
1746079200,0,1
1746082800,0,1
1746086400,0,1
1746090000,0,1
1746093600,0,1
1746097200,0,1
1746100800,0,1
1746104400,0,1
1746108000,0,1
1746111600,0,1
1746115200,0,1
1746118800,0,1
1746122400,0,1
1746126000,0,1
1746129600,0,1
1746133200,0,1
1746136800,0,1
1746140400,0,1
1746147600,0,1
1746151200,0,1
1746154800,0,1
1746158400,0,1
1746162000,0,1
1746165600,2,1
1746169200,2,1
1746172800,2,1
1746176400,2,1
1746180000,2,1
1746183600,2,1
1746187200,2,1
1746190800,2,1
1746194400,2,1
1746198000,3,0
1746201600,3,0
1746205200,3,0
1746208800,0,1
1746212400,0,1
1746216000,0,1
1746219600,0,1
1746223200,0,1
1746226800,0,1
1746406800,0,1
1746410400,0,1
1746414000,0,1
1746417600,0,1
1746421200,0,1
1746424800,0,1
1746428400,0,1
1746432000,0,1
1746435600,0,1
1746439200,0,1
1746442800,0,1
1746446400,0,1
1746450000,0,1
1746453600,0,1
1746457200,0,1
1746460800,0,1
1746464400,0,1
1746468000,0,1
1746471600,2,1
1746475200,2,1
1746478800,2,1
1746482400,2,1
1746486000,2,1
1746493200,2,1
1746496800,2,1
1746500400,2,1
1746504000,0,1
1746507600,0,1
1746511200,0,1
1746514800,0,1
1746518400,0,1
1746522000,0,1
1746525600,0,1
1746529200,0,1
1746532800,0,1
1746536400,0,1
1746540000,0,1
1746543600,0,1
1746547200,0,1
1746550800,0,1
1746554400,0,1
1746558000,0,1
1746561600,0,1
1746565200,0,1
1746568800,0,1
1746572400,0,1
1746579600,0,1
1746583200,0,1
1746586800,0,1
1746590400,0,1
1746594000,0,1
1746597600,0,1
1746601200,0,1
1746604800,0,1
1746608400,0,1
1746612000,0,1
1746615600,0,1
1746619200,0,1
1746622800,0,1
1746626400,0,1
1746630000,0,1
1746633600,0,1
1746637200,0,1
1746640800,0,1
1746644400,0,1
1746648000,0,1
1746651600,0,1
1746655200,0,1
1746658800,0,1
1746666000,0,1
1746669600,0,1
1746673200,0,1
1746676800,0,1
1746680400,0,1
1746684000,0,1
1746687600,0,1
1746691200,0,1
1746694800,0,1
1746698400,0,1
1746702000,0,1
1746705600,0,1
1746709200,0,1
1746712800,0,1
1746716400,0,1
1746720000,0,1
1746723600,0,1
1746727200,0,1
1746730800,0,1
1746734400,0,1
1746738000,0,1
1746741600,0,1
1746745200,0,1
1746752400,0,1
1746756000,0,1
1746759600,0,1
1746763200,0,1
1746766800,0,1
1746770400,0,1
1746774000,0,1
1746777600,0,1
1746781200,0,1
1746784800,0,1
1746788400,0,1
1746792000,0,1
1746795600,0,1
1746799200,0,1
1746802800,0,1
1746806400,0,1
1746810000,0,1
1746813600,0,1
1746817200,0,1
1746820800,0,1
1746824400,0,1
1746828000,0,1
1746831600,0,1
1747011600,0,1
1747015200,0,1
1747018800,0,1
1747022400,0,1
1747026000,0,1
1747029600,0,1
1747033200,0,1
1747036800,0,1
1747040400,0,1
1747044000,0,1
1747047600,0,1
1747051200,0,1
1747054800,0,1
1747058400,0,1
1747062000,0,1
1747065600,0,1
1747069200,0,1
1747072800,0,1
1747076400,0,1
1747080000,0,1
1747083600,0,1
1747087200,0,1
1747090800,0,1
1747098000,0,1
1747101600,0,1
1747105200,0,1
1747108800,0,1
1747112400,0,1
1747116000,0,1
1747119600,0,1
1747123200,0,1
1747126800,0,1
1747130400,0,1
1747134000,3,0
1747137600,3,0
1747141200,3,0
1747144800,3,0
1747148400,3,0
1747152000,3,0
1747155600,3,0
1747159200,3,0
1747162800,3,0
1747166400,3,0
1747170000,3,0
1747173600,3,0
1747177200,3,0
1747184400,3,0
1747188000,3,0
1747191600,3,0
1747195200,3,0
1747198800,3,0
1747202400,3,0
1747206000,3,0
1747209600,3,0
1747213200,3,0
1747216800,3,0
1747220400,3,0
1747224000,3,0
1747227600,3,0
1747231200,3,0
1747234800,0,1
1747238400,0,1
1747242000,0,1
1747245600,0,1
1747249200,0,1
1747252800,0,1
1747256400,0,1
1747260000,0,1
1747263600,0,1
1747267200,0,1
1747270800,0,1
1747274400,0,1
1747278000,0,1
1747281600,0,1
1747285200,0,1
1747288800,0,1
1747292400,0,1
1747296000,0,1
1747299600,0,1
1747303200,0,1
1747306800,0,1
1747310400,0,1
1747314000,0,1
1747317600,0,1
1747321200,0,1
1747324800,0,1
1747328400,0,1
1747332000,0,1
1747335600,0,1
1747339200,0,1
1747342800,0,1
1747346400,0,1
1747350000,0,1
1747357200,0,1
1747360800,0,1
1747364400,0,1
1747368000,0,1
1747371600,0,1
1747375200,0,1
1747378800,0,1
1747382400,0,1
1747386000,0,1
1747389600,0,1
1747393200,0,1
1747396800,0,1
1747400400,0,1
1747404000,0,1
1747407600,0,1
1747411200,0,1
1747414800,0,1
1747418400,0,1
1747422000,0,1
1747425600,0,1
1747429200,0,1
1747432800,0,1
1747436400,0,1
1747616400,0,1
1747620000,0,1
1747623600,0,1
1747627200,0,1
1747630800,0,1
1747634400,0,1
1747638000,0,1
1747641600,0,1
1747645200,0,1
1747648800,0,1
1747652400,0,1
1747656000,0,1
1747659600,0,1
1747663200,0,1
1747666800,0,1
1747670400,0,1
1747674000,0,1
1747677600,0,1
1747681200,0,1
1747684800,0,1
1747688400,0,1
1747692000,0,1
1747695600,0,1
1747702800,0,1
1747706400,3,0
1747710000,3,0
1747713600,3,0
1747717200,3,0
1747720800,3,0
1747724400,3,0
1747728000,3,0
1747731600,3,0
1747735200,3,0
1747738800,2,1
1747742400,2,1
1747746000,2,1
1747749600,2,1
1747753200,2,1
1747756800,2,1
1747760400,2,1
1747764000,2,1
1747767600,2,1
1747771200,2,1
1747774800,2,1
1747778400,2,1
1747782000,2,1
1747789200,2,1
1747792800,2,1
1747796400,2,1
1747800000,2,1
1747803600,2,1
1747807200,2,1
1747810800,2,1
1747814400,2,1
1747818000,2,1
1747821600,2,1
1747825200,2,1
1747828800,2,1
1747832400,2,1
1747836000,2,1
1747839600,2,1
1747843200,2,1
1747846800,2,1
1747850400,2,1
1747854000,2,1
1747857600,2,1
1747861200,2,1
1747864800,2,1
1747868400,2,1
1747875600,2,1
1747879200,2,1
1747882800,2,1
1747886400,2,1
1747890000,2,1
1747893600,2,1
1747897200,2,1
1747900800,2,1
1747904400,2,1
1747908000,2,1
1747911600,3,0
1747915200,3,0
1747918800,3,0
1747922400,0,1
1747926000,0,1
1747929600,0,1
1747933200,0,1
1747936800,0,1
1747940400,0,1
1747944000,0,1
1747947600,0,1
1747951200,0,1
1747954800,0,1
1747962000,0,1
1747965600,0,1
1747969200,0,1
1747972800,0,1
1747976400,0,1
1747980000,2,1
1747983600,2,1
1747987200,2,1
1747990800,2,1
1747994400,2,1
1747998000,2,1
1748001600,2,1
1748005200,2,1
1748008800,2,1
1748012400,2,1
1748016000,2,1
1748019600,2,1
1748023200,2,1
1748026800,2,1
1748030400,2,1
1748034000,2,1
1748037600,2,1
1748041200,2,1
1748221200,2,1
1748224800,2,1
1748228400,2,1
1748232000,2,1
1748235600,2,1
1748239200,2,1
1748242800,2,1
1748246400,3,0
1748250000,3,0
1748253600,3,0
1748257200,3,0
1748260800,3,0
1748264400,3,0
1748268000,3,0
1748271600,3,0
1748275200,3,0
1748278800,1,0
1748282400,1,0
1748286000,1,0
1748289600,1,0
1748293200,1,0
1748307600,1,0
1748311200,1,0
1748314800,1,0
1748318400,1,0
1748322000,1,0
1748325600,1,0
1748329200,1,0
1748332800,3,0
1748336400,3,0
1748340000,3,0
1748343600,3,0
1748347200,3,0
1748350800,3,0
1748354400,3,0
1748358000,3,0
1748361600,3,0
1748365200,3,0
1748368800,3,0
1748372400,3,0
1748376000,3,0
1748379600,3,0
1748383200,3,0
1748386800,3,0
1748394000,3,0
1748397600,3,0
1748401200,3,0
1748404800,3,0
1748408400,3,0
1748412000,3,0
1748415600,3,0
1748419200,3,0
1748422800,3,0
1748426400,3,0
1748430000,3,0
1748433600,3,0
1748437200,3,0
1748440800,3,0
1748444400,3,0
1748448000,3,0
1748451600,3,0
1748455200,3,0
1748458800,3,0
1748462400,3,0
1748466000,3,0
1748469600,3,0
1748473200,3,0
1748480400,3,0
1748484000,0,1
1748487600,0,1
1748491200,0,1
1748494800,0,1
1748498400,0,1
1748502000,0,1
1748505600,0,1
1748509200,0,1
1748512800,0,1
1748516400,0,1
1748520000,0,1
1748523600,0,1
1748527200,0,1
1748530800,0,1
1748534400,0,1
1748538000,0,1
1748541600,0,1
1748545200,0,1
1748548800,0,1
1748552400,0,1
1748556000,0,1
1748559600,0,1
1748566800,0,1
1748570400,0,1
1748574000,0,1
1748577600,0,1
1748581200,0,1
1748584800,0,1
1748588400,0,1
1748592000,0,1
1748595600,0,1
1748599200,0,1
1748602800,3,0
1748606400,3,0
1748610000,3,0
1748613600,3,0
1748617200,3,0
1748620800,3,0
1748624400,3,0
1748628000,3,0
1748631600,3,0
1748635200,3,0
1748638800,3,0
1748642400,3,0
1748646000,3,0
1748826000,2,1
1748829600,2,1
1748833200,2,1
1748836800,2,1
1748840400,2,1
1748844000,2,1
1748847600,2,1
1748851200,2,1
1748854800,2,1
1748858400,2,1
1748862000,2,1
1748865600,2,1
1748869200,2,1
1748872800,2,1
1748876400,2,1
1748880000,2,1
1748883600,2,1
1748887200,2,1
1748890800,2,1
1748894400,2,1
1748898000,2,1
1748901600,2,1
1748905200,2,1
1748912400,2,1
1748916000,2,1
1748919600,2,1
1748923200,2,1
1748926800,2,1
1748930400,2,1
1748934000,2,1
1748937600,2,1
1748941200,3,0
1748944800,3,0
1748948400,3,0
1748952000,3,0
1748955600,3,0
1748959200,3,0
1748962800,3,0
1748966400,3,0
1748970000,3,0
1748973600,3,0
1748977200,3,0
1748980800,3,0
1748984400,1,0
1748988000,1,0
1748991600,1,0
1748998800,1,0
1749002400,1,0
1749006000,1,0
1749009600,2,1
1749013200,2,1
1749016800,2,1
1749020400,3,0
1749024000,3,0
1749027600,3,0
1749031200,3,0
1749034800,3,0
1749038400,3,0
1749042000,3,0
1749045600,3,0
1749049200,3,0
1749052800,3,0
1749056400,2,1
1749060000,2,1
1749063600,2,1
1749067200,2,1
1749070800,2,1
1749074400,2,1
1749078000,2,1
1749085200,2,1
1749088800,2,1
1749092400,2,1
1749096000,2,1
1749099600,3,0
1749103200,3,0
1749106800,3,0
1749110400,3,0
1749114000,3,0
1749117600,3,0
1749121200,2,1
1749124800,2,1
1749128400,2,1
1749132000,2,1
1749135600,2,1
1749139200,2,1
1749142800,3,0
1749146400,3,0
1749150000,3,0
1749153600,3,0
1749157200,3,0
1749160800,3,0
1749164400,3,0
1749171600,3,0
1749175200,3,0
1749178800,3,0
1749182400,3,0
1749186000,3,0
1749189600,3,0
1749193200,3,0
1749196800,3,0
1749200400,3,0
1749204000,3,0
1749207600,3,0
1749211200,3,0
1749214800,3,0
1749218400,3,0
1749222000,3,0
1749225600,3,0
1749229200,3,0
1749232800,3,0
1749236400,3,0
1749240000,3,0
1749243600,3,0
1749247200,3,0
1749250800,3,0
1749430800,3,0
1749434400,3,0
1749438000,3,0
1749441600,3,0
1749445200,3,0
1749448800,3,0
1749452400,3,0
1749456000,3,0
1749459600,3,0
1749463200,3,0
1749466800,3,0
1749470400,3,0
1749474000,3,0
1749477600,3,0
1749481200,3,0
1749484800,3,0
1749488400,3,0
1749492000,3,0
1749495600,3,0
1749499200,3,0
1749502800,3,0
1749506400,3,0
1749510000,3,0
1749517200,3,0
1749520800,3,0
1749524400,3,0
1749528000,3,0
1749531600,3,0
1749535200,3,0
1749538800,3,0
1749542400,3,0
1749546000,3,0
1749549600,3,0
1749553200,3,0
1749556800,3,0
1749560400,2,1
1749564000,2,1
1749567600,2,1
1749571200,2,1
1749574800,2,1
1749578400,3,0
1749582000,3,0
1749585600,3,0
1749589200,3,0
1749592800,3,0
1749596400,3,0
1749603600,3,0
1749607200,3,0
1749610800,3,0
1749614400,3,0
1749618000,3,0
1749621600,1,0
1749625200,1,0
1749628800,1,0
1749632400,1,0
1749636000,1,0
1749639600,1,0
1749643200,3,0
1749646800,3,0
1749650400,3,0
1749654000,3,0
1749657600,3,0
1749661200,3,0
1749664800,3,0
1749668400,3,0
1749672000,3,0
1749675600,2,1
1749679200,2,1
1749682800,2,1
1749690000,2,1
1749693600,2,1
1749697200,2,1
1749700800,2,1
1749704400,2,1
1749708000,2,1
1749711600,2,1
1749715200,2,1
1749718800,2,1
1749722400,2,1
1749726000,2,1
1749729600,2,1
1749733200,2,1
1749736800,2,1
1749740400,2,1
1749744000,2,1
1749747600,2,1
1749751200,2,1
1749754800,2,1
1749758400,2,1
1749762000,2,1
1749765600,2,1
1749769200,2,1
1749776400,2,1
1749780000,2,1
1749783600,2,1
1749787200,2,1
1749790800,2,1
1749794400,2,1
1749798000,2,1
1749801600,2,1
1749805200,2,1
1749808800,2,1
1749812400,2,1
1749816000,2,1
1749819600,2,1
1749823200,2,1
1749826800,2,1
1749830400,2,1
1749834000,2,1
1749837600,2,1
1749841200,2,1
1749844800,2,1
1749848400,2,1
1749852000,2,1
1749855600,2,1
1750035600,2,1
1750039200,2,1
1750042800,2,1
1750046400,2,1
1750050000,2,1
1750053600,2,1
1750057200,2,1
1750060800,3,0
1750064400,3,0
1750068000,3,0
1750071600,3,0
1750075200,3,0
1750078800,3,0
1750082400,3,0
1750086000,3,0
1750089600,3,0
1750093200,3,0
1750096800,3,0
1750100400,3,0
1750104000,3,0
1750107600,3,0
1750111200,3,0
1750114800,3,0
1750122000,3,0
1750125600,3,0
1750129200,3,0
1750132800,3,0
1750136400,3,0
1750140000,3,0
1750143600,3,0
1750147200,3,0
1750150800,3,0
1750154400,3,0
1750158000,3,0
1750161600,3,0
1750165200,3,0
1750168800,3,0
1750172400,3,0
1750176000,3,0
1750179600,3,0
1750183200,3,0
1750186800,3,0
1750190400,3,0
1750194000,3,0
1750197600,3,0
1750201200,3,0
1750208400,3,0
1750212000,3,0
1750215600,3,0
1750219200,3,0
1750222800,3,0
1750226400,3,0
1750230000,3,0
1750233600,3,0
1750237200,3,0
1750240800,3,0
1750244400,3,0
1750248000,3,0
1750251600,3,0
1750255200,3,0
1750258800,3,0
1750262400,3,0
1750266000,3,0
1750269600,3,0
1750273200,3,0
1750276800,3,0
1750280400,3,0
1750284000,3,0
1750287600,3,0
1750294800,3,0
1750298400,3,0
1750302000,3,0
1750305600,3,0
1750309200,3,0
1750312800,3,0
1750316400,3,0
1750320000,3,0
1750323600,3,0
1750327200,3,0
1750330800,3,0
1750334400,3,0
1750338000,3,0
1750341600,3,0
1750345200,3,0
1750348800,3,0
1750352400,3,0
1750356000,3,0
1750359600,3,0
1750363200,3,0
1750366800,3,0
1750381200,3,0
1750384800,3,0
1750388400,3,0
1750392000,3,0
1750395600,3,0
1750399200,3,0
1750402800,3,0
1750406400,3,0
1750410000,3,0
1750413600,3,0
1750417200,3,0
1750420800,3,0
1750424400,3,0
1750428000,3,0
1750431600,3,0
1750435200,3,0
1750438800,3,0
1750442400,3,0
1750446000,3,0
1750449600,3,0
1750453200,3,0
1750456800,3,0
1750460400,3,0
1750640400,3,0
1750644000,3,0
1750647600,3,0
1750651200,3,0
1750654800,3,0
1750658400,3,0
1750662000,3,0
1750665600,3,0
1750669200,3,0
1750672800,3,0
1750676400,3,0
1750680000,3,0
1750683600,3,0
1750687200,2,1
1750690800,2,1
1750694400,2,1
1750698000,2,1
1750701600,2,1
1750705200,2,1
1750708800,2,1
1750712400,2,1
1750716000,3,0
1750719600,3,0
1750726800,3,0
1750730400,3,0
1750734000,3,0
1750737600,3,0
1750741200,3,0
1750744800,3,0
1750748400,3,0
1750752000,3,0
1750755600,3,0
1750759200,3,0
1750762800,3,0
1750766400,3,0
1750770000,3,0
1750773600,3,0
1750777200,3,0
1750780800,3,0
1750784400,3,0
1750788000,3,0
1750791600,3,0
1750795200,3,0
1750798800,3,0
1750802400,3,0
1750806000,3,0
1750813200,3,0
1750816800,3,0
1750820400,3,0
1750824000,3,0
1750827600,3,0
1750831200,3,0
1750834800,3,0
1750838400,1,0
1750842000,1,0
1750845600,1,0
1750849200,1,0
1750852800,1,0
1750856400,1,0
1750860000,1,0
1750863600,1,0
1750867200,1,0
1750870800,1,0
1750874400,1,0
1750878000,1,0
1750881600,1,0
1750885200,1,0
1750888800,1,0
1750892400,1,0
1750899600,1,0
1750903200,1,0
1750906800,1,0
1750910400,1,0
1750914000,1,0
1750917600,1,0
1750921200,1,0
1750924800,1,0
1750928400,1,0
1750932000,1,0
1750935600,1,0
1750939200,1,0
1750942800,1,0
1750946400,1,0
1750950000,3,0
1750953600,3,0
1750957200,3,0
1750960800,3,0
1750964400,3,0
1750968000,3,0
1750971600,3,0
1750975200,3,0
1750978800,3,0
1750986000,3,0
1750989600,3,0
1750993200,3,0
1750996800,3,0
1751000400,3,0
1751004000,3,0
1751007600,3,0
1751011200,3,0
1751014800,3,0
1751018400,3,0
1751022000,3,0
1751025600,3,0
1751029200,3,0
1751032800,3,0
1751036400,3,0
1751040000,3,0
1751043600,3,0
1751047200,3,0
1751050800,3,0
1751054400,3,0
1751058000,3,0
1751061600,3,0
1751065200,3,0
1751245200,0,1
1751248800,3,0
1751252400,3,0
1751256000,3,0
1751259600,3,0
1751263200,3,0
1751266800,3,0
1751270400,3,0
1751274000,3,0
1751277600,3,0
1751281200,3,0
1751284800,3,0
1751288400,3,0
1751292000,3,0
1751295600,3,0
1751299200,1,0
1751302800,1,0
1751306400,1,0
1751310000,1,0
1751313600,1,0
1751317200,1,0
1751320800,1,0
1751324400,1,0
1751331600,2,1
1751335200,2,1
1751338800,2,1
1751342400,2,1
1751346000,2,1
1751349600,2,1
1751353200,2,1
1751356800,2,1
1751360400,2,1
1751364000,2,1
1751367600,2,1
1751371200,2,1
1751374800,2,1
1751378400,2,1
1751382000,2,1
1751385600,2,1
1751389200,2,1
1751392800,1,0
1751396400,1,0
1751400000,1,0
1751403600,1,0
1751407200,1,0
1751410800,1,0
1751418000,1,0
1751421600,1,0
1751425200,1,0
1751428800,1,0
1751432400,1,0
1751436000,1,0
1751439600,1,0
1751443200,1,0
1751446800,1,0
1751450400,1,0
1751454000,1,0
1751457600,1,0
1751461200,1,0
1751464800,1,0
1751468400,1,0
1751472000,1,0
1751475600,1,0
1751479200,1,0
1751482800,1,0
1751486400,1,0
1751490000,1,0
1751493600,1,0
1751497200,1,0
1751504400,1,0
1751508000,1,0
1751511600,1,0
1751515200,1,0
1751518800,1,0
1751522400,1,0
1751560200,3,0
1751563800,3,0
1751567400,3,0
1751571000,3,0
1751612400,3,0
1751616000,3,0
1751619600,3,0
1751623200,3,0
1751626800,3,0
1751630400,3,0
1751634000,1,0
1751637600,1,0
1751641200,1,0
1751644800,1,0
1751648400,1,0
1751652000,1,0
1751655600,1,0
1751850000,1,0
1751853600,1,0
1751857200,1,0
1751860800,3,0
1751864400,3,0
1751868000,3,0
1751871600,3,0
1751875200,3,0
1751878800,3,0
1751882400,3,0
1751886000,3,0
1751889600,3,0
1751893200,3,0
1751896800,3,0
1751900400,3,0
1751904000,3,0
1751907600,3,0
1751911200,3,0
1751914800,2,1
1751918400,2,1
1751922000,2,1
1751925600,2,1
1751929200,2,1
1751936400,2,1
1751940000,1,0
1751943600,1,0
1751947200,1,0
1751950800,1,0
1751954400,1,0
1751958000,1,0
1751961600,1,0
1751965200,1,0
1751968800,1,0
1751972400,1,0
1751976000,1,0
1751979600,1,0
1751983200,1,0
1751986800,1,0
1751990400,3,0
1751994000,3,0
1751997600,3,0
1752001200,3,0
1752004800,3,0
1752008400,3,0
1752012000,3,0
1752015600,3,0
1752022800,3,0
1752026400,3,0
1752030000,3,0
1752033600,3,0
1752037200,3,0
1752040800,3,0
1752044400,3,0
1752048000,3,0
1752051600,3,0
1752055200,3,0
1752058800,3,0
1752062400,3,0
1752066000,3,0
1752069600,3,0
1752073200,3,0
1752076800,3,0
1752080400,3,0
1752084000,3,0
1752087600,1,0
1752091200,1,0
1752094800,1,0
1752098400,1,0
1752102000,1,0
1752109200,1,0
1752112800,1,0
1752116400,1,0
1752120000,1,0
1752123600,1,0
1752127200,1,0
1752130800,1,0
1752134400,1,0
1752138000,1,0
1752141600,1,0
1752145200,1,0
1752148800,1,0
1752152400,1,0
1752156000,1,0
1752159600,1,0
1752163200,1,0
1752166800,1,0
1752170400,1,0
1752174000,1,0
1752177600,1,0
1752181200,1,0
1752184800,1,0
1752188400,1,0
1752195600,1,0
1752199200,1,0
1752202800,1,0
1752206400,1,0
1752210000,1,0
1752213600,1,0
1752217200,1,0
1752220800,1,0
1752224400,1,0
1752228000,1,0
1752231600,1,0
1752235200,1,0
1752238800,1,0
1752242400,2,1
1752246000,2,1
1752249600,2,1
1752253200,2,1
1752256800,2,1
1752260400,2,1
1752264000,2,1
1752267600,2,1
1752271200,2,1
1752274800,1,0
1752476400,1,0
1752480000,1,0
1752483600,1,0
1752487200,1,0
1752490800,1,0
1752494400,1,0
1752498000,1,0
1752501600,1,0
1752505200,3,0
1752508800,3,0
1752512400,3,0
1752516000,3,0
1752519600,3,0
1752523200,3,0
1752526800,3,0
1752530400,3,0
1752534000,3,0
1752541200,3,0
1752544800,1,0
1752548400,1,0
1752552000,1,0
1752555600,1,0
1752559200,1,0
1752562800,1,0
1752566400,1,0
1752570000,1,0
1752573600,1,0
1752577200,1,0
1752580800,1,0
1752584400,1,0
1752588000,1,0
1752591600,1,0
1752595200,3,0
1752598800,3,0
1752602400,3,0
1752606000,3,0
1752609600,3,0
1752613200,3,0
1752616800,3,0
1752620400,3,0
1752627600,3,0
1752631200,3,0
1752634800,3,0
1752638400,3,0
1752642000,3,0
1752645600,3,0
1752649200,1,0
1752652800,1,0
1752656400,1,0
1752660000,1,0
1752663600,1,0
1752667200,1,0
1752670800,1,0
1752674400,1,0
1752678000,1,0
1752681600,3,0
1752685200,3,0
1752688800,0,1
1752692400,3,0
1752696000,3,0
1752699600,3,0
1752703200,3,0
1752706800,3,0
1752714000,3,0
1752717600,3,0
1752721200,3,0
1752724800,3,0
1752728400,3,0
1752732000,3,0
1752735600,3,0
1752739200,3,0
1752742800,3,0
1752746400,3,0
1752750000,3,0
1752753600,3,0
1752757200,3,0
1752760800,3,0
1752764400,3,0
1752768000,3,0
1752771600,3,0
1752775200,3,0
1752778800,1,0
1752782400,1,0
1752786000,1,0
1752789600,1,0
1752793200,1,0
1752800400,1,0
1752804000,1,0
1752807600,1,0
1752811200,1,0
1752814800,1,0
1752818400,1,0
1752822000,1,0
1752825600,1,0
1752829200,1,0
1752832800,1,0
1752836400,1,0
1752840000,1,0
1752843600,1,0
1752847200,1,0
1752850800,1,0
1752854400,1,0
1752858000,1,0
1752861600,1,0
1752865200,1,0
1752868800,1,0
1752872400,1,0
1752876000,1,0
1752879600,1,0
1753059600,1,0
1753063200,1,0
1753066800,1,0
1753070400,1,0
1753074000,1,0
1753077600,1,0
1753081200,1,0
1753084800,1,0
1753088400,1,0
1753092000,1,0
1753095600,1,0
1753099200,1,0
1753102800,1,0
1753106400,1,0
1753110000,2,1
1753113600,2,1
1753117200,2,1
1753120800,2,1
1753124400,2,1
1753128000,2,1
1753131600,2,1
1753135200,2,1
1753138800,2,1
1753146000,2,1
1753149600,1,0
1753153200,1,0
1753156800,1,0
1753160400,1,0
1753164000,1,0
1753167600,1,0
1753171200,1,0
1753174800,1,0
1753178400,1,0
1753182000,1,0
1753185600,1,0
1753189200,1,0
1753192800,1,0
1753196400,2,1
1753200000,2,1
1753203600,2,1
1753207200,2,1
1753210800,2,1
1753214400,2,1
1753218000,2,1
1753221600,2,1
1753225200,2,1
1753232400,2,1
1753236000,2,1
1753239600,2,1
1753243200,2,1
1753246800,2,1
1753250400,1,0
1753254000,1,0
1753257600,1,0
1753261200,1,0
1753264800,1,0
1753268400,1,0
1753272000,1,0
1753275600,1,0
1753279200,1,0
1753282800,3,0
1753286400,3,0
1753290000,3,0
1753293600,3,0
1753297200,3,0
1753300800,3,0
1753304400,3,0
1753308000,3,0
1753311600,3,0
1753318800,3,0
1753322400,3,0
1753326000,3,0
1753329600,3,0
1753333200,3,0
1753336800,3,0
1753340400,3,0
1753344000,3,0
1753347600,3,0
1753351200,3,0
1753354800,3,0
1753358400,3,0
1753362000,3,0
1753365600,3,0
1753369200,3,0
1753372800,3,0
1753376400,3,0
1753380000,3,0
1753383600,3,0
1753387200,3,0
1753390800,3,0
1753394400,1,0
1753398000,1,0
1753405200,1,0
1753408800,1,0
1753412400,1,0
1753416000,1,0
1753419600,1,0
1753423200,1,0
1753426800,1,0
1753430400,1,0
1753434000,1,0
1753437600,3,0
1753441200,3,0
1753444800,3,0
1753448400,3,0
1753452000,3,0
1753455600,3,0
1753459200,3,0
1753462800,3,0
1753466400,3,0
1753470000,3,0
1753473600,3,0
1753477200,3,0
1753480800,3,0
1753484400,3,0
1753671600,3,0
1753675200,3,0
1753678800,3,0
1753682400,1,0
1753686000,1,0
1753689600,1,0
1753693200,1,0
1753696800,1,0
1753700400,1,0
1753704000,1,0
1753707600,1,0
1753711200,1,0
1753714800,3,0
1753718400,3,0
1753722000,3,0
1753725600,3,0
1753729200,3,0
1753732800,3,0
1753736400,3,0
1753740000,3,0
1753743600,3,0
1753750800,3,0
1753754400,3,0
1753758000,3,0
1753761600,3,0
1753765200,3,0
1753768800,3,0
1753772400,3,0
1753776000,3,0
1753779600,3,0
1753783200,3,0
1753786800,3,0
1753790400,3,0
1753794000,3,0
1753797600,3,0
1753801200,3,0
1753804800,3,0
1753808400,3,0
1753812000,3,0
1753815600,1,0
1753819200,1,0
1753822800,1,0
1753826400,1,0
1753830000,1,0
1753837200,1,0
1753840800,1,0
1753844400,1,0
1753848000,1,0
1753851600,1,0
1753855200,1,0
1753858800,1,0
1753862400,1,0
1753866000,1,0
1753869600,0,1
1753873200,0,1
1753876800,0,1
1753880400,0,1
1753884000,0,1
1753887600,0,1
1753891200,0,1
1753894800,0,1
1753898400,0,1
1753902000,0,1
1753905600,0,1
1753909200,0,1
1753912800,0,1
1753916400,0,1
1753923600,0,1
1753927200,0,1
1753930800,0,1
1753934400,0,1
1753938000,0,1
1753941600,0,1
1753945200,0,1
1753948800,0,1
1753952400,0,1
1753956000,0,1
1753959600,2,1
1753963200,2,1
1753966800,2,1
1753970400,2,1
1753974000,2,1
1753977600,2,1
1753981200,3,0
1753984800,3,0
1753988400,3,0
1753992000,3,0
1753995600,3,0
1753999200,3,0
1754002800,1,0
1754010000,1,0
1754013600,1,0
1754017200,1,0
1754020800,1,0
1754024400,1,0
1754028000,1,0
1754031600,1,0
1754035200,1,0
1754038800,1,0
1754042400,1,0
1754046000,1,0
1754049600,1,0
1754053200,1,0
1754056800,1,0
1754060400,0,1
1754064000,2,1
1754067600,2,1
1754071200,2,1
1754074800,2,1
1754078400,2,1
1754082000,2,1
1754085600,2,1
1754089200,2,1
1754269200,2,1
1754272800,2,1
1754276400,2,1
1754280000,2,1
1754283600,2,1
1754287200,2,1
1754290800,2,1
1754294400,2,1
1754298000,2,1
1754301600,2,1
1754305200,2,1
1754308800,2,1
1754312400,2,1
1754316000,2,1
1754319600,2,1
1754323200,2,1
1754326800,2,1
1754330400,2,1
1754334000,2,1
1754337600,2,1
1754341200,2,1
1754344800,2,1
1754348400,2,1
1754355600,1,0
1754359200,1,0
1754362800,1,0
1754366400,1,0
1754370000,1,0
1754373600,1,0
1754377200,1,0
1754380800,1,0
1754384400,1,0
1754388000,1,0
1754391600,1,0
1754395200,1,0
1754398800,1,0
1754402400,1,0
1754406000,2,1
1754409600,2,1
1754413200,2,1
1754416800,2,1
1754420400,2,1
1754424000,2,1
1754427600,2,1
1754431200,2,1
1754434800,2,1
1754442000,2,1
1754445600,1,0
1754449200,1,0
1754452800,1,0
1754456400,1,0
1754460000,1,0
1754463600,1,0
1754467200,1,0
1754470800,1,0
1754474400,1,0
1754478000,1,0
1754481600,1,0
1754485200,1,0
1754488800,1,0
1754492400,1,0
1754496000,1,0
1754499600,1,0
1754503200,1,0
1754506800,1,0
1754510400,1,0
1754514000,1,0
1754517600,1,0
1754521200,1,0
1754528400,1,0
1754532000,1,0
1754535600,1,0
1754539200,1,0
1754542800,1,0
1754546400,1,0
1754550000,1,0
1754553600,1,0
1754557200,1,0
1754560800,2,1
1754564400,2,1
1754568000,2,1
1754571600,2,1
1754575200,2,1
1754578800,2,1
1754582400,2,1
1754586000,2,1
1754589600,2,1
1754593200,2,1
1754596800,2,1
1754600400,2,1
1754604000,2,1
1754607600,2,1
1754614800,0,1
1754618400,2,1
1754622000,2,1
1754625600,2,1
1754629200,2,1
1754632800,2,1
1754636400,2,1
1754640000,2,1
1754643600,2,1
1754647200,0,1
1754650800,0,1
1754654400,0,1
1754658000,0,1
1754661600,0,1
1754665200,0,1
1754668800,0,1
1754672400,0,1
1754676000,0,1
1754679600,0,1
1754683200,0,1
1754686800,0,1
1754690400,0,1
1754694000,0,1
1754874000,0,1
1754877600,0,1
1754881200,0,1
1754884800,0,1
1754888400,0,1
1754892000,0,1
1754895600,0,1
1754899200,0,1
1754902800,0,1
1754906400,0,1
1754910000,0,1
1754913600,0,1
1754917200,0,1
1754920800,0,1
1754924400,0,1
1754928000,0,1
1754931600,0,1
1754935200,0,1
1754938800,0,1
1754942400,0,1
1754946000,0,1
1754949600,0,1
1754953200,0,1
1754960400,3,0
1754964000,3,0
1754967600,3,0
1754971200,3,0
1754974800,3,0
1754978400,3,0
1754982000,3,0
1754985600,3,0
1754989200,3,0
1754992800,3,0
1754996400,3,0
1755000000,3,0
1755003600,3,0
1755007200,3,0
1755010800,3,0
1755014400,3,0
1755018000,3,0
1755021600,3,0
1755025200,3,0
1755028800,3,0
1755032400,3,0
1755036000,3,0
1755039600,3,0
1755046800,3,0
1755050400,3,0
1755054000,3,0
1755057600,3,0
1755061200,3,0
1755064800,1,0
1755068400,1,0
1755072000,1,0
1755075600,1,0
1755079200,1,0
1755082800,1,0
1755086400,1,0
1755090000,1,0
1755093600,1,0
1755097200,1,0
1755100800,1,0
1755104400,1,0
1755108000,1,0
1755111600,1,0
1755115200,1,0
1755118800,1,0
1755122400,1,0
1755126000,1,0
1755133200,1,0
1755136800,1,0
1755140400,1,0
1755144000,1,0
1755147600,1,0
1755151200,1,0
1755154800,1,0
1755158400,1,0
1755162000,1,0
1755165600,3,0
1755169200,3,0
1755172800,3,0
1755176400,3,0
1755180000,3,0
1755183600,3,0
1755187200,3,0
1755190800,3,0
1755194400,3,0
1755198000,3,0
1755201600,3,0
1755205200,3,0
1755208800,3,0
1755212400,3,0
1755219600,3,0
1755223200,3,0
1755226800,3,0
1755230400,1,0
1755234000,1,0
1755237600,1,0
1755241200,1,0
1755244800,1,0
1755248400,1,0
1755252000,1,0
1755255600,1,0
1755259200,1,0
1755262800,1,0
1755266400,1,0
1755270000,1,0
1755273600,1,0
1755277200,1,0
1755280800,1,0
1755284400,1,0
1755288000,1,0
1755291600,1,0
1755295200,1,0
1755298800,1,0
1755478800,1,0
1755482400,1,0
1755486000,1,0
1755489600,1,0
1755493200,1,0
1755496800,1,0
1755500400,1,0
1755504000,1,0
1755507600,1,0
1755511200,1,0
1755514800,1,0
1755518400,1,0
1755522000,1,0
1755525600,1,0
1755529200,1,0
1755532800,1,0
1755536400,1,0
1755540000,1,0
1755543600,1,0
1755547200,1,0
1755550800,1,0
1755554400,1,0
1755558000,1,0
1755561600,1,0
1755565200,1,0
1755568800,1,0
1755572400,1,0
1755576000,1,0
1755579600,1,0
1755583200,1,0
1755586800,1,0
1755590400,1,0
1755594000,1,0
1755597600,1,0
1755601200,1,0
1755604800,1,0
1755608400,1,0
1755612000,1,0
1755615600,1,0
1755619200,1,0
1755622800,1,0
1755626400,1,0
1755630000,1,0
1755633600,1,0
1755637200,1,0
1755640800,1,0
1755644400,1,0
1755651600,1,0
1755655200,1,0
1755658800,1,0
1755662400,1,0
1755666000,1,0
1755669600,1,0
1755673200,1,0
1755676800,1,0
1755680400,1,0
1755684000,1,0
1755687600,1,0
1755691200,1,0
1755694800,1,0
1755698400,1,0
1755702000,1,0
1755705600,1,0
1755709200,1,0
1755712800,1,0
1755716400,1,0
1755720000,1,0
1755723600,1,0
1755727200,1,0
1755730800,1,0
1755738000,1,0
1755741600,1,0
1755745200,1,0
1755748800,1,0
1755752400,1,0
1755756000,1,0
1755759600,1,0
1755763200,1,0
1755766800,1,0
1755770400,1,0
1755774000,1,0
1755777600,1,0
1755781200,1,0
1755784800,1,0
1755788400,1,0
1755792000,1,0
1755795600,1,0
1755799200,1,0
1755802800,1,0
1755806400,1,0
1755810000,1,0
1755813600,1,0
1755817200,1,0
1755824400,1,0
1755828000,1,0
1755831600,1,0
1755835200,1,0
1755838800,1,0
1755842400,1,0
1755846000,1,0
1755849600,1,0
1755853200,1,0
1755856800,1,0
1755860400,1,0
1755864000,1,0
1755867600,1,0
1755871200,1,0
1755874800,1,0
1755878400,1,0
1755882000,0,1
1755885600,2,1
1755889200,2,1
1755892800,2,1
1755896400,2,1
1755900000,2,1
1755903600,2,1
1756083600,2,1
1756087200,2,1
1756090800,2,1
1756094400,2,1
1756098000,2,1
1756101600,2,1
1756105200,2,1
1756108800,2,1
1756112400,2,1
1756116000,2,1
1756119600,2,1
1756123200,2,1
1756126800,2,1
1756130400,2,1
1756134000,2,1
1756137600,2,1
1756141200,2,1
1756144800,1,0
1756148400,1,0
1756152000,1,0
1756155600,1,0
1756159200,1,0
1756162800,1,0
1756170000,1,0
1756173600,1,0
1756177200,2,1
1756180800,2,1
1756184400,2,1
1756188000,2,1
1756191600,2,1
1756195200,2,1
1756198800,2,1
1756202400,2,1
1756206000,2,1
1756209600,2,1
1756213200,2,1
1756216800,2,1
1756220400,2,1
1756224000,2,1
1756227600,2,1
1756231200,2,1
1756234800,2,1
1756238400,2,1
1756242000,2,1
1756245600,2,1
1756249200,2,1
1756256400,2,1
1756260000,2,1
1756263600,2,1
1756267200,1,0
1756270800,1,0
1756274400,1,0
1756278000,1,0
1756281600,1,0
1756285200,1,0
1756288800,1,0
1756292400,1,0
1756296000,1,0
1756299600,1,0
1756303200,1,0
1756306800,1,0
1756310400,1,0
1756314000,1,0
1756317600,1,0
1756321200,1,0
1756324800,1,0
1756328400,1,0
1756332000,1,0
1756335600,1,0
1756342800,1,0
1756346400,1,0
1756350000,1,0
1756353600,1,0
1756357200,1,0
1756360800,1,0
1756364400,1,0
1756368000,1,0
1756371600,1,0
1756375200,1,0
1756378800,1,0
1756382400,1,0
1756386000,1,0
1756389600,1,0
1756393200,1,0
1756396800,1,0
1756400400,1,0
1756404000,1,0
1756407600,1,0
1756411200,1,0
1756414800,1,0
1756418400,1,0
1756422000,1,0
1756429200,1,0
1756432800,1,0
1756436400,1,0
1756440000,1,0
1756443600,1,0
1756447200,1,0
1756450800,1,0
1756454400,1,0
1756458000,1,0
1756461600,1,0
1756465200,1,0
1756468800,1,0
1756472400,1,0
1756476000,1,0
1756479600,1,0
1756483200,1,0
1756486800,2,1
1756490400,2,1
1756494000,2,1
1756497600,2,1
1756501200,2,1
1756504800,2,1
1756508400,2,1
1756796400,0,1
1756800000,0,1
1756803600,0,1
1756807200,0,1
1756810800,0,1
1756814400,0,1
1756818000,0,1
1756821600,0,1
1756825200,0,1
1756828800,0,1
1756832400,0,1
1756836000,0,1
1756839600,0,1
1756843200,0,1
1756846800,0,1
1756850400,0,1
1756854000,0,1
1756861200,0,1
1756864800,0,1
1756868400,0,1
1756872000,0,1
1756875600,0,1
1756879200,0,1
1756882800,2,1
1756886400,2,1
1756890000,2,1
1756893600,2,1
1756897200,2,1
1756900800,2,1
1756904400,2,1
1756908000,2,1
1756911600,2,1
1756915200,2,1
1756918800,2,1
1756922400,2,1
1756926000,2,1
1756929600,2,1
1756933200,2,1
1756936800,2,1
1756940400,2,1
1756947600,2,1
1756951200,2,1
1756954800,2,1
1756958400,2,1
1756962000,3,0
1756965600,3,0
1756969200,3,0
1756972800,3,0
1756976400,3,0
1756980000,3,0
1756983600,3,0
1756987200,3,0
1756990800,3,0
1756994400,2,1
1756998000,2,1
1757001600,2,1
1757005200,2,1
1757008800,2,1
1757012400,2,1
1757016000,2,1
1757019600,2,1
1757023200,2,1
1757026800,2,1
1757034000,2,1
1757037600,2,1
1757041200,2,1
1757044800,2,1
1757048400,1,0
1757052000,1,0
1757055600,1,0
1757059200,1,0
1757062800,1,0
1757066400,1,0
1757070000,1,0
1757073600,1,0
1757077200,1,0
1757080800,1,0
1757084400,2,1
1757088000,2,1
1757091600,2,1
1757095200,2,1
1757098800,2,1
1757102400,2,1
1757106000,2,1
1757109600,2,1
1757113200,2,1
1757293200,2,1
1757296800,3,0
1757300400,3,0
1757304000,3,0
1757307600,3,0
1757311200,3,0
1757314800,3,0
1757318400,3,0
1757322000,2,1
1757325600,2,1
1757329200,2,1
1757332800,2,1
1757336400,2,1
1757340000,2,1
1757343600,2,1
1757347200,2,1
1757350800,2,1
1757354400,2,1
1757358000,2,1
1757361600,2,1
1757365200,2,1
1757368800,2,1
1757372400,2,1
1757379600,1,0
1757383200,1,0
1757386800,1,0
1757390400,1,0
1757394000,1,0
1757397600,1,0
1757401200,1,0
1757404800,1,0
1757408400,1,0
1757412000,1,0
1757415600,1,0
1757419200,1,0
1757422800,1,0
1757426400,1,0
1757430000,1,0
1757433600,2,1
1757437200,2,1
1757440800,2,1
1757444400,2,1
1757448000,2,1
1757451600,3,0
1757455200,3,0
1757458800,3,0
1757466000,3,0
1757469600,3,0
1757473200,3,0
1757476800,3,0
1757480400,3,0
1757484000,3,0
1757487600,3,0
1757491200,3,0
1757494800,2,1
1757498400,2,1
1757502000,2,1
1757505600,2,1
1757509200,2,1
1757512800,2,1
1757516400,2,1
1757520000,2,1
1757523600,1,0
1757527200,1,0
1757530800,1,0
1757534400,1,0
1757538000,1,0
1757541600,1,0
1757545200,1,0
1757552400,1,0
1757556000,1,0
1757559600,1,0
1757563200,1,0
1757566800,1,0
1757570400,1,0
1757574000,1,0
1757577600,1,0
1757581200,1,0
1757584800,1,0
1757588400,1,0
1757592000,3,0
1757595600,3,0
1757599200,3,0
1757602800,3,0
1757606400,3,0
1757610000,3,0
1757613600,1,0
1757617200,1,0
1757620800,1,0
1757624400,1,0
1757628000,1,0
1757631600,1,0
1757638800,1,0
1757642400,1,0
1757646000,1,0
1757649600,1,0
1757653200,1,0
1757656800,1,0
1757660400,1,0
1757664000,1,0
1757667600,1,0
1757671200,1,0
1757674800,1,0
1757678400,1,0
1757682000,1,0
1757685600,1,0
1757689200,1,0
1757692800,1,0
1757696400,1,0
1757700000,1,0
1757703600,1,0
1757707200,1,0
1757710800,1,0
1757714400,1,0
1757718000,1,0
1757898000,1,0
1757901600,1,0
1757905200,1,0
1757908800,1,0
1757912400,1,0
1757916000,1,0
1757919600,1,0
1757923200,1,0
1757926800,1,0
1757930400,1,0
1757934000,1,0
1757937600,1,0
1757941200,1,0
1757944800,1,0
1757948400,1,0
1757952000,1,0
1757955600,1,0
1757959200,2,1
1757962800,2,1
1757966400,2,1
1757970000,2,1
1757973600,2,1
1757977200,2,1
1757984400,2,1
1757991600,2,1
1757995200,2,1
1757998800,1,0
1758002400,1,0
1758006000,1,0
1758009600,1,0
1758013200,1,0
1758016800,1,0
1758020400,1,0
1758024000,1,0
1758027600,1,0
1758031200,1,0
1758034800,1,0
1758038400,1,0
1758042000,1,0
1758045600,1,0
1758049200,1,0
1758052800,1,0
1758056400,1,0
1758060000,1,0
1758063600,1,0
1758070800,1,0
1758074400,1,0
1758078000,1,0
1758081600,1,0
1758085200,1,0
1758088800,1,0
1758092400,1,0
1758096000,1,0
1758099600,1,0
1758103200,1,0
1758106800,1,0
1758110400,1,0
1758114000,1,0
1758117600,1,0
1758121200,1,0
1758124800,1,0
1758128400,1,0
1758132000,1,0
1758135600,1,0
1758139200,1,0
1758142800,0,1
1758146400,3,0
1758150000,3,0
1758157200,3,0
1758160800,3,0
1758164400,3,0
1758168000,3,0
1758171600,3,0
1758175200,3,0
1758178800,3,0
1758182400,3,0
1758186000,3,0
1758189600,3,0
1758193200,3,0
1758196800,3,0
1758200400,3,0
1758204000,3,0
1758207600,3,0
1758211200,3,0
1758214800,3,0
1758218400,3,0
1758222000,3,0
1758225600,3,0
1758229200,3,0
1758232800,3,0
1758236400,3,0
1758243600,3,0
1758247200,3,0
1758250800,3,0
1758254400,3,0
1758258000,3,0
1758261600,3,0
1758265200,3,0
1758268800,3,0
1758272400,3,0
1758276000,3,0
1758279600,1,0
1758283200,1,0
1758286800,1,0
1758290400,1,0
1758294000,1,0
1758297600,2,1
1758301200,2,1
1758304800,2,1
1758308400,2,1
1758312000,2,1
1758315600,2,1
1758319200,2,1
1758322800,2,1
1758502800,2,1
1758506400,2,1
1758510000,2,1
1758513600,2,1
1758517200,2,1
1758520800,2,1
1758524400,2,1
1758528000,2,1
1758531600,2,1
1758535200,2,1
1758538800,2,1
1758542400,2,1
1758546000,2,1
1758549600,2,1
1758553200,2,1
1758556800,2,1
1758560400,2,1
1758564000,2,1
1758567600,2,1
1758571200,2,1
1758574800,2,1
1758578400,2,1
1758582000,2,1
1758589200,2,1
1758592800,2,1
1758596400,2,1
1758600000,2,1
1758603600,2,1
1758607200,2,1
1758610800,2,1
1758614400,2,1
1758618000,2,1
1758621600,2,1
1758625200,2,1
1758628800,2,1
1758632400,2,1
1758636000,2,1
1758639600,2,1
1758643200,2,1
1758646800,2,1
1758650400,2,1
1758654000,2,1
1758657600,2,1
1758661200,2,1
1758664800,2,1
1758668400,2,1
1758675600,2,1
1758679200,2,1
1758682800,2,1
1758686400,2,1
1758690000,2,1
1758693600,2,1
1758697200,2,1
1758700800,2,1
1758704400,2,1
1758708000,2,1
1758711600,2,1
1758715200,1,0
1758718800,1,0
1758722400,1,0
1758726000,1,0
1758729600,3,0
1758733200,3,0
1758736800,3,0
1758740400,3,0
1758744000,3,0
1758747600,3,0
1758751200,3,0
1758754800,3,0
1758762000,3,0
1758765600,3,0
1758769200,3,0
1758772800,3,0
1758776400,3,0
1758780000,3,0
1758783600,3,0
1758787200,3,0
1758790800,3,0
1758794400,3,0
1758798000,3,0
1758801600,3,0
1758805200,3,0
1758808800,3,0
1758812400,3,0
1758816000,3,0
1758819600,3,0
1758823200,3,0
1758826800,3,0
1758830400,3,0
1758834000,3,0
1758837600,3,0
1758841200,3,0
1758848400,3,0
1758852000,3,0
1758855600,3,0
1758859200,3,0
1758862800,3,0
1758866400,3,0
1758870000,3,0
1758873600,3,0
1758877200,3,0
1758880800,3,0
1758884400,1,0
1758888000,1,0
1758891600,1,0
1758895200,1,0
1758898800,1,0
1758902400,2,1
1758906000,2,1
1758909600,2,1
1758913200,2,1
1758916800,2,1
1758920400,2,1
1758924000,2,1
1758927600,2,1
1759107600,2,1
1759111200,2,1
1759114800,2,1
1759118400,2,1
1759122000,2,1
1759125600,2,1
1759129200,2,1
1759132800,2,1
1759136400,2,1
1759140000,2,1
1759143600,2,1
1759147200,2,1
1759150800,2,1
1759154400,2,1
1759158000,2,1
1759161600,2,1
1759165200,2,1
1759168800,2,1
1759172400,2,1
1759176000,2,1
1759179600,2,1
1759183200,2,1
1759186800,2,1
1759194000,2,1
1759197600,2,1
1759201200,2,1
1759204800,1,0
1759208400,2,1
1759212000,2,1
1759215600,2,1
1759219200,2,1
1759222800,2,1
1759226400,2,1
1759230000,0,1
1759233600,0,1
1759237200,0,1
1759240800,0,1
1759244400,0,1
1759248000,0,1
1759251600,0,1
1759255200,0,1
1759258800,0,1
1759262400,0,1
1759266000,0,1
1759269600,0,1
1759273200,0,1
1759280400,2,1
1759284000,2,1
1759287600,2,1
1759291200,2,1
1759294800,2,1
1759298400,2,1
1759302000,2,1
1759305600,2,1
1759309200,2,1
1759312800,2,1
1759316400,2,1
1759320000,2,1
1759323600,2,1
1759327200,2,1
1759330800,2,1
1759334400,2,1
1759338000,2,1
1759341600,2,1
1759345200,2,1
1759348800,3,0
1759352400,3,0
1759356000,3,0
1759359600,3,0
1759366800,3,0
1759370400,3,0
1759374000,3,0
1759377600,3,0
1759381200,3,0
1759384800,3,0
1759388400,1,0
1759392000,1,0
1759395600,1,0
1759399200,1,0
1759402800,1,0
1759406400,1,0
1759410000,1,0
1759413600,1,0
1759417200,1,0
1759420800,2,1
1759424400,0,1
1759428000,3,0
1759431600,3,0
1759435200,3,0
1759438800,3,0
1759442400,3,0
1759446000,3,0
1759453200,3,0
1759456800,3,0
1759460400,3,0
1759464000,3,0
1759467600,3,0
1759471200,3,0
1759474800,3,0
1759478400,3,0
1759482000,3,0
1759485600,3,0
1759489200,3,0
1759492800,3,0
1759496400,3,0
1759500000,3,0
1759503600,2,1
1759507200,2,1
1759510800,2,1
1759514400,2,1
1759518000,2,1
1759521600,2,1
1759525200,2,1
1759528800,2,1
1759532400,2,1
1759712400,2,1
1759716000,2,1
1759719600,2,1
1759723200,2,1
1759726800,2,1
1759730400,2,1
1759734000,2,1
1759737600,2,1
1759741200,2,1
1759744800,2,1
1759748400,2,1
1759752000,2,1
1759755600,2,1
1759759200,2,1
1759762800,2,1
1759766400,2,1
1759770000,2,1
1759773600,2,1
1759777200,2,1
1759780800,2,1
1759784400,2,1
1759788000,2,1
1759791600,2,1
1759831200,2,1
1759834800,2,1
1759838400,2,1
1759842000,2,1
1759845600,2,1
1759849200,2,1
1759852800,2,1
1759856400,2,1
1759860000,2,1
1759863600,2,1
1759867200,2,1
1759870800,2,1
1759874400,2,1
1759878000,2,1
1759885200,2,1
1759888800,2,1
1759892400,2,1
1759896000,2,1
1759899600,2,1
1759903200,2,1
1759906800,2,1
1759910400,2,1
1759914000,2,1
1759917600,2,1
1759921200,2,1
1759924800,2,1
1759928400,2,1
1759932000,2,1
1759935600,2,1
1759939200,2,1
1759942800,2,1
1759946400,2,1
1759950000,2,1
1759953600,2,1
1759957200,2,1
1759960800,2,1
1759964400,2,1
1759971600,0,1
1759975200,0,1
1759978800,0,1
1759982400,0,1
1759986000,0,1
1759989600,0,1
1759993200,2,1
1759996800,2,1
1760000400,2,1
1760004000,2,1
1760007600,2,1
1760011200,2,1
1760014800,2,1
1760018400,2,1
1760022000,2,1
1760025600,0,1
1760029200,0,1
1760032800,0,1
1760036400,0,1
1760040000,0,1
1760043600,0,1
1760047200,0,1
1760050800,0,1
1760058000,0,1
1760061600,0,1
1760065200,0,1
1760068800,0,1
1760072400,0,1
1760076000,0,1
1760079600,0,1
1760083200,0,1
1760086800,0,1
1760090400,0,1
1760094000,0,1
1760097600,0,1
1760101200,0,1
1760104800,0,1
1760108400,0,1
1760112000,0,1
1760115600,0,1
1760119200,0,1
1760122800,0,1
1760126400,0,1
1760130000,0,1
1760133600,0,1
1760137200,0,1
1760317200,0,1
1760320800,0,1
1760324400,0,1
1760328000,0,1
1760331600,0,1
1760335200,0,1
1760338800,0,1
1760342400,0,1
1760346000,0,1
1760349600,0,1
1760353200,0,1
1760356800,0,1
1760360400,0,1
1760364000,0,1
1760367600,0,1
1760371200,0,1
1760374800,0,1
1760378400,0,1
1760382000,0,1
1760385600,0,1
1760389200,2,1
1760392800,2,1
1760396400,2,1
1760403600,2,1
1760407200,2,1
1760410800,2,1
1760414400,2,1
1760418000,2,1
1760421600,2,1
1760425200,2,1
1760428800,0,1
1760432400,0,1
1760436000,0,1
1760439600,0,1
1760443200,0,1
1760446800,0,1
1760450400,0,1
1760454000,0,1
1760457600,0,1
1760461200,0,1
1760464800,0,1
1760468400,0,1
1760472000,0,1
1760475600,0,1
1760479200,0,1
1760482800,0,1
1760490000,0,1
1760493600,0,1
1760497200,0,1
1760500800,0,1
1760504400,0,1
1760508000,0,1
1760511600,0,1
1760515200,0,1
1760518800,0,1
1760522400,0,1
1760526000,0,1
1760529600,0,1
1760533200,2,1
1760536800,2,1
1760540400,2,1
1760544000,2,1
1760547600,2,1
1760551200,2,1
1760554800,2,1
1760558400,2,1
1760562000,2,1
1760565600,2,1
1760569200,2,1
1760576400,2,1
1760580000,2,1
1760583600,2,1
1760587200,2,1
1760590800,2,1
1760594400,2,1
1760598000,2,1
1760601600,2,1
1760605200,2,1
1760608800,2,1
1760612400,2,1
1760616000,2,1
1760619600,2,1
1760623200,2,1
1760626800,2,1
1760630400,2,1
1760634000,2,1
1760637600,2,1
1760641200,0,1
1760644800,0,1
1760648400,0,1
1760652000,0,1
1760655600,0,1
1760662800,0,1
1760666400,0,1
1760670000,0,1
1760673600,0,1
1760677200,0,1
1760680800,0,1
1760684400,0,1
1760688000,0,1
1760691600,0,1
1760695200,0,1
1760698800,0,1
1760702400,0,1
1760706000,0,1
1760709600,0,1
1760713200,0,1
1760716800,0,1
1760720400,0,1
1760724000,0,1
1760727600,0,1
1760731200,0,1
1760734800,0,1
1760738400,0,1
1760742000,0,1
1760922000,0,1
1760925600,0,1
1760929200,0,1
1760932800,0,1
1760936400,0,1
1760940000,0,1
1760943600,0,1
1760947200,0,1
1760950800,0,1
1760954400,0,1
1760958000,0,1
1760961600,0,1
1760965200,0,1
1760968800,0,1
1760972400,0,1
1760976000,0,1
1760979600,0,1
1760983200,0,1
1760986800,0,1
1760990400,0,1
1760994000,0,1
1760997600,0,1
1761001200,0,1
1761008400,0,1
1761012000,0,1
1761015600,0,1
1761019200,0,1
1761022800,0,1
1761026400,0,1
1761030000,0,1
1761033600,0,1
1761037200,0,1
1761040800,0,1
1761044400,0,1
1761048000,0,1
1761051600,0,1
1761055200,0,1
1761058800,0,1
1761062400,0,1
1761066000,0,1
1761069600,0,1
1761073200,0,1
1761076800,0,1
1761080400,0,1
1761084000,0,1
1761087600,0,1
1761094800,0,1
1761098400,0,1
1761102000,0,1
1761105600,0,1
1761109200,0,1
1761112800,0,1
1761116400,0,1
1761120000,0,1
1761123600,0,1
1761127200,0,1
1761130800,0,1
1761134400,0,1
1761138000,0,1
1761141600,0,1
1761145200,0,1
1761148800,0,1
1761152400,0,1
1761156000,0,1
1761159600,0,1
1761163200,0,1
1761166800,0,1
1761170400,0,1
1761174000,0,1
1761181200,0,1
1761184800,0,1
1761188400,0,1
1761192000,0,1
1761195600,0,1
1761199200,0,1
1761202800,0,1
1761206400,0,1
1761210000,0,1
1761213600,0,1
1761217200,0,1
1761220800,0,1
1761224400,0,1
1761228000,0,1
1761231600,0,1
1761235200,0,1
1761238800,0,1
1761242400,0,1
1761246000,0,1
1761249600,0,1
1761253200,0,1
1761256800,0,1
1761260400,0,1
1761267600,0,1
1761271200,0,1
1761274800,0,1
1761278400,0,1
1761282000,0,1
1761285600,0,1
1761289200,0,1
1761292800,0,1
1761296400,0,1
1761300000,0,1
1761303600,0,1
1761307200,0,1
1761310800,0,1
1761314400,0,1
1761318000,0,1
1761321600,0,1
1761325200,0,1
1761328800,0,1
1761332400,0,1
1761336000,0,1
1761339600,0,1
1761343200,0,1
1761346800,0,1
1761526800,0,1
1761530400,0,1
1761534000,0,1
1761537600,0,1
1761541200,0,1
1761544800,0,1
1761548400,0,1
1761552000,0,1
1761555600,0,1
1761559200,0,1
1761562800,0,1
1761566400,0,1
1761570000,0,1
1761573600,0,1
1761577200,0,1
1761580800,0,1
1761584400,0,1
1761588000,0,1
1761591600,0,1
1761595200,0,1
1761598800,0,1
1761602400,0,1
1761606000,0,1
1761613200,0,1
1761616800,0,1
1761620400,0,1
1761624000,0,1
1761627600,0,1
1761631200,0,1
1761634800,0,1
1761638400,0,1
1761642000,0,1
1761645600,0,1
1761649200,0,1
1761652800,0,1
1761656400,0,1
1761660000,0,1
1761663600,0,1
1761667200,0,1
1761670800,0,1
1761674400,0,1
1761678000,0,1
1761681600,0,1
1761685200,0,1
1761688800,0,1
1761692400,0,1
1761699600,0,1
1761703200,0,1
1761706800,0,1
1761710400,0,1
1761714000,0,1
1761717600,0,1
1761721200,0,1
1761724800,0,1
1761728400,0,1
1761732000,0,1
1761735600,0,1
1761739200,0,1
1761742800,0,1
1761746400,0,1
1761750000,0,1
1761753600,0,1
1761757200,0,1
1761760800,0,1
1761764400,0,1
1761768000,0,1
1761771600,0,1
1761775200,0,1
1761778800,0,1
1761786000,0,1
1761789600,0,1
1761793200,0,1
1761796800,0,1
1761800400,0,1
1761804000,0,1
1761807600,0,1
1761811200,0,1
1761814800,0,1
1761818400,0,1
1761822000,0,1
1761825600,0,1
1761829200,0,1
1761832800,0,1
1761836400,0,1
1761840000,0,1
1761843600,0,1
1761847200,0,1
1761850800,0,1
1761854400,0,1
1761858000,0,1
1761861600,0,1
1761865200,0,1
1761872400,0,1
1761876000,0,1
1761879600,0,1
1761883200,0,1
1761886800,0,1
1761890400,0,1
1761894000,0,1
1761897600,0,1
1761901200,0,1
1761904800,0,1
1761908400,0,1
1761912000,0,1
1761915600,0,1
1761919200,0,1
1761922800,0,1
1761926400,0,1
1761930000,0,1
1761933600,0,1
1761937200,0,1
1761940800,0,1
1761944400,0,1
1761948000,0,1
1761951600,0,1
1762135200,0,1
1762138800,0,1
1762142400,0,1
1762146000,0,1
1762149600,0,1
1762153200,0,1
1762156800,0,1
1762160400,0,1
1762164000,0,1
1762167600,0,1
1762171200,0,1
1762174800,0,1
1762178400,0,1
1762182000,0,1
1762185600,0,1
1762189200,0,1
1762192800,0,1
1762196400,0,1
1762200000,0,1
1762203600,3,0
1762207200,3,0
1762210800,3,0
1762214400,3,0
1762221600,3,0
1762225200,3,0
1762228800,3,0
1762232400,3,0
1762236000,3,0
1762239600,3,0
1762243200,3,0
1762246800,3,0
1762250400,3,0
1762254000,3,0
1762257600,3,0
1762261200,3,0
1762264800,3,0
1762268400,3,0
1762272000,3,0
1762275600,0,1
1762279200,0,1
1762282800,0,1
1762286400,0,1
1762290000,0,1
1762293600,0,1
1762297200,0,1
1762300800,0,1
1762308000,0,1
1762311600,0,1
1762315200,0,1
1762318800,0,1
1762322400,0,1
1762326000,0,1
1762329600,3,0
1762333200,3,0
1762336800,3,0
1762340400,3,0
1762344000,3,0
1762347600,3,0
1762351200,3,0
1762354800,3,0
1762358400,3,0
1762362000,3,0
1762365600,3,0
1762369200,3,0
1762372800,3,0
1762376400,3,0
1762380000,3,0
1762383600,3,0
1762387200,3,0
1762394400,3,0
1762398000,3,0
1762401600,3,0
1762405200,3,0
1762408800,3,0
1762412400,1,0
1762416000,1,0
1762419600,1,0
1762423200,2,1
1762426800,2,1
1762430400,2,1
1762434000,2,1
1762437600,2,1
1762441200,2,1
1762444800,2,1
1762448400,3,0
1762452000,3,0
1762455600,3,0
1762459200,3,0
1762462800,3,0
1762466400,3,0
1762470000,3,0
1762473600,3,0
1762480800,3,0
1762484400,3,0
1762488000,3,0
1762491600,3,0
1762495200,3,0
1762498800,3,0
1762502400,3,0
1762506000,2,1
1762509600,2,1
1762513200,2,1
1762516800,2,1
1762520400,2,1
1762524000,3,0
1762527600,3,0
1762531200,3,0
1762534800,3,0
1762538400,3,0
1762542000,3,0
1762545600,3,0
1762549200,3,0
1762552800,3,0
1762556400,3,0
1762560000,3,0
1762740000,2,1
1762743600,2,1
1762747200,2,1
1762750800,2,1
1762754400,2,1
1762758000,2,1
1762761600,2,1
1762765200,2,1
1762768800,2,1
1762772400,2,1
1762776000,2,1
1762779600,2,1
1762783200,2,1
1762786800,2,1
1762790400,2,1
1762794000,2,1
1762797600,2,1
1762801200,2,1
1762804800,2,1
1762808400,2,1
1762812000,2,1
1762815600,2,1
1762819200,2,1
1762826400,2,1
1762830000,2,1
1762833600,2,1
1762837200,2,1
1762840800,2,1
1762844400,2,1
1762848000,2,1
1762851600,2,1
1762855200,2,1
1762858800,2,1
1762862400,2,1
1762866000,2,1
1762869600,2,1
1762873200,2,1
1762876800,2,1
1762880400,2,1
1762884000,2,1
1762887600,2,1
1762891200,2,1
1762894800,2,1
1762898400,2,1
1762902000,2,1
1762905600,2,1
1762912800,2,1
1762916400,2,1
1762920000,2,1
1762923600,2,1
1762927200,3,0
1762930800,3,0
1762934400,3,0
1762938000,3,0
1762941600,3,0
1762945200,2,1
1762948800,2,1
1762952400,2,1
1762956000,2,1
1762959600,2,1
1762963200,2,1
1762966800,2,1
1762970400,0,1
1762974000,0,1
1762977600,0,1
1762981200,0,1
1762984800,0,1
1762988400,0,1
1762992000,0,1
1762999200,0,1
1763002800,0,1
1763006400,0,1
1763010000,0,1
1763013600,0,1
1763017200,0,1
1763020800,0,1
1763024400,2,1
1763028000,2,1
1763031600,2,1
1763035200,2,1
1763038800,2,1
1763042400,2,1
1763046000,2,1
1763049600,2,1
1763053200,0,1
1763056800,0,1
1763060400,0,1
1763064000,0,1
1763067600,0,1
1763071200,0,1
1763074800,0,1
1763078400,0,1
1763085600,0,1
1763089200,0,1
1763092800,0,1
1763096400,0,1
1763100000,0,1
1763103600,0,1
1763107200,0,1
1763110800,0,1
1763114400,0,1
1763118000,0,1
1763121600,0,1
1763125200,0,1
1763128800,0,1
1763132400,0,1
1763136000,0,1
1763139600,0,1
1763143200,0,1
1763146800,0,1
1763150400,0,1
1763154000,0,1
1763157600,0,1
1763161200,0,1
1763164800,0,1
1763344800,0,1
1763348400,0,1
1763352000,0,1
1763355600,0,1
1763359200,0,1
1763362800,0,1
1763366400,0,1
1763370000,0,1
1763373600,0,1
1763377200,0,1
1763380800,0,1
1763384400,0,1
1763388000,0,1
1763391600,0,1
1763395200,0,1
1763398800,0,1
1763402400,0,1
1763406000,0,1
1763409600,0,1
1763413200,0,1
1763416800,0,1
1763420400,0,1
1763424000,0,1
1763431200,0,1
1763434800,0,1
1763438400,0,1
1763442000,0,1
1763445600,0,1
1763449200,0,1
1763452800,0,1
1763456400,0,1
1763460000,0,1
1763463600,0,1
1763467200,0,1
1763470800,0,1
1763474400,0,1
1763478000,0,1
1763481600,0,1
1763485200,0,1
1763488800,0,1
1763492400,0,1
1763496000,0,1
1763499600,0,1
1763503200,0,1
1763506800,0,1
1763510400,0,1
1763517600,0,1
1763521200,0,1
1763524800,0,1
1763528400,0,1
1763532000,0,1
1763535600,2,1
1763539200,2,1
1763542800,2,1
1763546400,2,1
1763550000,2,1
1763553600,2,1
1763557200,2,1
1763560800,2,1
1763564400,2,1
1763568000,2,1
1763571600,2,1
1763575200,0,1
1763578800,0,1
1763582400,0,1
1763586000,0,1
1763589600,0,1
1763593200,0,1
1763596800,0,1
1763604000,0,1
1763607600,0,1
1763611200,0,1
1763614800,0,1
1763618400,0,1
1763622000,0,1
1763625600,0,1
1763629200,0,1
1763632800,0,1
1763636400,0,1
1763640000,0,1
1763643600,0,1
1763647200,0,1
1763650800,0,1
1763654400,0,1
1763658000,0,1
1763661600,0,1
1763665200,0,1
1763668800,0,1
1763672400,0,1
1763676000,0,1
1763679600,0,1
1763683200,0,1
1763690400,0,1
1763694000,0,1
1763697600,0,1
1763701200,0,1
1763704800,0,1
1763708400,0,1
1763712000,0,1
1763715600,0,1
1763719200,0,1
1763722800,0,1
1763726400,0,1
1763730000,0,1
1763733600,0,1
1763737200,0,1
1763740800,0,1
1763744400,0,1
1763748000,0,1
1763751600,0,1
1763755200,0,1
1763758800,0,1
1763762400,0,1
1763766000,0,1
1763769600,0,1
1763949600,0,1
1763953200,0,1
1763956800,0,1
1763960400,0,1
1763964000,0,1
1763967600,0,1
1763971200,0,1
1763974800,0,1
1763978400,0,1
1763982000,0,1
1763985600,0,1
1763989200,0,1
1763992800,0,1
1763996400,2,1
1764000000,2,1
1764003600,2,1
1764007200,2,1
1764010800,2,1
1764014400,2,1
1764018000,2,1
1764021600,2,1
1764025200,2,1
1764028800,2,1
1764036000,2,1
1764039600,2,1
1764043200,2,1
1764046800,2,1
1764050400,2,1
1764054000,2,1
1764057600,2,1
1764061200,2,1
1764064800,2,1
1764068400,0,1
1764072000,0,1
1764075600,0,1
1764079200,0,1
1764082800,0,1
1764086400,0,1
1764090000,0,1
1764093600,0,1
1764097200,0,1
1764100800,0,1
1764104400,0,1
1764108000,0,1
1764111600,0,1
1764115200,0,1
1764122400,0,1
1764126000,0,1
1764129600,0,1
1764133200,0,1
1764136800,0,1
1764140400,0,1
1764144000,0,1
1764147600,0,1
1764151200,0,1
1764154800,0,1
1764158400,0,1
1764162000,0,1
1764165600,0,1
1764169200,0,1
1764172800,0,1
1764176400,0,1
1764180000,0,1
1764183600,0,1
1764187200,0,1
1764190800,0,1
1764194400,0,1
1764198000,0,1
1764201600,0,1
1764208800,0,1
1764212400,0,1
1764216000,0,1
1764219600,0,1
1764223200,0,1
1764226800,0,1
1764351000,0,1
1764354600,0,1
1764358200,0,1
1764361800,0,1
1764554400,0,1
1764558000,0,1
1764561600,0,1
1764565200,0,1
1764568800,0,1
1764572400,0,1
1764576000,0,1
1764579600,0,1
1764583200,0,1
1764586800,0,1
1764590400,0,1
1764594000,0,1
1764597600,0,1
1764601200,0,1
1764604800,0,1
1764608400,0,1
1764612000,0,1
1764615600,0,1
1764619200,0,1
1764622800,0,1
1764626400,0,1
1764630000,0,1
1764633600,0,1
1764640800,0,1
1764644400,0,1
1764648000,0,1
1764651600,0,1
1764655200,0,1
1764658800,0,1
1764662400,0,1
1764666000,0,1
1764669600,0,1
1764673200,0,1
1764676800,0,1
1764680400,0,1
1764684000,0,1
1764687600,0,1
1764691200,0,1
1764694800,0,1
1764698400,0,1
1764702000,0,1
1764705600,0,1
1764709200,0,1
1764712800,0,1
1764716400,0,1
1764720000,0,1
1764727200,0,1
1764730800,0,1
1764734400,0,1
1764738000,0,1
1764741600,0,1
1764745200,0,1
1764748800,0,1
1764752400,0,1
1764756000,0,1
1764759600,0,1
1764763200,0,1
1764766800,0,1
1764770400,0,1
1764774000,0,1
1764777600,0,1
1764781200,0,1
1764784800,0,1
1764788400,0,1
1764792000,0,1
1764795600,0,1
1764799200,0,1
1764802800,0,1
1764806400,0,1
1764813600,0,1
1764817200,0,1
1764820800,0,1
1764824400,0,1
1764828000,0,1
1764831600,0,1
1764835200,0,1
1764838800,0,1
1764842400,0,1
1764846000,0,1
1764849600,0,1
1764853200,0,1
1764856800,0,1
1764860400,0,1
1764864000,0,1
1764867600,0,1
1764871200,0,1
1764874800,0,1
1764878400,0,1
1764882000,0,1
1764885600,0,1
1764889200,0,1
1764892800,0,1
1764900000,0,1
1764903600,0,1
1764907200,0,1
1764910800,0,1
1764914400,0,1
1764918000,0,1
1764921600,2,1
1764925200,2,1
1764928800,2,1
1764932400,2,1
1764936000,2,1
1764939600,1,0
1764943200,1,0
1764946800,1,0
1764950400,2,1
1764954000,2,1
1764957600,0,1
1764961200,0,1
1764964800,3,0
1764968400,3,0
1764972000,3,0
1764975600,3,0
1764979200,0,1
1765159200,0,1
1765162800,0,1
1765166400,0,1
1765170000,0,1
1765173600,0,1
1765177200,0,1
1765180800,0,1
1765184400,0,1
1765188000,0,1
1765191600,0,1
1765195200,0,1
1765198800,0,1
1765202400,0,1
1765206000,0,1
1765209600,0,1
1765213200,0,1
1765216800,0,1
1765220400,0,1
1765224000,0,1
1765227600,0,1
1765231200,0,1
1765234800,0,1
1765238400,0,1
1765245600,0,1
1765249200,3,0
1765252800,3,0
1765256400,3,0
1765260000,3,0
1765263600,3,0
1765267200,3,0
1765270800,3,0
1765274400,1,0
1765278000,1,0
1765281600,1,0
1765285200,1,0
1765288800,1,0
1765292400,1,0
1765296000,1,0
1765299600,2,1
1765303200,2,1
1765306800,2,1
1765310400,2,1
1765314000,1,0
1765317600,1,0
1765321200,1,0
1765324800,1,0
1765332000,1,0
1765335600,1,0
1765339200,1,0
1765342800,1,0
1765346400,1,0
1765350000,1,0
1765353600,1,0
1765357200,1,0
1765360800,1,0
1765364400,1,0
1765368000,1,0
1765371600,1,0
1765375200,1,0
1765378800,1,0
1765382400,1,0
1765386000,1,0
1765389600,1,0
1765393200,1,0
1765396800,1,0
1765400400,1,0
1765404000,2,1
1765407600,2,1
1765411200,2,1
1765418400,2,1
1765422000,2,1
1765425600,2,1
1765429200,2,1
1765432800,3,0
1765436400,3,0
1765440000,3,0
1765443600,3,0
1765447200,3,0
1765450800,3,0
1765454400,3,0
1765458000,3,0
1765461600,3,0
1765465200,3,0
1765468800,3,0
1765472400,2,1
1765476000,2,1
1765479600,2,1
1765483200,2,1
1765486800,2,1
1765490400,2,1
1765494000,2,1
1765497600,2,1
1765504800,2,1
1765508400,2,1
1765512000,2,1
1765515600,2,1
1765519200,2,1
1765522800,2,1
1765526400,2,1
1765530000,2,1
1765533600,2,1
1765537200,2,1
1765540800,2,1
1765544400,2,1
1765548000,2,1
1765551600,2,1
1765555200,2,1
1765558800,2,1
1765562400,0,1
1765566000,0,1
1765569600,0,1
1765573200,0,1
1765576800,0,1
1765580400,0,1
1765584000,0,1
1765764000,0,1
1765767600,0,1
1765771200,0,1
1765774800,0,1
1765778400,0,1
1765782000,0,1
1765785600,0,1
1765789200,0,1
1765792800,0,1
1765796400,0,1
1765800000,0,1
1765803600,0,1
1765807200,0,1
1765810800,0,1
1765814400,0,1
1765818000,0,1
1765821600,0,1
1765825200,3,0
1765828800,3,0
1765832400,3,0
1765836000,3,0
1765839600,3,0
1765843200,3,0
1765850400,3,0
1765854000,3,0
1765857600,3,0
1765861200,3,0
1765864800,3,0
1765868400,3,0
1765872000,3,0
1765875600,3,0
1765879200,3,0
1765882800,3,0
1765886400,3,0
1765890000,3,0
1765893600,3,0
1765897200,3,0
1765900800,2,1
1765904400,2,1
1765908000,2,1
1765911600,2,1
1765915200,2,1
1765918800,2,1
1765922400,2,1
1765926000,2,1
1765929600,2,1
1765936800,2,1
1765940400,2,1
1765944000,2,1
1765947600,2,1
1765951200,2,1
1765954800,2,1
1765958400,2,1
1765962000,2,1
1765965600,2,1
1765969200,2,1
1765972800,2,1
1765976400,2,1
1765980000,2,1
1765983600,2,1
1765987200,2,1
1765990800,2,1
1765994400,2,1
1765998000,2,1
1766001600,2,1
1766005200,2,1
1766008800,2,1
1766012400,2,1
1766016000,2,1
1766023200,2,1
1766026800,2,1
1766030400,2,1
1766034000,2,1
1766037600,2,1
1766041200,1,0
1766044800,1,0
1766048400,1,0
1766052000,1,0
1766055600,1,0
1766059200,1,0
1766062800,1,0
1766066400,1,0
1766070000,1,0
1766073600,2,1
1766077200,2,1
1766080800,2,1
1766084400,2,1
1766088000,2,1
1766091600,3,0
1766095200,3,0
1766098800,3,0
1766102400,3,0
1766109600,3,0
1766113200,3,0
1766116800,3,0
1766120400,3,0
1766124000,3,0
1766127600,3,0
1766131200,3,0
1766134800,3,0
1766138400,3,0
1766142000,3,0
1766145600,3,0
1766149200,3,0
1766152800,3,0
1766156400,3,0
1766160000,3,0
1766163600,3,0
1766167200,2,1
1766170800,2,1
1766174400,2,1
1766178000,1,0
1766181600,1,0
1766185200,1,0
1766188800,2,1
1766368800,2,1
1766372400,2,1
1766376000,2,1
1766379600,2,1
1766383200,2,1
1766386800,2,1
1766390400,2,1
1766394000,2,1
1766397600,2,1
1766401200,2,1
1766404800,2,1
1766408400,2,1
1766412000,2,1
1766415600,2,1
1766419200,2,1
1766422800,2,1
1766426400,2,1
1766430000,2,1
1766433600,2,1
1766437200,2,1
1766440800,2,1
1766444400,2,1
1766448000,2,1
1766455200,2,1
1766458800,2,1
1766462400,2,1
1766466000,2,1
1766469600,2,1
1766473200,2,1
1766476800,2,1
1766480400,2,1
1766484000,2,1
1766487600,2,1
1766491200,2,1
1766494800,2,1
1766498400,2,1
1766502000,2,1
1766505600,2,1
1766509200,2,1
1766512800,2,1
1766516400,2,1
1766520000,2,1
1766523600,2,1
1766527200,2,1
1766530800,2,1
1766534400,2,1
1766541600,2,1
1766545200,2,1
1766548800,2,1
1766552400,0,1
1766556000,0,1
1766559600,0,1
1766597400,0,1
1766601000,0,1
1766604600,0,1
1766608200,0,1
1766736000,0,1
1766739600,0,1
1766743200,0,1
1766746800,0,1
1766750400,0,1
1766754000,0,1
1766757600,0,1
1766761200,0,1
1766764800,0,1
1766768400,0,1
1766772000,0,1
1766775600,0,1
1766779200,0,1
1766782800,0,1
1766786400,0,1
1766790000,0,1
1766793600,0,1
1766973600,0,1
1766977200,0,1
1766980800,0,1
1766984400,0,1
1766988000,0,1
1766991600,0,1
1766995200,0,1
1766998800,0,1
1767002400,0,1
1767006000,0,1
1767009600,0,1
1767013200,0,1
1767016800,0,1
1767020400,0,1
1767024000,0,1
1767027600,0,1
1767031200,0,1
1767034800,0,1
1767038400,0,1
1767042000,0,1
1767045600,0,1
1767049200,0,1
1767052800,0,1
1767060000,0,1
1767063600,0,1
1767067200,0,1
1767070800,0,1
1767074400,0,1
1767078000,0,1
1767081600,0,1
1767085200,0,1
1767088800,0,1
1767092400,0,1
1767096000,0,1
1767099600,0,1
1767103200,0,1
1767106800,0,1
1767110400,0,1
1767114000,0,1
1767117600,0,1
1767121200,0,1
1767124800,0,1
1767128400,0,1
1767132000,0,1
1767135600,0,1
1767139200,0,1
1767146400,0,1
1767150000,0,1
1767153600,0,1
1767157200,0,1
1767160800,0,1
1767164400,0,1
1767168000,0,1
1767171600,0,1
1767175200,0,1
1767178800,0,1
1767182400,0,1
1767186000,0,1
1767189600,0,1
1767193200,0,1
1767196800,0,1
1767200400,0,1
1767204000,0,1
1767207600,0,1
1767211200,0,1
1767214800,0,1
1767218400,0,1
1767222000,0,1
1767225600,0,1
1767340800,0,1
1767344400,0,1
1767348000,0,1
1767351600,0,1
1767355200,0,1
1767358800,0,1
1767362400,0,1
1767366000,0,1
1767369600,0,1
1767373200,0,1
1767376800,0,1
1767380400,0,1
1767384000,0,1
1767387600,0,1
1767391200,0,1
1767394800,0,1
1767398400,0,1
1767578400,0,1
1767582000,0,1
1767585600,0,1
1767589200,0,1
1767592800,0,1
1767596400,0,1
1767600000,0,1
1767603600,0,1
1767607200,0,1
1767610800,0,1
1767614400,0,1
1767618000,0,1
1767621600,0,1
1767625200,0,1
1767628800,0,1
1767632400,0,1
1767636000,2,1
1767639600,2,1
1767643200,2,1
1767646800,2,1
1767650400,2,1
1767654000,2,1
1767657600,2,1
1767664800,2,1
1767668400,2,1
1767672000,2,1
1767675600,2,1
1767679200,2,1
1767682800,2,1
1767686400,2,1
1767690000,2,1
1767693600,2,1
1767697200,2,1
1767700800,2,1
1767704400,2,1
1767708000,2,1
1767711600,2,1
1767715200,2,1
1767718800,2,1
1767722400,2,1
1767726000,2,1
1767729600,2,1
1767733200,2,1
1767736800,2,1
1767740400,2,1
1767744000,2,1
1767751200,2,1
1767754800,2,1
1767758400,2,1
1767762000,2,1
1767765600,2,1
1767769200,3,0
1767772800,3,0
1767776400,3,0
1767780000,3,0
1767783600,3,0
1767787200,3,0
1767790800,3,0
1767794400,3,0
1767798000,3,0
1767801600,3,0
1767805200,3,0
1767808800,3,0
1767812400,3,0
1767816000,3,0
1767819600,3,0
1767823200,3,0
1767826800,3,0
1767830400,3,0
1767837600,3,0
1767841200,3,0
1767844800,3,0
1767848400,3,0
1767852000,3,0
1767855600,3,0
1767859200,3,0
1767862800,3,0
1767866400,3,0
1767870000,3,0
1767873600,3,0
1767877200,3,0
1767880800,3,0
1767884400,3,0
1767888000,3,0
1767891600,3,0
1767895200,2,1
1767898800,2,1
1767902400,2,1
1767906000,2,1
1767909600,2,1
1767913200,2,1
1767916800,2,1
1767924000,2,1
1767927600,2,1
1767931200,2,1
1767934800,2,1
1767938400,2,1
1767942000,2,1
1767945600,2,1
1767949200,2,1
1767952800,2,1
1767956400,2,1
1767960000,2,1
1767963600,2,1
1767967200,2,1
1767970800,2,1
1767974400,2,1
1767978000,2,1
1767981600,2,1
1767985200,2,1
1767988800,2,1
1767992400,2,1
1767996000,2,1
1767999600,2,1
1768003200,2,1
1768183200,0,1
1768186800,0,1
1768190400,0,1
1768194000,0,1
1768197600,0,1
1768201200,0,1
1768204800,0,1
1768208400,0,1
1768212000,0,1
1768215600,0,1
1768219200,0,1
1768222800,0,1
1768226400,0,1
1768230000,0,1
1768233600,0,1
1768237200,0,1
1768240800,0,1
1768244400,0,1
1768248000,0,1
1768251600,0,1
1768255200,0,1
1768258800,0,1
1768262400,0,1
1768269600,0,1
1768273200,0,1
1768276800,0,1
1768280400,2,1
1768284000,2,1
1768287600,2,1
1768291200,2,1
1768294800,2,1
1768298400,2,1
1768302000,2,1
1768305600,2,1
1768309200,2,1
1768312800,2,1
1768316400,2,1
1768320000,2,1
1768323600,2,1
1768327200,2,1
1768330800,2,1
1768334400,2,1
1768338000,2,1
1768341600,2,1
1768345200,2,1
1768348800,2,1
1768356000,2,1
1768359600,2,1
1768363200,2,1
1768366800,2,1
1768370400,2,1
1768374000,2,1
1768377600,2,1
1768381200,2,1
1768384800,2,1
1768388400,2,1
1768392000,2,1
1768395600,2,1
1768399200,2,1
1768402800,2,1
1768406400,2,1
1768410000,2,1
1768413600,2,1
1768417200,2,1
1768420800,2,1
1768424400,2,1
1768428000,2,1
1768431600,2,1
1768435200,3,0
1768442400,3,0
1768446000,3,0
1768449600,3,0
1768453200,3,0
1768456800,3,0
1768460400,3,0
1768464000,3,0
1768467600,3,0
1768471200,3,0
1768474800,3,0
1768478400,3,0
1768482000,3,0
1768485600,3,0
1768489200,3,0
1768492800,3,0
1768496400,3,0
1768500000,3,0
1768503600,3,0
1768507200,3,0
1768510800,3,0
1768514400,3,0
1768518000,3,0
1768521600,3,0
1768528800,3,0
1768532400,3,0
1768536000,3,0
1768539600,3,0
1768543200,3,0
1768546800,3,0
1768550400,3,0
1768554000,3,0
1768557600,3,0
1768561200,3,0
1768564800,3,0
1768568400,3,0
1768572000,3,0
1768575600,3,0
1768579200,3,0
1768582800,3,0
1768586400,0,1
1768590000,0,1
1768593600,0,1
1768597200,0,1
1768600800,0,1
1768604400,0,1
1768608000,0,1
1768806000,0,1
1768896000,0,1
1768899600,0,1
1768903200,0,1
1768906800,0,1
1768910400,0,1
1768914000,0,1
1768917600,0,1
1768921200,0,1
1768924800,0,1
1768928400,0,1
1768932000,0,1
1768935600,0,1
1768939200,0,1
1768942800,0,1
1768946400,0,1
1768950000,0,1
1768953600,0,1
1768960800,0,1
1768964400,0,1
1768968000,0,1
1768971600,0,1
1768975200,0,1
1768978800,0,1
1768982400,0,1
1768986000,0,1
1768989600,0,1
1768993200,0,1
1768996800,0,1
1769000400,0,1
1769004000,0,1
1769007600,0,1
1769011200,0,1
1769014800,0,1
1769018400,0,1
1769022000,0,1
1769025600,0,1
1769029200,0,1
1769032800,0,1
1769036400,0,1
1769040000,0,1
1769047200,0,1
1769050800,0,1
1769054400,0,1
1769058000,0,1
1769061600,0,1
1769065200,0,1
1769068800,0,1
1769072400,0,1
1769076000,0,1
1769079600,0,1
1769083200,0,1
1769086800,0,1
1769090400,0,1
1769094000,0,1
1769097600,0,1
1769101200,0,1
1769104800,0,1
1769108400,0,1
1769112000,0,1
1769115600,0,1
1769119200,0,1
1769122800,0,1
1769126400,0,1
1769133600,0,1
1769137200,0,1
1769140800,0,1
1769144400,0,1
1769148000,0,1
1769151600,0,1
1769155200,0,1
1769158800,0,1
1769162400,0,1
1769166000,0,1
1769169600,0,1
1769173200,0,1
1769176800,0,1
1769180400,0,1
1769184000,0,1
1769187600,0,1
1769191200,0,1
1769194800,0,1
1769198400,0,1
1769202000,0,1
1769205600,0,1
1769209200,0,1
1769212800,0,1
1769392800,0,1
1769396400,0,1
1769400000,0,1
1769403600,0,1
1769407200,0,1
1769410800,0,1
1769414400,0,1
1769418000,0,1
1769421600,0,1
1769425200,0,1
1769428800,0,1
1769432400,0,1
1769436000,0,1
1769439600,0,1
1769443200,0,1
1769446800,0,1
1769450400,0,1
1769454000,0,1
1769457600,0,1
1769461200,0,1
1769464800,0,1
1769468400,0,1
1769472000,0,1
1769479200,0,1
1769482800,0,1
1769486400,0,1
1769490000,0,1
1769493600,0,1
1769497200,0,1
1769500800,0,1
1769504400,0,1
1769508000,0,1
1769511600,0,1
1769515200,0,1
1769518800,0,1
1769522400,0,1
1769526000,0,1
1769529600,0,1
1769533200,0,1
1769536800,0,1
1769540400,0,1
1769544000,0,1
1769547600,0,1
1769551200,0,1
1769554800,0,1
1769558400,0,1
1769565600,0,1
1769569200,0,1
1769572800,0,1
1769576400,0,1
1769580000,0,1
1769583600,0,1
1769587200,0,1
1769590800,0,1
1769594400,0,1
1769598000,0,1
1769601600,0,1
1769605200,0,1
1769608800,0,1
1769612400,0,1
1769616000,0,1
1769619600,0,1
1769623200,0,1
1769626800,0,1
1769630400,0,1
1769634000,0,1
1769637600,0,1
1769641200,0,1
1769644800,0,1
1769652000,0,1
1769655600,0,1
1769659200,0,1
1769662800,0,1
1769666400,0,1
1769670000,0,1
1769673600,0,1
1769677200,0,1
1769680800,0,1
1769684400,0,1
1769688000,0,1
1769691600,0,1
1769695200,0,1
1769698800,0,1
1769702400,0,1
1769706000,0,1
1769709600,0,1
1769713200,0,1
1769716800,0,1
1769720400,0,1
1769724000,0,1
1769727600,0,1
1769731200,0,1
1769738400,0,1
1769742000,0,1
1769745600,0,1
1769749200,0,1
1769752800,0,1
1769756400,0,1
1769760000,0,1
1769763600,0,1
1769767200,0,1
1769770800,0,1
1769774400,0,1
1769778000,0,1
1769781600,0,1
1769785200,0,1
1769788800,0,1
1769792400,0,1
1769796000,0,1
1770066000,0,1
1770069600,0,1
1770073200,0,1
1770076800,0,1
1770084000,0,1
1770087600,0,1
1770091200,0,1
1770094800,0,1
1770098400,0,1
1770102000,0,1
1770105600,0,1
1770109200,0,1
1770112800,0,1
1770116400,0,1
1770120000,0,1
1770123600,0,1
1770127200,0,1
1770130800,0,1
1770134400,0,1
1770138000,0,1
1770141600,0,1
1770145200,0,1
1770148800,0,1
1770152400,0,1
1770156000,0,1
1770159600,0,1
1770163200,0,1
1770170400,0,1
1770174000,0,1
1770177600,0,1
1770181200,0,1
1770184800,0,1
1770188400,0,1
1770192000,0,1
1770195600,0,1
1770199200,0,1
1770202800,0,1
1770206400,0,1
1770210000,0,1
1770213600,0,1
1770217200,0,1
1770220800,0,1
1770224400,0,1
1770228000,0,1
1770231600,0,1
1770235200,0,1
1770238800,0,1
1770242400,0,1
1770246000,0,1
1770249600,0,1
1770256800,0,1
1770260400,0,1
1770264000,0,1
1770267600,0,1
1770271200,0,1
1770274800,0,1
1770278400,0,1
1770282000,0,1
1770285600,0,1
1770289200,0,1
1770292800,0,1
1770296400,0,1
1770300000,0,1
1770303600,0,1
1770307200,0,1
1770310800,0,1
1770314400,0,1
1770318000,0,1
1770321600,0,1
1770325200,0,1
1770328800,0,1
1770332400,0,1
1770336000,0,1
1770343200,0,1
1770346800,0,1
1770350400,0,1
1770354000,0,1
1770357600,0,1
1770361200,0,1
1770364800,0,1
1770368400,0,1
1770372000,0,1
1770375600,0,1
1770379200,0,1
1770382800,0,1
1770386400,0,1
1770390000,0,1
1770393600,0,1
1770397200,0,1
1770400800,0,1
1770404400,0,1
1770408000,0,1
1770411600,0,1
1770415200,0,1
1770418800,0,1
1770422400,0,1
1770602400,0,1
1770606000,0,1
1770609600,0,1
1770613200,0,1
1770616800,0,1
1770620400,0,1
1770624000,0,1
1770627600,0,1
1770631200,0,1
1770634800,0,1
1770638400,0,1
1770642000,0,1
1770645600,0,1
1770649200,0,1
1770652800,0,1
1770656400,0,1
1770660000,0,1
1770663600,0,1
1770667200,0,1
1770670800,0,1
1770674400,0,1
1770678000,0,1
1770681600,0,1
1770688800,0,1
1770692400,0,1
1770696000,0,1
1770699600,0,1
1770703200,0,1
1770706800,0,1
1770710400,0,1
1770714000,0,1
1770717600,0,1
1770721200,0,1
1770724800,0,1
1770728400,0,1
1770732000,0,1
1770735600,0,1
1770739200,0,1
1770742800,0,1
1770746400,0,1
1770750000,0,1
1770753600,0,1
1770757200,0,1
1770760800,0,1
1770764400,0,1
1770768000,0,1
1770775200,0,1
1770778800,0,1
1770782400,0,1
1770786000,0,1
1770789600,0,1
1770793200,0,1
1770796800,2,1
1770800400,2,1
1770804000,2,1
1770807600,2,1
1770811200,2,1
1770814800,0,1
1770818400,0,1
1770822000,0,1
1770825600,0,1
1770829200,0,1
1770832800,0,1
1770836400,0,1
1770840000,0,1
1770843600,0,1
1770847200,0,1
1770850800,0,1
1770854400,0,1
1770861600,0,1
1770865200,0,1
1770868800,0,1
1770872400,0,1
1770876000,0,1
1770879600,0,1
1770883200,0,1
1770886800,0,1
1770890400,0,1
1770894000,0,1
1770897600,0,1
1770901200,0,1
1770904800,0,1
1770908400,0,1
1770912000,0,1
1770915600,0,1
1770919200,0,1
1770922800,0,1
1770926400,0,1
1770930000,0,1
1770933600,0,1
1770937200,0,1
1770940800,0,1
1770948000,0,1
1770951600,0,1
1770955200,0,1
1770958800,0,1
1770962400,0,1
1770966000,0,1
1770969600,0,1
1770973200,0,1
1770976800,0,1
1770980400,0,1
1770984000,0,1
1770987600,0,1
1770991200,0,1
1770994800,0,1
1770998400,0,1
1771002000,0,1
1771005600,0,1
1771009200,0,1
1771012800,0,1
1771016400,0,1
1771020000,0,1
1771023600,0,1
1771027200,0,1
1771207200,0,1
1771210800,0,1
1771214400,0,1
1771218000,0,1
1771221600,0,1
1771225200,0,1
1771315200,0,1
1771318800,0,1
1771322400,0,1
1771326000,0,1
1771329600,0,1
1771333200,0,1
1771336800,0,1
1771340400,0,1
1771344000,0,1
1771347600,0,1
1771351200,0,1
1771354800,0,1
1771358400,0,1
1771362000,0,1
1771365600,0,1
1771369200,0,1
1771372800,0,1
1771380000,0,1
1771383600,0,1
1771387200,0,1
1771390800,0,1
1771394400,0,1
1771398000,0,1
1771401600,0,1
1771405200,0,1
1771408800,0,1
1771412400,0,1
1771416000,0,1
1771419600,0,1
1771423200,0,1
1771426800,0,1
1771430400,0,1
1771434000,0,1
1771437600,2,1
1771441200,2,1
1771444800,2,1
1771448400,2,1
1771452000,2,1
1771455600,2,1
1771459200,2,1
1771466400,2,1
1771470000,2,1
1771473600,2,1
1771477200,2,1
1771480800,2,1
1771484400,2,1
1771488000,2,1
1771491600,2,1
1771495200,2,1
1771498800,2,1
1771502400,2,1
1771506000,2,1
1771509600,2,1
1771513200,2,1
1771516800,2,1
1771520400,2,1
1771524000,2,1
1771527600,2,1
1771531200,2,1
1771534800,2,1
1771538400,2,1
1771542000,2,1
1771545600,2,1
1771552800,2,1
1771556400,2,1
1771560000,2,1
1771563600,2,1
1771567200,2,1
1771570800,2,1
1771574400,2,1
1771578000,2,1
1771581600,2,1
1771585200,2,1
1771588800,2,1
1771592400,2,1
1771596000,2,1
1771599600,2,1
1771603200,2,1
1771606800,2,1
1771610400,0,1
1771614000,0,1
1771617600,0,1
1771621200,0,1
1771624800,0,1
1771628400,0,1
1771632000,0,1
1771812000,0,1
1771815600,0,1
1771819200,0,1
1771822800,0,1
1771826400,0,1
1771830000,0,1
1771833600,0,1
1771837200,0,1
1771840800,0,1
1771844400,0,1
1771848000,0,1
1771851600,0,1
1771855200,0,1
1771858800,0,1
1771862400,0,1
1771866000,0,1
1771869600,0,1
1771873200,0,1
1771876800,0,1
1771880400,0,1
1771884000,0,1
1771887600,0,1
1771891200,0,1
1771898400,0,1
1771902000,0,1
1771905600,0,1
1771909200,0,1
1771912800,0,1
1771916400,0,1
1771920000,0,1
1771923600,0,1
1771927200,0,1
1771930800,0,1
1771934400,0,1
1771938000,0,1
1771941600,0,1
1771945200,0,1
1771948800,0,1
1771952400,0,1
1771956000,0,1
1771959600,0,1
1771963200,0,1
1771966800,0,1
1771970400,0,1
1771974000,0,1
1771977600,0,1
1771984800,0,1
1771988400,0,1
1771992000,0,1
1771995600,0,1
1771999200,0,1
1772002800,0,1
1772006400,0,1
1772010000,2,1
1772013600,2,1
1772017200,2,1
1772020800,2,1
1772024400,2,1
1772028000,2,1
1772031600,2,1
1772035200,2,1
1772038800,2,1
1772042400,2,1
1772046000,2,1
1772049600,2,1
1772053200,2,1
1772056800,2,1
1772060400,0,1
1772064000,0,1
1772071200,0,1
1772074800,0,1
1772078400,0,1
1772082000,0,1
1772085600,0,1
1772089200,0,1
1772092800,0,1
1772096400,0,1
1772100000,0,1
1772103600,0,1
1772107200,0,1
1772110800,0,1
1772114400,0,1
1772118000,0,1
1772121600,0,1
1772125200,0,1
1772128800,0,1
1772132400,0,1
1772136000,0,1
1772139600,0,1
1772143200,0,1
1772146800,0,1
1772150400,0,1
1772157600,0,1
1772161200,0,1
1772164800,0,1
1772168400,0,1
1772172000,3,0
1772175600,3,0
1772179200,3,0
1772182800,3,0
1772186400,3,0
1772190000,3,0
1772193600,3,0
1772197200,3,0
1772200800,3,0
1772204400,3,0
1772208000,2,1
1772211600,2,1
1772215200,2,1
1772218800,2,1
1772222400,2,1
1772226000,2,1
1772229600,2,1
1772233200,2,1
1772236800,0,1
1772416800,0,1
1772420400,0,1
1772424000,0,1
1772427600,0,1
1772431200,0,1
1772434800,0,1
1772438400,0,1
1772442000,0,1
1772445600,0,1
1772449200,0,1
1772452800,0,1
1772456400,0,1
1772460000,0,1
1772463600,0,1
1772467200,0,1
1772470800,0,1
1772474400,0,1
1772478000,0,1
1772481600,0,1
1772485200,0,1
1772488800,0,1
1772492400,0,1
1772496000,0,1
1772503200,0,1
1772506800,0,1
1772510400,0,1
1772514000,0,1
1772517600,0,1
1772521200,0,1
1772524800,0,1
1772528400,0,1
1772532000,0,1
1772535600,0,1
1772539200,0,1
1772542800,0,1
1772546400,0,1
1772550000,0,1
1772553600,0,1
1772557200,0,1
1772560800,0,1
1772564400,0,1
1772568000,0,1
1772571600,0,1
1772575200,0,1
1772578800,0,1
1772582400,0,1
1772589600,0,1
1772593200,0,1
1772596800,0,1
1772600400,0,1
1772604000,0,1
1772607600,0,1
1772611200,0,1
1772614800,0,1
1772618400,0,1
1772622000,0,1
1772625600,0,1
1772629200,0,1
1772632800,0,1
1772636400,0,1
1772640000,0,1
1772643600,0,1
1772647200,0,1
1772650800,0,1
1772654400,0,1
1772658000,0,1
1772661600,0,1
1772665200,0,1
1772668800,0,1
1772676000,0,1
1772679600,0,1
1772683200,0,1
1772686800,0,1
1772690400,0,1
1772694000,0,1
1772697600,0,1
1772701200,0,1
1772704800,0,1
1772708400,0,1
1772712000,0,1
1772715600,0,1
1772719200,0,1
1772722800,0,1
1772726400,0,1
1772730000,0,1
1772733600,0,1
1772737200,0,1
1772740800,0,1
1772744400,0,1
1772748000,0,1
1772751600,0,1
1772755200,0,1
1772762400,0,1
1772766000,0,1
1772769600,0,1
1772773200,0,1
1772776800,0,1
1772780400,0,1
1772784000,0,1
1772787600,0,1
1772791200,0,1
1772794800,0,1
1772798400,0,1
1772802000,0,1
1772805600,0,1
1772809200,0,1
1772812800,0,1
1772816400,0,1
1772820000,0,1
1772823600,0,1
1772827200,0,1
1772830800,0,1
1772834400,0,1
1772838000,0,1
1772841600,0,1
1773018000,0,1
1773021600,0,1
1773025200,0,1
1773028800,0,1
1773032400,0,1
1773036000,0,1
1773039600,0,1
1773043200,0,1
1773046800,0,1
1773050400,0,1
1773054000,0,1
1773057600,0,1
1773061200,0,1
1773064800,0,1
1773068400,0,1
1773072000,0,1
1773075600,0,1
1773079200,0,1
1773082800,0,1
1773086400,0,1
1773090000,0,1
1773093600,0,1
1773097200,0,1
1773104400,0,1
1773108000,0,1
1773111600,0,1
1773115200,0,1
1773118800,0,1
1773122400,0,1
1773126000,0,1
1773129600,0,1
1773133200,0,1
1773136800,0,1
1773140400,0,1
1773144000,0,1
1773147600,0,1
1773151200,0,1
1773154800,0,1
1773158400,0,1
1773162000,0,1
1773165600,0,1
1773169200,0,1
1773172800,0,1
1773176400,0,1
1773180000,0,1
1773183600,0,1
1773190800,0,1
1773194400,0,1
1773198000,0,1
1773201600,0,1
1773205200,0,1
1773208800,0,1
1773212400,2,1
1773216000,2,1
1773219600,2,1
1773223200,2,1
1773226800,3,0
1773230400,3,0
1773234000,3,0
1773237600,3,0
1773241200,3,0
1773244800,3,0
1773248400,3,0
1773252000,3,0
1773255600,3,0
1773259200,3,0
1773262800,3,0
1773266400,3,0
1773270000,3,0
1773277200,0,1
1773280800,0,1
1773284400,0,1
1773288000,0,1
1773291600,0,1
1773295200,3,0
1773298800,3,0
1773302400,3,0
1773306000,3,0
1773309600,2,1
1773313200,2,1
1773316800,2,1
1773320400,2,1
1773324000,2,1
1773327600,2,1
1773331200,0,1
1773334800,0,1
1773338400,0,1
1773342000,0,1
1773345600,0,1
1773349200,0,1
1773352800,0,1
1773356400,0,1
1773363600,0,1
1773367200,0,1
1773370800,3,0
1773374400,3,0
1773378000,3,0
1773381600,3,0
1773385200,3,0
1773388800,3,0
1773392400,3,0
1773396000,3,0
1773399600,3,0
1773403200,3,0
1773406800,3,0
1773410400,3,0
1773414000,3,0
1773417600,3,0
1773421200,0,1
1773424800,0,1
1773428400,0,1
1773432000,0,1
1773435600,0,1
1773439200,0,1
1773442800,0,1
1773622800,0,1
1773626400,0,1
1773630000,0,1
1773633600,0,1
1773637200,0,1
1773640800,0,1
1773644400,0,1
1773648000,0,1
1773651600,0,1
1773655200,0,1
1773658800,0,1
1773662400,0,1
1773666000,0,1
1773669600,0,1
1773673200,0,1
1773676800,0,1
1773680400,0,1
1773684000,0,1
1773687600,0,1
1773691200,0,1
1773694800,0,1
1773698400,0,1
1773702000,0,1
1773709200,0,1
1773712800,0,1
1773716400,0,1
1773720000,0,1
1773723600,0,1
1773727200,0,1
1773730800,0,1
1773734400,3,0
1773738000,3,0
1773741600,3,0
1773745200,3,0
1773748800,3,0
1773752400,3,0
1773756000,3,0
1773759600,3,0
1773763200,3,0
1773766800,3,0
1773770400,3,0
1773774000,3,0
1773777600,3,0
1773781200,3,0
1773784800,3,0
1773788400,3,0
1773795600,3,0
1773799200,3,0
1773802800,3,0
1773806400,3,0
1773810000,3,0
1773813600,3,0
1773817200,3,0
1773820800,3,0
1773824400,3,0
1773828000,3,0
1773831600,3,0
1773835200,3,0
1773838800,3,0
1773842400,0,1
1773846000,0,1
1773849600,0,1
1773853200,0,1
1773856800,0,1
1773860400,0,1
1773864000,0,1
1773867600,0,1
1773871200,0,1
1773874800,0,1
1773882000,0,1
1773885600,0,1
1773889200,0,1
1773892800,0,1
1773896400,0,1
1773900000,0,1
1773903600,0,1
1773907200,0,1
1773910800,0,1
1773914400,0,1
1773918000,0,1
1773921600,0,1
1773925200,0,1
1773928800,0,1
1773932400,0,1
1773936000,0,1
1773939600,0,1
1773943200,0,1
1773946800,0,1
1773950400,0,1
1773954000,0,1
1773957600,0,1
1773961200,0,1
1773968400,0,1
1773972000,0,1
1773975600,0,1
1773979200,0,1
1773982800,0,1
1773986400,0,1
1773990000,0,1
1773993600,0,1
1773997200,0,1
1774000800,0,1
1774004400,0,1
1774008000,0,1
1774011600,0,1
1774015200,0,1
1774018800,0,1
1774022400,0,1
1774026000,0,1
1774029600,0,1
1774033200,0,1
1774036800,0,1
1774040400,0,1
1774044000,0,1
1774047600,0,1
1774227600,0,1
1774231200,0,1
1774234800,0,1
1774238400,0,1
1774242000,0,1
1774245600,0,1
1774249200,0,1
1774252800,0,1
1774256400,0,1
1774260000,0,1
1774263600,0,1
1774267200,0,1
1774270800,0,1
1774274400,0,1
1774278000,0,1
1774281600,0,1
1774285200,0,1
1774288800,0,1
1774292400,0,1
1774296000,0,1
1774299600,0,1
1774303200,0,1
1774306800,0,1
1774314000,0,1
1774317600,0,1
1774321200,0,1
1774324800,0,1
1774328400,0,1
1774332000,0,1
1774335600,0,1
1774339200,0,1
1774342800,0,1
1774346400,0,1
1774350000,0,1
1774353600,0,1
1774357200,0,1
1774360800,0,1
1774364400,0,1
1774368000,0,1
1774371600,0,1
1774375200,0,1
1774378800,0,1
1774382400,0,1
1774386000,0,1
1774389600,0,1
1774393200,0,1
1774400400,0,1
1774404000,0,1
1774407600,0,1
1774411200,0,1
1774414800,0,1
1774418400,0,1
1774422000,0,1
1774425600,0,1
1774429200,0,1
1774432800,0,1
1774436400,0,1
1774440000,0,1
1774443600,0,1
1774447200,0,1
1774450800,0,1
1774454400,0,1
1774458000,0,1
1774461600,0,1
1774465200,0,1
1774468800,0,1
1774472400,0,1
1774476000,0,1
1774479600,0,1
1774486800,0,1
1774490400,0,1
1774494000,0,1
1774497600,0,1
1774501200,0,1
1774504800,0,1
1774508400,0,1
1774512000,0,1
1774515600,0,1
1774519200,0,1
1774522800,0,1
1774526400,0,1
1774530000,0,1
1774533600,0,1
1774537200,0,1
1774540800,0,1
1774544400,0,1
1774548000,0,1
1774551600,0,1
1774555200,0,1
1774558800,0,1
1774562400,0,1
1774566000,0,1
1774573200,0,1
1774576800,0,1
1774580400,0,1
1774584000,0,1
1774587600,0,1
1774591200,0,1
1774594800,0,1
1774598400,0,1
1774602000,0,1
1774605600,0,1
1774609200,0,1
1774612800,0,1
1774616400,0,1
1774620000,0,1
1774623600,0,1
1774627200,0,1
1774630800,0,1
1774634400,0,1
1774638000,0,1
1774641600,0,1
1774645200,0,1
1774648800,0,1
1774652400,0,1
1774832400,0,1
1774836000,0,1
1774839600,0,1
1774843200,0,1
1774846800,0,1
1774850400,0,1
1774854000,0,1
1774857600,0,1
1774861200,0,1
1774864800,0,1
1774868400,0,1
1774872000,0,1
1774875600,0,1
1774879200,0,1
1774882800,0,1
1774886400,0,1
1774890000,0,1
1774893600,0,1
1774897200,0,1
1774900800,0,1
1774904400,0,1
1774908000,0,1
1774911600,0,1
1774918800,0,1
1774922400,0,1
1774926000,0,1
1774929600,0,1
1774933200,0,1
1774936800,0,1
1774940400,0,1
1774944000,0,1
1774947600,0,1
1774951200,0,1
1774954800,0,1
1774958400,0,1
1774962000,0,1
1774965600,0,1
1774969200,0,1
1774972800,0,1
1774976400,0,1
1774980000,0,1
1774983600,0,1
1774987200,0,1
1774990800,0,1
1774994400,0,1
1774998000,0,1
1775005200,0,1
1775008800,0,1
1775012400,0,1
1775016000,0,1
1775019600,0,1
1775023200,0,1
1775026800,0,1
1775030400,0,1
1775034000,0,1
1775037600,0,1
1775041200,0,1
1775044800,0,1
1775048400,0,1
1775052000,0,1
1775055600,0,1
1775059200,0,1
1775062800,0,1
1775066400,0,1
1775070000,0,1
1775073600,0,1
1775077200,0,1
1775080800,0,1
1775084400,0,1
1775091600,0,1
1775095200,0,1
1775098800,0,1
1775102400,0,1
1775106000,0,1
1775109600,0,1
1775113200,0,1
1775116800,0,1
1775120400,0,1
1775124000,0,1
1775127600,0,1
1775131200,0,1
1775134800,0,1
1775138400,0,1
1775142000,0,1
1775145600,0,1
1775149200,0,1
1775152800,0,1
1775156400,0,1
1775160000,0,1
1775163600,0,1
1775167200,0,1
1775170800,0,1
1775437200,0,1
1775440800,0,1
1775444400,0,1
1775448000,0,1
1775451600,0,1
1775455200,0,1
1775458800,0,1
1775462400,0,1
1775466000,0,1
1775469600,0,1
1775473200,0,1
1775476800,0,1
1775480400,0,1
1775484000,0,1
1775487600,0,1
1775491200,0,1
1775494800,0,1
1775498400,0,1
1775502000,0,1
1775505600,0,1
1775509200,0,1
1775512800,0,1
1775516400,0,1
1775523600,0,1
1775527200,0,1
1775530800,0,1
1775534400,0,1
1775538000,0,1
1775541600,0,1
1775545200,0,1
1775548800,0,1
1775552400,0,1
1775556000,0,1
1775559600,0,1
1775563200,0,1
1775566800,0,1
1775570400,0,1
1775574000,0,1
1775577600,0,1
1775581200,0,1
1775584800,0,1
1775588400,0,1
1775592000,0,1
1775595600,0,1
1775599200,0,1
1775602800,0,1
1775610000,0,1
1775613600,0,1
1775617200,0,1
1775620800,0,1
1775624400,0,1
1775628000,0,1
1775631600,0,1
1775635200,0,1
1775638800,0,1
1775642400,0,1
1775646000,0,1
1775649600,0,1
1775653200,0,1
1775656800,0,1
1775660400,0,1
1775664000,0,1
1775667600,0,1
1775671200,0,1
1775674800,0,1
1775678400,0,1
1775682000,0,1
1775685600,0,1
1775689200,0,1
1775696400,0,1
1775700000,0,1
1775703600,0,1
1775707200,0,1
1775710800,0,1
1775714400,0,1
1775718000,0,1
1775721600,0,1
1775725200,0,1
1775728800,0,1
1775732400,0,1
1775736000,0,1
1775739600,0,1
1775743200,0,1
1775746800,0,1
1775750400,0,1
1775754000,0,1
1775757600,0,1
1775761200,0,1
1775764800,0,1
1775768400,0,1
1775772000,0,1
1775775600,0,1
1775782800,0,1
1775786400,0,1
1775790000,0,1
1775793600,0,1
1775797200,0,1
1775800800,0,1
1775804400,3,0
1775808000,3,0
1775811600,3,0
1775815200,3,0
1775818800,3,0
1775822400,3,0
1775826000,3,0
1775829600,2,1
1775833200,2,1
1775836800,2,1
1775840400,2,1
1775844000,2,1
1775847600,2,1
1775851200,2,1
1775854800,2,1
1775858400,3,0
1775862000,3,0
1776042000,0,1
1776045600,0,1
1776049200,0,1
1776052800,0,1
1776056400,0,1
1776060000,0,1
1776063600,0,1
1776067200,0,1
1776070800,0,1
1776074400,0,1
1776078000,0,1
1776081600,0,1
1776085200,0,1
1776088800,0,1
1776092400,0,1
1776096000,0,1
1776099600,0,1
1776103200,0,1
1776106800,0,1
1776110400,0,1
1776114000,0,1
1776117600,0,1
1776121200,0,1
1776128400,0,1
1776132000,2,1
1776135600,2,1
1776139200,2,1
1776142800,2,1
1776146400,2,1
1776150000,2,1
1776153600,2,1
1776157200,2,1
1776160800,2,1
1776164400,2,1
1776168000,2,1
1776171600,2,1
1776175200,2,1
1776178800,2,1
1776182400,2,1
1776186000,2,1
1776189600,2,1
1776193200,2,1
1776196800,2,1
1776200400,2,1
1776204000,2,1
1776207600,2,1
1776214800,2,1
1776218400,2,1
1776222000,2,1
1776225600,2,1
1776229200,2,1
1776232800,2,1
1776236400,2,1
1776240000,2,1
1776243600,3,0
1776247200,3,0
1776250800,3,0
1776254400,3,0
1776258000,3,0
1776261600,3,0
1776265200,3,0
1776268800,3,0
1776272400,3,0
1776276000,3,0
1776279600,3,0
1776283200,3,0
1776286800,3,0
1776290400,3,0
1776294000,3,0
1776301200,3,0
1776304800,2,1
1776308400,2,1
1776312000,2,1
1776315600,2,1
1776319200,2,1
1776322800,2,1
1776326400,2,1
1776330000,2,1
1776333600,2,1
1776337200,3,0
1776340800,3,0
1776344400,3,0
1776348000,3,0
1776351600,3,0
1776355200,3,0
1776358800,3,0
1776362400,3,0
1776366000,3,0
1776369600,3,0
1776373200,3,0
1776376800,3,0
1776380400,3,0
1776387600,3,0
1776391200,3,0
1776394800,3,0
1776398400,3,0
1776402000,3,0
1776405600,3,0
1776409200,3,0
1776412800,3,0
1776416400,3,0
1776420000,3,0
1776423600,3,0
1776427200,3,0
1776430800,3,0
1776434400,3,0
1776438000,0,1
1776441600,0,1
1776445200,0,1
1776448800,0,1
1776452400,0,1
1776456000,0,1
1776459600,0,1
1776463200,0,1
1776466800,0,1
1776646800,0,1
1776650400,0,1
1776654000,0,1
1776657600,0,1
1776661200,0,1
1776686400,0,1
1776690000,0,1
1776693600,0,1
1776697200,0,1
1776700800,0,1
1776704400,0,1
1776708000,0,1
1776711600,0,1
1776715200,0,1
1776718800,0,1
1776722400,0,1
1776726000,0,1
1776733200,0,1
1776736800,0,1
1776740400,0,1
1776744000,0,1
1776747600,0,1
1776751200,0,1
1776754800,0,1
1776758400,3,0
1776762000,3,0
1776765600,3,0
1776769200,3,0
1776772800,3,0
1776776400,3,0
1776780000,3,0
1776783600,3,0
1776787200,3,0
1776790800,0,1
1776794400,0,1
1776798000,0,1
1776801600,0,1
1776805200,0,1
1776808800,0,1
1776812400,0,1
1776819600,0,1
1776823200,0,1
1776826800,0,1
1776830400,0,1
1776834000,0,1
1776837600,0,1
1776841200,0,1
1776844800,0,1
1776848400,0,1
1776852000,0,1
1776855600,0,1
1776859200,0,1
1776862800,0,1
1776866400,0,1
1776870000,0,1
1776873600,0,1
1776877200,0,1
1776880800,3,0
1776884400,3,0
1776888000,3,0
1776891600,3,0
1776895200,3,0
1776898800,3,0
1776906000,3,0
1776909600,3,0
1776913200,0,1
1776916800,3,0
1776920400,3,0
1776924000,3,0
1776927600,3,0
1776931200,3,0
1776934800,3,0
1776938400,3,0
1776942000,3,0
1776945600,3,0
1776949200,3,0
1776952800,0,1
1776956400,0,1
1776960000,0,1
1776963600,0,1
1776967200,0,1
1776970800,0,1
1776974400,0,1
1776978000,0,1
1776981600,0,1
1776985200,0,1
1776992400,0,1
1776996000,0,1
1776999600,0,1
1777003200,0,1
1777006800,0,1
1777010400,0,1
1777014000,0,1
1777017600,0,1
1777021200,0,1
1777024800,0,1
1777028400,3,0
1777032000,3,0
1777035600,3,0
1777039200,0,1
1777042800,0,1
1777046400,0,1
1777050000,0,1
1777053600,0,1
1777057200,2,1
1777060800,2,1
1777064400,2,1
1777068000,2,1
1777071600,2,1
1777251600,0,1
1777255200,0,1
1777258800,0,1
1777262400,0,1
1777266000,0,1
1777269600,0,1
1777273200,3,0
1777276800,3,0
1777280400,3,0
1777284000,3,0
1777287600,3,0
1777291200,3,0
1777294800,3,0
1777298400,3,0
1777302000,3,0
1777305600,3,0
1777309200,3,0
1777312800,3,0
1777316400,3,0
1777320000,3,0
1777323600,3,0
1777327200,3,0
1777330800,3,0
1777338000,3,0
1777341600,3,0
1777345200,3,0
1777348800,3,0
1777352400,3,0
1777356000,3,0
1777359600,3,0
1777363200,3,0
1777366800,3,0
1777370400,3,0
1777374000,3,0
1777377600,0,1
1777381200,0,1
1777384800,0,1
1777388400,0,1
1777392000,0,1
1777395600,0,1
1777399200,0,1
1777402800,0,1
1777406400,0,1
1777410000,0,1
1777413600,0,1
1777417200,0,1
1777424400,0,1
1777428000,0,1
1777431600,0,1
1777435200,0,1
1777438800,0,1
1777442400,0,1
1777446000,0,1
1777449600,0,1
1777453200,0,1
1777456800,0,1
1777460400,0,1
1777464000,0,1
1777467600,0,1
1777471200,0,1
1777474800,0,1
1777478400,0,1
1777482000,0,1
1777485600,0,1
1777489200,0,1
1777492800,0,1
1777496400,0,1
1777500000,0,1
1777503600,0,1
1777510800,0,1
1777514400,0,1
1777518000,0,1
1777521600,0,1
1777525200,0,1
1777528800,0,1
1777532400,0,1
1777536000,0,1
1777539600,0,1
1777543200,0,1
1777546800,0,1
1777550400,0,1
1777554000,0,1
1777557600,0,1
1777561200,0,1
1777564800,0,1
1777568400,0,1
1777572000,0,1
1777575600,0,1
1777579200,0,1
1777582800,2,1
1777586400,2,1
1777590000,2,1
1777597200,2,1
1777600800,2,1
1777604400,2,1
1777608000,2,1
1777611600,2,1
1777615200,2,1
1777618800,3,0
1777622400,3,0
1777626000,3,0
1777629600,3,0
1777633200,3,0
1777636800,3,0
1777640400,3,0
1777644000,3,0
1777647600,3,0
1777651200,0,1
1777654800,0,1
1777658400,0,1
1777662000,0,1
1777665600,0,1
1777669200,0,1
1777672800,0,1
1777676400,0,1
1777856400,0,1
1777860000,0,1
1777863600,0,1
1777867200,0,1
1777870800,0,1
1777874400,0,1
1777878000,3,0
1777881600,3,0
1777885200,3,0
1777888800,3,0
1777892400,3,0
1777896000,3,0
1777899600,0,1
1777903200,0,1
1777906800,0,1
1777910400,0,1
1777914000,0,1
1777917600,0,1
1777921200,0,1
1777924800,0,1
1777928400,0,1
1777932000,0,1
1777935600,0,1
1777942800,0,1
1777946400,0,1
1777950000,0,1
1777953600,3,0
1777957200,3,0
1777960800,3,0
1777964400,3,0
1777968000,3,0
1777971600,3,0
1777975200,3,0
1777978800,3,0
1777982400,3,0
1777986000,3,0
1777989600,2,1
1777993200,2,1
1777996800,2,1
1778000400,2,1
1778004000,2,1
1778007600,3,0
1778011200,3,0
1778014800,3,0
1778018400,3,0
1778022000,3,0
1778029200,2,1
1778032800,2,1
1778036400,2,1
1778040000,2,1
1778043600,2,1
1778047200,2,1
1778050800,2,1
1778054400,2,1
1778058000,2,1
1778061600,0,1
1778065200,0,1
1778068800,0,1
1778072400,0,1
1778076000,0,1
1778079600,0,1
1778083200,0,1
1778086800,0,1
1778090400,0,1
1778094000,0,1
1778097600,0,1
1778101200,0,1
1778104800,0,1
1778108400,0,1
1778115600,2,1
1778119200,2,1
1778122800,2,1
1778126400,2,1
1778130000,2,1
1778133600,2,1
1778137200,2,1
1778140800,2,1
1778144400,2,1
1778148000,2,1
1778151600,2,1
1778155200,2,1
1778158800,2,1
1778162400,2,1
1778166000,2,1
1778169600,2,1
1778173200,2,1
1778176800,0,1
1778180400,0,1
1778184000,0,1
1778187600,0,1
1778191200,0,1
1778194800,0,1
1778202000,0,1
1778205600,0,1
1778209200,0,1
1778212800,0,1
1778216400,0,1
1778220000,0,1
1778223600,0,1
1778227200,0,1
1778230800,0,1
1778234400,0,1
1778238000,0,1
1778241600,0,1
1778245200,0,1
1778248800,0,1
1778252400,0,1
1778256000,0,1
1778259600,0,1
1778263200,0,1
1778266800,0,1
1778270400,2,1
1778274000,2,1
1778277600,2,1
1778281200,2,1
1778461200,3,0
1778464800,3,0
1778468400,3,0
1778472000,3,0
1778475600,3,0
1778479200,3,0
1778482800,3,0
1778486400,3,0
1778490000,3,0
1778493600,3,0
1778497200,3,0
1778500800,3,0
1778504400,3,0
1778508000,3,0
1778511600,0,1
1778515200,0,1
1778518800,0,1
1778522400,0,1
1778526000,0,1
1778529600,0,1
1778533200,0,1
1778536800,0,1
1778540400,0,1
1778547600,0,1
1778551200,0,1
1778554800,0,1
1778558400,0,1
1778562000,0,1
1778565600,0,1
1778569200,0,1
1778572800,0,1
1778576400,0,1
1778580000,0,1
1778583600,0,1
1778587200,0,1
1778590800,0,1
1778594400,0,1
1778598000,0,1
1778601600,0,1
1778605200,0,1
1778608800,0,1
1778612400,3,0
1778616000,3,0
1778619600,3,0
1778623200,2,1
1778626800,2,1
1778634000,2,1
1778637600,2,1
1778641200,2,1
1778644800,2,1
1778648400,3,0
1778652000,3,0
1778655600,3,0
1778659200,3,0
1778662800,3,0
1778666400,3,0
1778670000,3,0
1778673600,3,0
1778677200,3,0
1778680800,3,0
1778684400,3,0
1778688000,3,0
1778691600,3,0
1778695200,3,0
1778698800,3,0
1778702400,3,0
1778706000,3,0
1778709600,3,0
1778713200,3,0
