1609383600,2,1
1609387200,2,1
1609390800,2,1
1609394400,2,1
1609398000,2,1
1609401600,2,1
1609405200,2,1
1609408800,2,1
1609412400,2,1
1609416000,2,1
1609419600,2,1
1609423200,2,1
1609426800,2,1
1609430400,2,1
1609434000,2,1
1609437600,2,1
1609441200,2,1
1609444800,2,1
1609448400,2,1
1609452000,2,1
1609455600,2,1
1609459200,2,1
1609462800,2,1
1609466400,2,1
1609729200,2,1
1609732800,2,1
1609736400,2,1
1609740000,2,1
1609743600,2,1
1609747200,2,1
1609750800,2,1
1609754400,2,1
1609758000,2,1
1609761600,2,1
1609765200,2,1
1609768800,2,1
1609772400,2,1
1609776000,2,1
1609779600,2,1
1609783200,2,1
1609786800,2,1
1609790400,2,1
1609794000,2,1
1609797600,2,1
1609801200,2,1
1609804800,2,1
1609808400,2,1
1609812000,2,1
1609815600,2,1
1609819200,2,1
1609822800,2,1
1609826400,2,1
1609830000,2,1
1609833600,2,1
1609837200,2,1
1609840800,2,1
1609844400,2,1
1609848000,2,1
1609851600,2,1
1609855200,2,1
1609858800,2,1
1609862400,2,1
1609866000,2,1
1609869600,2,1
1609873200,2,1
1609876800,2,1
1609880400,2,1
1609884000,2,1
1609887600,2,1
1609891200,2,1
1609894800,2,1
1609898400,2,1
1609902000,2,1
1609905600,2,1
1609909200,2,1
1609912800,2,1
1609916400,2,1
1609920000,2,1
1609923600,2,1
1609927200,2,1
1609930800,2,1
1609934400,2,1
1609938000,2,1
1609941600,2,1
1609945200,2,1
1609948800,2,1
1609952400,2,1
1609956000,2,1
1609959600,2,1
1609963200,2,1
1609966800,2,1
1609970400,2,1
1609974000,2,1
1609977600,2,1
1609981200,2,1
1609984800,2,1
1609988400,2,1
1609992000,2,1
1609995600,2,1
1609999200,2,1
1610002800,2,1
1610006400,2,1
1610010000,2,1
1610013600,2,1
1610017200,2,1
1610020800,2,1
1610024400,2,1
1610028000,2,1
1610031600,2,1
1610035200,2,1
1610038800,2,1
1610042400,2,1
1610046000,2,1
1610049600,2,1
1610053200,2,1
1610056800,2,1
1610060400,2,1
1610064000,2,1
1610067600,2,1
1610071200,2,1
1610074800,1,1
1610078400,1,1
1610082000,1,1
1610085600,1,1
1610089200,1,1
1610092800,1,1
1610096400,1,1
1610100000,1,1
1610103600,1,1
1610107200,1,1
1610110800,1,1
1610114400,1,1
1610118000,1,1
1610121600,1,1
1610125200,1,1
1610128800,1,1
1610132400,1,1
1610136000,1,1
1610139600,1,1
1610143200,1,1
1610146800,1,1
1610150400,1,1
1610154000,1,1
1610157600,1,1
1610334000,0,0
1610337600,0,0
1610341200,0,0
1610344800,0,0
1610348400,0,0
1610352000,0,0
1610355600,0,0
1610359200,0,0
1610362800,0,0
1610366400,0,0
1610370000,0,0
1610373600,0,0
1610377200,0,0
1610380800,0,0
1610384400,0,0
1610388000,0,0
1610391600,0,0
1610395200,0,0
1610398800,0,0
1610402400,0,0
1610406000,0,0
1610409600,0,0
1610413200,0,0
1610416800,0,0
1610420400,0,0
1610424000,0,0
1610427600,0,0
1610431200,0,0
1610434800,0,0
1610438400,0,0
1610442000,0,0
1610445600,0,0
1610449200,0,0
1610452800,0,0
1610456400,0,0
1610460000,0,0
1610463600,0,0
1610467200,0,0
1610470800,0,0
1610474400,0,0
1610478000,0,0
1610481600,0,0
1610485200,0,0
1610488800,0,0
1610492400,0,0
1610496000,0,0
1610499600,0,0
1610503200,0,0
1610506800,0,0
1610510400,0,0
1610514000,0,0
1610517600,0,0
1610521200,0,0
1610524800,0,0
1610528400,0,0
1610532000,0,0
1610535600,0,0
1610539200,0,0
1610542800,0,0
1610546400,0,0
1610550000,0,0
1610553600,0,0
1610557200,0,0
1610560800,0,0
1610564400,0,0
1610568000,0,0
1610571600,0,0
1610575200,0,0
1610578800,0,0
1610582400,0,0
1610586000,0,0
1610589600,0,0
1610593200,0,0
1610596800,0,0
1610600400,0,0
1610604000,0,0
1610607600,0,0
1610611200,0,0
1610614800,0,0
1610618400,0,0
1610622000,0,0
1610625600,0,0
1610629200,0,0
1610632800,0,0
1610636400,0,0
1610640000,0,0
1610643600,0,0
1610647200,0,0
1610650800,0,0
1610654400,0,0
1610658000,0,0
1610661600,0,0
1610665200,0,0
1610668800,0,0
1610672400,0,0
1610676000,0,0
1610679600,0,0
1610683200,0,0
1610686800,0,0
1610690400,0,0
1610694000,0,0
1610697600,0,0
1610701200,0,0
1610704800,0,0
1610708400,0,0
1610712000,0,0
1610715600,0,0
1610719200,0,0
1610722800,0,0
1610726400,0,0
1610730000,0,0
1610733600,0,0
1610737200,0,0
1610740800,0,0
1610744400,0,0
1610748000,0,0
1610751600,0,0
1610755200,0,0
1610758800,0,0
1610762400,0,0
1611025200,0,0
1611028800,0,0
1611032400,0,0
1611036000,0,0
1611039600,0,0
1611043200,0,0
1611046800,0,0
1611050400,0,0
1611054000,0,0
1611057600,0,0
1611061200,0,0
1611064800,0,0
1611068400,0,0
1611072000,0,0
1611075600,0,0
1611079200,0,0
1611082800,0,0
1611086400,0,0
1611090000,0,0
1611093600,0,0
1611097200,0,0
1611100800,0,0
1611104400,0,0
1611108000,0,0
1611111600,0,0
1611115200,0,0
1611118800,0,0
1611122400,0,0
1611126000,0,0
1611129600,0,0
1611133200,0,0
1611136800,0,0
1611140400,0,0
1611144000,0,0
1611147600,0,0
1611151200,0,0
1611154800,0,0
1611158400,0,0
1611162000,0,0
1611165600,0,0
1611169200,0,0
1611172800,0,0
1611176400,0,0
1611180000,0,0
1611183600,0,0
1611187200,0,0
1611190800,0,0
1611194400,0,0
1611198000,0,0
1611201600,0,0
1611205200,0,0
1611208800,0,0
1611212400,0,0
1611216000,0,0
1611219600,0,0
1611223200,0,0
1611226800,0,0
1611230400,0,0
1611234000,0,0
1611237600,0,0
1611241200,0,0
1611244800,0,0
1611248400,0,0
1611252000,0,0
1611255600,0,0
1611259200,0,0
1611262800,0,0
1611266400,0,0
1611270000,0,0
1611273600,0,0
1611277200,0,0
1611280800,0,0
1611284400,0,0
1611288000,0,0
1611291600,0,0
1611295200,0,0
1611298800,0,0
1611302400,0,0
1611306000,0,0
1611309600,0,0
1611313200,0,0
1611316800,0,0
1611320400,0,0
1611324000,0,0
1611327600,0,0
1611331200,0,0
1611334800,0,0
1611338400,0,0
1611342000,0,0
1611345600,0,0
1611349200,0,0
1611352800,0,0
1611356400,0,0
1611360000,0,0
1611363600,0,0
1611367200,0,0
1611543600,0,0
1611547200,0,0
1611550800,0,0
1611554400,0,0
1611558000,0,0
1611561600,0,0
1611565200,0,0
1611568800,0,0
1611572400,0,0
1611576000,0,0
1611579600,0,0
1611583200,0,0
1611586800,0,0
1611590400,0,0
1611594000,0,0
1611597600,0,0
1611601200,0,0
1611604800,0,0
1611608400,0,0
1611612000,0,0
1611615600,0,0
1611619200,0,0
1611622800,0,0
1611626400,0,0
1611630000,0,0
1611633600,0,0
1611637200,0,0
1611640800,0,0
1611644400,0,0
1611648000,0,0
1611651600,0,0
1611655200,0,0
1611658800,0,0
1611662400,0,0
1611666000,0,0
1611669600,0,0
1611673200,0,0
1611676800,0,0
1611680400,0,0
1611684000,0,0
1611687600,0,0
1611691200,0,0
1611694800,0,0
1611698400,0,0
1611702000,0,0
1611705600,0,0
1611709200,0,0
1611712800,0,0
1611716400,0,0
1611720000,0,0
1611723600,0,0
1611727200,0,0
1611730800,0,0
1611734400,0,0
1611738000,0,0
1611741600,0,0
1611745200,0,0
1611748800,0,0
1611752400,0,0
1611756000,0,0
1611759600,0,0
1611763200,0,0
1611766800,0,0
1611770400,0,0
1611774000,0,0
1611777600,0,0
1611781200,0,0
1611784800,0,0
1611788400,0,0
1611792000,0,0
1611795600,0,0
1611799200,0,0
1611802800,0,0
1611806400,0,0
1611810000,0,0
1611813600,0,0
1611817200,0,0
1611820800,0,0
1611824400,0,0
1611828000,0,0
1611831600,0,0
1611835200,0,0
1611838800,0,0
1611842400,0,0
1611846000,0,0
1611849600,0,0
1611853200,0,0
1611856800,0,0
1611860400,0,0
1611864000,0,0
1611867600,0,0
1611871200,0,0
1611874800,0,0
1611878400,0,0
1611882000,0,0
1611885600,0,0
1611889200,0,0
1611892800,0,0
1611896400,0,0
1611900000,0,0
1611903600,0,0
1611907200,0,0
1611910800,0,0
1611914400,0,0
1611918000,0,0
1611921600,0,0
1611925200,0,0
1611928800,0,0
1611932400,0,0
1611936000,0,0
1611939600,0,0
1611943200,0,0
1611946800,0,0
1611950400,0,0
1611954000,0,0
1611957600,0,0
1611961200,0,0
1611964800,0,0
1611968400,0,0
1611972000,0,0
1612148400,0,0
1612152000,0,0
1612155600,0,0
1612159200,0,0
1612162800,0,0
1612166400,0,0
1612170000,0,0
1612173600,0,0
1612177200,0,0
1612180800,0,0
1612184400,0,0
1612188000,0,0
1612191600,0,0
1612195200,0,0
1612198800,0,0
1612202400,0,0
1612206000,0,0
1612209600,0,0
1612213200,0,0
1612216800,0,0
1612220400,0,0
1612224000,0,0
1612227600,0,0
1612231200,0,0
1612234800,0,0
1612238400,0,0
1612242000,0,0
1612245600,0,0
1612249200,0,0
1612252800,0,0
1612256400,0,0
1612260000,0,0
1612263600,0,0
1612267200,0,0
1612270800,0,0
1612274400,0,0
1612278000,0,0
1612281600,0,0
1612285200,0,0
1612288800,0,0
1612292400,0,0
1612296000,0,0
1612299600,0,0
1612303200,0,0
1612306800,0,0
1612310400,0,0
1612314000,0,0
1612317600,0,0
1612321200,0,0
1612324800,0,0
1612328400,0,0
1612332000,0,0
1612335600,0,0
1612339200,0,0
1612342800,0,0
1612346400,0,0
1612350000,0,0
1612353600,0,0
1612357200,0,0
1612360800,0,0
1612364400,0,0
1612368000,0,0
1612371600,0,0
1612375200,0,0
1612378800,0,0
1612382400,0,0
1612386000,0,0
1612389600,0,0
1612393200,0,0
1612396800,0,0
1612400400,0,0
1612404000,0,0
1612407600,0,0
1612411200,0,0
1612414800,0,0
1612418400,0,0
1612422000,0,0
1612425600,0,0
1612429200,0,0
1612432800,0,0
1612436400,0,0
1612440000,0,0
1612443600,0,0
1612447200,0,0
1612450800,0,0
1612454400,0,0
1612458000,0,0
1612461600,0,0
1612465200,0,0
1612468800,0,0
1612472400,0,0
1612476000,0,0
1612479600,0,0
1612483200,0,0
1612486800,0,0
1612490400,0,0
1612494000,0,0
1612497600,0,0
1612501200,0,0
1612504800,0,0
1612508400,0,0
1612512000,0,0
1612515600,0,0
1612519200,0,0
1612522800,0,0
1612526400,0,0
1612530000,0,0
1612533600,0,0
1612537200,0,0
1612540800,0,0
1612544400,0,0
1612548000,0,0
1612551600,0,0
1612555200,0,0
1612558800,0,0
1612562400,0,0
1612566000,0,0
1612569600,0,0
1612573200,0,0
1612576800,0,0
1612753200,0,0
1612756800,0,0
1612760400,0,0
1612764000,0,0
1612767600,0,0
1612771200,0,0
1612774800,0,0
1612778400,0,0
1612782000,0,0
1612785600,0,0
1612789200,0,0
1612792800,0,0
1612796400,0,0
1612800000,0,0
1612803600,0,0
1612807200,0,0
1612810800,0,0
1612814400,0,0
1612818000,0,0
1612821600,0,0
1612825200,0,0
1612828800,0,0
1612832400,0,0
1612836000,0,0
1612839600,0,0
1612843200,0,0
1612846800,0,0
1612850400,0,0
1612854000,0,0
1612857600,0,0
1612861200,0,0
1612864800,0,0
1612868400,0,0
1612872000,0,0
1612875600,0,0
1612879200,0,0
1612882800,0,0
1612886400,0,0
1612890000,0,0
1612893600,0,0
1612897200,0,0
1612900800,0,0
1612904400,0,0
1612908000,0,0
1612911600,0,0
1612915200,0,0
1612918800,0,0
1612922400,0,0
1612926000,0,0
1612929600,0,0
1612933200,0,0
1612936800,0,0
1612940400,0,0
1612944000,0,0
1612947600,0,0
1612951200,0,0
1612954800,0,0
1612958400,0,0
1612962000,0,0
1612965600,0,0
1612969200,0,0
1612972800,0,0
1612976400,0,0
1612980000,0,0
1612983600,0,0
1612987200,0,0
1612990800,0,0
1612994400,0,0
1612998000,0,0
1613001600,0,0
1613005200,0,0
1613008800,0,0
1613012400,0,0
1613016000,0,0
1613019600,0,0
1613023200,0,0
1613026800,0,0
1613030400,0,0
1613034000,0,0
1613037600,0,0
1613041200,0,0
1613044800,0,0
1613048400,0,0
1613052000,0,0
1613055600,0,0
1613059200,0,0
1613062800,0,0
1613066400,0,0
1613070000,0,0
1613073600,0,0
1613077200,0,0
1613080800,0,0
1613084400,0,0
1613088000,0,0
1613091600,0,0
1613095200,0,0
1613098800,0,0
1613102400,0,0
1613106000,0,0
1613109600,0,0
1613113200,0,0
1613116800,0,0
1613120400,0,0
1613124000,0,0
1613127600,0,0
1613131200,0,0
1613134800,0,0
1613138400,0,0
1613142000,0,0
1613145600,0,0
1613149200,0,0
1613152800,0,0
1613156400,0,0
1613160000,0,0
1613163600,0,0
1613167200,0,0
1613170800,0,0
1613174400,0,0
1613178000,0,0
1613181600,0,0
1613444400,0,0
1613448000,0,0
1613451600,0,0
1613455200,0,0
1613458800,0,0
1613462400,0,0
1613466000,0,0
1613469600,0,0
1613473200,0,0
1613476800,0,0
1613480400,0,0
1613484000,0,0
1613487600,0,0
1613491200,0,0
1613494800,0,0
1613498400,0,0
1613502000,0,0
1613505600,0,0
1613509200,0,0
1613512800,0,0
1613516400,0,0
1613520000,0,0
1613523600,0,0
1613527200,0,0
1613530800,0,0
1613534400,0,0
1613538000,0,0
1613541600,0,0
1613545200,0,0
1613548800,0,0
1613552400,0,0
1613556000,0,0
1613559600,0,0
1613563200,0,0
1613566800,0,0
1613570400,0,0
1613574000,0,0
1613577600,0,0
1613581200,0,0
1613584800,0,0
1613588400,0,0
1613592000,0,0
1613595600,0,0
1613599200,0,0
1613602800,0,0
1613606400,0,0
1613610000,0,0
1613613600,0,0
1613617200,0,0
1613620800,0,0
1613624400,0,0
1613628000,0,0
1613631600,0,0
1613635200,0,0
1613638800,0,0
1613642400,0,0
1613646000,0,0
1613649600,0,0
1613653200,0,0
1613656800,0,0
1613660400,0,0
1613664000,0,0
1613667600,0,0
1613671200,0,0
1613674800,0,0
1613678400,0,0
1613682000,0,0
1613685600,0,0
1613689200,0,0
1613692800,0,0
1613696400,0,0
1613700000,0,0
1613703600,0,0
1613707200,0,0
1613710800,0,0
1613714400,0,0
1613718000,0,0
1613721600,0,0
1613725200,0,0
1613728800,0,0
1613732400,0,0
1613736000,0,0
1613739600,0,0
1613743200,0,0
1613746800,0,0
1613750400,0,0
1613754000,0,0
1613757600,0,0
1613761200,0,0
1613764800,0,0
1613768400,0,0
1613772000,0,0
1613775600,0,0
1613779200,0,0
1613782800,0,0
1613786400,0,0
1613962800,0,0
1613966400,0,0
1613970000,0,0
1613973600,0,0
1613977200,0,0
1613980800,0,0
1613984400,0,0
1613988000,0,0
1613991600,0,0
1613995200,0,0
1613998800,0,0
1614002400,0,0
1614006000,0,0
1614009600,0,0
1614013200,0,0
1614016800,0,0
1614020400,0,0
1614024000,0,0
1614027600,0,0
1614031200,0,0
1614034800,0,0
1614038400,0,0
1614042000,0,0
1614045600,0,0
1614049200,0,0
1614052800,0,0
1614056400,0,0
1614060000,0,0
1614063600,0,0
1614067200,0,0
1614070800,0,0
1614074400,0,0
1614078000,0,0
1614081600,0,0
1614085200,0,0
1614088800,0,0
1614092400,0,0
1614096000,0,0
1614099600,0,0
1614103200,0,0
1614106800,0,0
1614110400,0,0
1614114000,0,0
1614117600,0,0
1614121200,0,0
1614124800,0,0
1614128400,0,0
1614132000,0,0
1614135600,0,0
1614139200,0,0
1614142800,0,0
1614146400,0,0
1614150000,0,0
1614153600,0,0
1614157200,0,0
1614160800,0,0
1614164400,0,0
1614168000,0,0
1614171600,0,0
1614175200,0,0
1614178800,0,0
1614182400,0,0
1614186000,0,0
1614189600,0,0
1614193200,0,0
1614196800,0,0
1614200400,0,0
1614204000,0,0
1614207600,0,0
1614211200,0,0
1614214800,0,0
1614218400,0,0
1614222000,0,0
1614225600,0,0
1614229200,0,0
1614232800,0,0
1614236400,0,0
1614240000,0,0
1614243600,0,0
1614247200,0,0
1614250800,0,0
1614254400,0,0
1614258000,0,0
1614261600,0,0
1614265200,0,0
1614268800,0,0
1614272400,0,0
1614276000,0,0
1614279600,0,0
1614283200,0,0
1614286800,0,0
1614290400,0,0
1614294000,0,0
1614297600,0,0
1614301200,0,0
1614304800,0,0
1614308400,0,0
1614312000,0,0
1614315600,0,0
1614319200,0,0
1614322800,0,0
1614326400,0,0
1614330000,0,0
1614333600,0,0
1614337200,0,0
1614340800,0,0
1614344400,0,0
1614348000,0,0
1614351600,0,0
1614355200,0,0
1614358800,0,0
1614362400,0,0
1614366000,0,0
1614369600,0,0
1614373200,0,0
1614376800,0,0
1614380400,0,0
1614384000,0,0
1614387600,0,0
1614391200,0,0
1614567600,0,0
1614571200,0,0
1614574800,0,0
1614578400,0,0
1614582000,0,0
1614585600,0,0
1614589200,0,0
1614592800,0,0
1614596400,0,0
1614600000,0,0
1614603600,0,0
1614607200,0,0
1614610800,0,0
1614614400,0,0
1614618000,0,0
1614621600,0,0
1614625200,0,0
1614628800,0,0
1614632400,0,0
1614636000,0,0
1614639600,0,0
1614643200,0,0
1614646800,0,0
1614650400,0,0
1614654000,0,0
1614657600,0,0
1614661200,0,0
1614664800,0,0
1614668400,0,0
1614672000,0,0
1614675600,0,0
1614679200,0,0
1614682800,0,0
1614686400,0,0
1614690000,0,0
1614693600,0,0
1614697200,0,0
1614700800,0,0
1614704400,0,0
1614708000,0,0
1614711600,0,0
1614715200,0,0
1614718800,0,0
1614722400,0,0
1614726000,0,0
1614729600,0,0
1614733200,0,0
1614736800,0,0
1614740400,0,0
1614744000,0,0
1614747600,0,0
1614751200,0,0
1614754800,0,0
1614758400,0,0
1614762000,0,0
1614765600,0,0
1614769200,0,0
1614772800,0,0
1614776400,0,0
1614780000,0,0
1614783600,0,0
1614787200,0,0
1614790800,0,0
1614794400,0,0
1614798000,0,0
1614801600,0,0
1614805200,0,0
1614808800,0,0
1614812400,0,0
1614816000,0,0
1614819600,0,0
1614823200,0,0
1614826800,0,0
1614830400,0,0
1614834000,0,0
1614837600,0,0
1614841200,0,0
1614844800,0,0
1614848400,0,0
1614852000,0,0
1614855600,0,0
1614859200,0,0
1614862800,0,0
1614866400,0,0
1614870000,0,0
1614873600,0,0
1614877200,0,0
1614880800,0,0
1614884400,0,0
1614888000,0,0
1614891600,0,0
1614895200,0,0
1614898800,0,0
1614902400,0,0
1614906000,0,0
1614909600,0,0
1614913200,0,0
1614916800,0,0
1614920400,0,0
1614924000,0,0
1614927600,0,0
1614931200,0,0
1614934800,0,0
1614938400,0,0
1614942000,0,0
1614945600,0,0
1614949200,0,0
1614952800,0,0
1614956400,0,0
1614960000,0,0
1614963600,0,0
1614967200,0,0
1614970800,0,0
1614974400,0,0
1614978000,0,0
1614981600,0,0
1614985200,0,0
1614988800,0,0
1614992400,0,0
1614996000,0,0
1615172400,0,0
1615176000,0,0
1615179600,0,0
1615183200,0,0
1615186800,0,0
1615190400,0,0
1615194000,0,0
1615197600,0,0
1615201200,0,0
1615204800,0,0
1615208400,0,0
1615212000,0,0
1615215600,0,0
1615219200,0,0
1615222800,0,0
1615226400,0,0
1615230000,0,0
1615233600,0,0
1615237200,0,0
1615240800,0,0
1615244400,0,0
1615248000,0,0
1615251600,0,0
1615255200,0,0
1615258800,0,0
1615262400,0,0
1615266000,0,0
1615269600,0,0
1615273200,0,0
1615276800,0,0
1615280400,0,0
1615284000,0,0
1615287600,0,0
1615291200,0,0
1615294800,0,0
1615298400,0,0
1615302000,0,0
1615305600,0,0
1615309200,0,0
1615312800,0,0
1615316400,0,0
1615320000,0,0
1615323600,0,0
1615327200,0,0
1615330800,0,0
1615334400,0,0
1615338000,0,0
1615341600,0,0
1615345200,0,0
1615348800,0,0
1615352400,0,0
1615356000,0,0
1615359600,0,0
1615363200,0,0
1615366800,0,0
1615370400,0,0
1615374000,0,0
1615377600,0,0
1615381200,0,0
1615384800,0,0
1615388400,0,0
1615392000,0,0
1615395600,0,0
1615399200,0,0
1615402800,0,0
1615406400,0,0
1615410000,0,0
1615413600,0,0
1615417200,0,0
1615420800,0,0
1615424400,0,0
1615428000,0,0
1615431600,0,0
1615435200,0,0
1615438800,0,0
1615442400,0,0
1615446000,0,0
1615449600,0,0
1615453200,0,0
1615456800,0,0
1615460400,0,0
1615464000,0,0
1615467600,0,0
1615471200,0,0
1615474800,0,0
1615478400,0,0
1615482000,0,0
1615485600,0,0
1615489200,0,0
1615492800,0,0
1615496400,0,0
1615500000,0,0
1615503600,0,0
1615507200,0,0
1615510800,0,0
1615514400,0,0
1615518000,0,0
1615521600,0,0
1615525200,0,0
1615528800,0,0
1615532400,0,0
1615536000,0,0
1615539600,0,0
1615543200,0,0
1615546800,0,0
1615550400,0,0
1615554000,0,0
1615557600,0,0
1615561200,0,0
1615564800,0,0
1615568400,0,0
1615572000,0,0
1615575600,0,0
1615579200,0,0
1615582800,0,0
1615586400,0,0
1615590000,0,0
1615593600,0,0
1615597200,0,0
1615600800,0,0
1615777200,0,0
1615780800,0,0
1615784400,0,0
1615788000,0,0
1615791600,0,0
1615795200,0,0
1615798800,0,0
1615802400,0,0
1615806000,0,0
1615809600,0,0
1615813200,0,0
1615816800,0,0
1615820400,0,0
1615824000,0,0
1615827600,0,0
1615831200,0,0
1615834800,0,0
1615838400,0,0
1615842000,0,0
1615845600,0,0
1615849200,0,0
1615852800,0,0
1615856400,0,0
1615860000,0,0
1615863600,0,0
1615867200,0,0
1615870800,0,0
1615874400,0,0
1615878000,0,0
1615881600,0,0
1615885200,0,0
1615888800,0,0
1615892400,0,0
1615896000,0,0
1615899600,0,0
1615903200,0,0
1615906800,0,0
1615910400,0,0
1615914000,0,0
1615917600,0,0
1615921200,0,0
1615924800,0,0
1615928400,0,0
1615932000,0,0
1615935600,0,0
1615939200,0,0
1615942800,0,0
1615946400,0,0
1615950000,0,0
1615953600,0,0
1615957200,0,0
1615960800,0,0
1615964400,0,0
1615968000,0,0
1615971600,0,0
1615975200,0,0
1615978800,0,0
1615982400,0,0
1615986000,0,0
1615989600,0,0
1615993200,0,0
1615996800,0,0
1616000400,0,0
1616004000,0,0
1616007600,0,0
1616011200,0,0
1616014800,0,0
1616018400,0,0
1616022000,0,0
1616025600,0,0
1616029200,0,0
1616032800,0,0
1616036400,0,0
1616040000,0,0
1616043600,0,0
1616047200,0,0
1616050800,0,0
1616054400,0,0
1616058000,0,0
1616061600,0,0
1616065200,0,0
1616068800,0,0
1616072400,0,0
1616076000,0,0
1616079600,0,0
1616083200,0,0
1616086800,0,0
1616090400,0,0
1616094000,0,0
1616097600,0,0
1616101200,0,0
1616104800,0,0
1616108400,0,0
1616112000,0,0
1616115600,0,0
1616119200,0,0
1616122800,0,0
1616126400,0,0
1616130000,0,0
1616133600,0,0
1616137200,0,0
1616140800,0,0
1616144400,0,0
1616148000,0,0
1616151600,0,0
1616155200,0,0
1616158800,0,0
1616162400,0,0
1616166000,0,0
1616169600,0,0
1616173200,0,0
1616176800,0,0
1616180400,0,0
1616184000,0,0
1616187600,0,0
1616191200,0,0
1616194800,0,0
1616198400,0,0
1616202000,0,0
1616205600,0,0
1616382000,0,0
1616385600,0,0
1616389200,0,0
1616392800,0,0
1616396400,0,0
1616400000,0,0
1616403600,0,0
1616407200,0,0
1616410800,0,0
1616414400,0,0
1616418000,0,0
1616421600,0,0
1616425200,0,0
1616428800,0,0
1616432400,0,0
1616436000,0,0
1616439600,0,0
1616443200,0,0
1616446800,0,0
1616450400,0,0
1616454000,0,0
1616457600,0,0
1616461200,0,0
1616464800,0,0
1616468400,0,0
1616472000,0,0
1616475600,0,0
1616479200,0,0
1616482800,0,0
1616486400,0,0
1616490000,0,0
1616493600,0,0
1616497200,0,0
1616500800,0,0
1616504400,0,0
1616508000,0,0
1616511600,0,0
1616515200,0,0
1616518800,0,0
1616522400,0,0
1616526000,0,0
1616529600,0,0
1616533200,0,0
1616536800,0,0
1616540400,0,0
1616544000,0,0
1616547600,0,0
1616551200,0,0
1616554800,0,0
1616558400,0,0
1616562000,0,0
1616565600,0,0
1616569200,0,0
1616572800,0,0
1616576400,0,0
1616580000,0,0
1616583600,0,0
1616587200,0,0
1616590800,0,0
1616594400,0,0
1616598000,0,0
1616601600,0,0
1616605200,0,0
1616608800,0,0
1616612400,0,0
1616616000,0,0
1616619600,0,0
1616623200,0,0
1616626800,0,0
1616630400,0,0
1616634000,0,0
1616637600,0,0
1616641200,0,0
1616644800,0,0
1616648400,0,0
1616652000,0,0
1616655600,0,0
1616659200,0,0
1616662800,0,0
1616666400,0,0
1616670000,0,0
1616673600,0,0
1616677200,0,0
1616680800,0,0
1616684400,0,0
1616688000,0,0
1616691600,0,0
1616695200,0,0
1616698800,0,0
1616702400,0,0
1616706000,0,0
1616709600,0,0
1616713200,0,0
1616716800,0,0
1616720400,0,0
1616724000,0,0
1616727600,0,0
1616731200,0,0
1616734800,0,0
1616738400,0,0
1616742000,0,0
1616745600,0,0
1616749200,0,0
1616752800,0,0
1616756400,0,0
1616760000,0,0
1616763600,0,0
1616767200,0,0
1616770800,0,0
1616774400,0,0
1616778000,0,0
1616781600,0,0
1616785200,0,0
1616788800,0,0
1616792400,0,0
1616796000,0,0
1616799600,0,0
1616803200,0,0
1616806800,0,0
1616810400,0,0
1616986800,0,0
1616990400,0,0
1616994000,0,0
1616997600,0,0
1617001200,0,0
1617004800,0,0
1617008400,0,0
1617012000,0,0
1617015600,0,0
1617019200,0,0
1617022800,0,0
1617026400,0,0
1617030000,0,0
1617033600,0,0
1617037200,0,0
1617040800,0,0
1617044400,0,0
1617048000,0,0
1617051600,0,0
1617055200,0,0
1617058800,0,0
1617062400,0,0
1617066000,0,0
1617069600,0,0
1617073200,0,0
1617076800,0,0
1617080400,0,0
1617084000,0,0
1617087600,0,0
1617091200,0,0
1617094800,0,0
1617098400,0,0
1617102000,0,0
1617105600,0,0
1617109200,0,0
1617112800,0,0
1617116400,0,0
1617120000,0,0
1617123600,0,0
1617127200,0,0
1617130800,0,0
1617134400,0,0
1617138000,0,0
1617141600,0,0
1617145200,0,0
1617148800,0,0
1617152400,0,0
1617156000,0,0
1617159600,0,0
1617163200,0,0
1617166800,0,0
1617170400,0,0
1617174000,0,0
1617177600,0,0
1617181200,0,0
1617184800,0,0
1617188400,0,0
1617192000,0,0
1617195600,0,0
1617199200,0,0
1617202800,0,0
1617206400,0,0
1617210000,0,0
1617213600,0,0
1617217200,0,0
1617220800,0,0
1617224400,0,0
1617228000,0,0
1617231600,0,0
1617235200,0,0
1617238800,0,0
1617242400,0,0
1617246000,0,0
1617249600,0,0
1617253200,0,0
1617256800,0,0
1617260400,0,0
1617264000,0,0
1617267600,0,0
1617271200,0,0
1617274800,0,0
1617278400,0,0
1617282000,0,0
1617285600,0,0
1617289200,0,0
1617292800,0,0
1617296400,0,0
1617300000,0,0
1617303600,0,0
1617307200,0,0
1617310800,0,0
1617314400,0,0
1617318000,0,0
1617321600,0,0
1617325200,0,0
1617328800,0,0
1617591600,0,0
1617595200,0,0
1617598800,0,0
1617602400,0,0
1617606000,0,0
1617609600,0,0
1617613200,0,0
1617616800,0,0
1617620400,0,0
1617624000,0,0
1617627600,0,0
1617631200,0,0
1617634800,0,0
1617638400,0,0
1617642000,0,0
1617645600,0,0
1617649200,0,0
1617652800,0,0
1617656400,0,0
1617660000,0,0
1617663600,0,0
1617667200,0,0
1617670800,0,0
1617674400,0,0
1617678000,0,0
1617681600,0,0
1617685200,0,0
1617688800,0,0
1617692400,0,0
1617696000,0,0
1617699600,0,0
1617703200,0,0
1617706800,0,0
1617710400,0,0
1617714000,0,0
1617717600,0,0
1617721200,0,0
1617724800,0,0
1617728400,0,0
1617732000,0,0
1617735600,0,0
1617739200,0,0
1617742800,0,0
1617746400,0,0
1617750000,0,0
1617753600,0,0
1617757200,0,0
1617760800,0,0
1617764400,0,0
1617768000,0,0
1617771600,0,0
1617775200,0,0
1617778800,0,0
1617782400,0,0
1617786000,0,0
1617789600,0,0
1617793200,0,0
1617796800,0,0
1617800400,0,0
1617804000,0,0
1617807600,0,0
1617811200,0,0
1617814800,0,0
1617818400,0,0
1617822000,0,0
1617825600,0,0
1617829200,0,0
1617832800,0,0
1617836400,0,0
1617840000,0,0
1617843600,0,0
1617847200,0,0
1617850800,0,0
1617854400,0,0
1617858000,0,0
1617861600,0,0
1617865200,0,0
1617868800,0,0
1617872400,0,0
1617876000,0,0
1617879600,0,0
1617883200,0,0
1617886800,0,0
1617890400,0,0
1617894000,0,0
1617897600,0,0
1617901200,0,0
1617904800,0,0
1617908400,0,0
1617912000,0,0
1617915600,0,0
1617919200,0,0
1617922800,0,0
1617926400,0,0
1617930000,0,0
1617933600,0,0
1617937200,0,0
1617940800,0,0
1617944400,0,0
1617948000,0,0
1617951600,0,0
1617955200,0,0
1617958800,0,0
1617962400,0,0
1617966000,0,0
1617969600,0,0
1617973200,0,0
1617976800,0,0
1617980400,0,0
1617984000,0,0
1617987600,0,0
1617991200,0,0
1617994800,0,0
1617998400,0,0
1618002000,0,0
1618005600,0,0
1618009200,0,0
1618012800,0,0
1618016400,0,0
1618020000,0,0
1618196400,0,0
1618200000,0,0
1618203600,0,0
1618207200,0,0
1618210800,0,0
1618214400,0,0
1618218000,0,0
1618221600,0,0
1618225200,0,0
1618228800,0,0
1618232400,0,0
1618236000,0,0
1618239600,0,0
1618243200,0,0
1618246800,0,0
1618250400,0,0
1618254000,0,0
1618257600,0,0
1618261200,0,0
1618264800,0,0
1618268400,0,0
1618272000,0,0
1618275600,0,0
1618279200,0,0
1618282800,0,0
1618286400,0,0
1618290000,0,0
1618293600,0,0
1618297200,0,0
1618300800,0,0
1618304400,0,0
1618308000,0,0
1618311600,0,0
1618315200,0,0
1618318800,0,0
1618322400,0,0
1618326000,0,0
1618329600,0,0
1618333200,0,0
1618336800,0,0
1618340400,0,0
1618344000,0,0
1618347600,0,0
1618351200,0,0
1618354800,0,0
1618358400,0,0
1618362000,0,0
1618365600,0,0
1618369200,0,0
1618372800,0,0
1618376400,0,0
1618380000,0,0
1618383600,0,0
1618387200,0,0
1618390800,0,0
1618394400,0,0
1618398000,0,0
1618401600,0,0
1618405200,0,0
1618408800,0,0
1618412400,0,0
1618416000,0,0
1618419600,0,0
1618423200,0,0
1618426800,0,0
1618430400,0,0
1618434000,0,0
1618437600,0,0
1618441200,0,0
1618444800,0,0
1618448400,0,0
1618452000,0,0
1618455600,0,0
1618459200,0,0
1618462800,0,0
1618466400,0,0
1618470000,0,0
1618473600,0,0
1618477200,0,0
1618480800,0,0
1618484400,0,0
1618488000,0,0
1618491600,0,0
1618495200,0,0
1618498800,0,0
1618502400,0,0
1618506000,0,0
1618509600,0,0
1618513200,0,0
1618516800,0,0
1618520400,0,0
1618524000,0,0
1618527600,0,0
1618531200,0,0
1618534800,0,0
1618538400,0,0
1618542000,0,0
1618545600,0,0
1618549200,0,0
1618552800,0,0
1618556400,0,0
1618560000,0,0
1618563600,0,0
1618567200,0,0
1618570800,0,0
1618574400,0,0
1618578000,0,0
1618581600,0,0
1618585200,0,0
1618588800,0,0
1618592400,0,0
1618596000,0,0
1618599600,0,0
1618603200,0,0
1618606800,0,0
1618610400,0,0
1618614000,0,0
1618617600,0,0
1618621200,0,0
1618624800,0,0
1618801200,0,0
1618804800,0,0
1618808400,0,0
1618812000,0,0
1618815600,0,0
1618819200,0,0
1618822800,0,0
1618826400,0,0
1618830000,0,0
1618833600,0,0
1618837200,0,0
1618840800,0,0
1618844400,0,0
1618848000,0,0
1618851600,0,0
1618855200,0,0
1618858800,0,0
1618862400,0,0
1618866000,0,0
1618869600,0,0
1618873200,0,0
1618876800,0,0
1618880400,0,0
1618884000,0,0
1618887600,0,0
1618891200,0,0
1618894800,0,0
1618898400,0,0
1618902000,0,0
1618905600,0,0
1618909200,0,0
1618912800,0,0
1618916400,0,0
1618920000,0,0
1618923600,0,0
1618927200,0,0
1618930800,0,0
1618934400,0,0
1618938000,0,0
1618941600,0,0
1618945200,0,0
1618948800,0,0
1618952400,0,0
1618956000,0,0
1618959600,0,0
1618963200,0,0
1618966800,0,0
1618970400,0,0
1618974000,0,0
1618977600,0,0
1618981200,0,0
1618984800,0,0
1618988400,0,0
1618992000,0,0
1618995600,0,0
1618999200,0,0
1619002800,0,0
1619006400,0,0
1619010000,0,0
1619013600,0,0
1619017200,0,0
1619020800,0,0
1619024400,0,0
1619028000,0,0
1619031600,0,0
1619035200,0,0
1619038800,0,0
1619042400,0,0
1619046000,0,0
1619049600,0,0
1619053200,0,0
1619056800,0,0
1619060400,0,0
1619064000,0,0
1619067600,0,0
1619071200,0,0
1619074800,0,0
1619078400,0,0
1619082000,0,0
1619085600,0,0
1619089200,0,0
1619092800,0,0
1619096400,0,0
1619100000,0,0
1619103600,0,0
1619107200,0,0
1619110800,0,0
1619114400,0,0
1619118000,0,0
1619121600,0,0
1619125200,0,0
1619128800,0,0
1619132400,0,0
1619136000,0,0
1619139600,0,0
1619143200,0,0
1619146800,0,0
1619150400,0,0
1619154000,0,0
1619157600,0,0
1619161200,0,0
1619164800,0,0
1619168400,0,0
1619172000,0,0
1619175600,0,0
1619179200,0,0
1619182800,0,0
1619186400,0,0
1619190000,0,0
1619193600,0,0
1619197200,0,0
1619200800,0,0
1619204400,0,0
1619208000,0,0
1619211600,0,0
1619215200,0,0
1619218800,0,0
1619222400,0,0
1619226000,0,0
1619229600,0,0
1619406000,0,0
1619409600,0,0
1619413200,0,0
1619416800,0,0
1619420400,0,0
1619424000,0,0
1619427600,0,0
1619431200,0,0
1619434800,0,0
1619438400,0,0
1619442000,0,0
1619445600,0,0
1619449200,0,0
1619452800,0,0
1619456400,0,0
1619460000,0,0
1619463600,0,0
1619467200,0,0
1619470800,0,0
1619474400,0,0
1619478000,0,0
1619481600,0,0
1619485200,0,0
1619488800,0,0
1619492400,0,0
1619496000,0,0
1619499600,0,0
1619503200,0,0
1619506800,0,0
1619510400,0,0
1619514000,0,0
1619517600,0,0
1619521200,0,0
1619524800,0,0
1619528400,0,0
1619532000,0,0
1619535600,0,0
1619539200,0,0
1619542800,0,0
1619546400,0,0
1619550000,0,0
1619553600,0,0
1619557200,0,0
1619560800,0,0
1619564400,0,0
1619568000,0,0
1619571600,0,0
1619575200,0,0
1619578800,0,0
1619582400,0,0
1619586000,0,0
1619589600,0,0
1619593200,0,0
1619596800,0,0
1619600400,0,0
1619604000,0,0
1619607600,0,0
1619611200,0,0
1619614800,0,0
1619618400,0,0
1619622000,0,0
1619625600,0,0
1619629200,0,0
1619632800,0,0
1619636400,0,0
1619640000,0,0
1619643600,0,0
1619647200,0,0
1619650800,0,0
1619654400,0,0
1619658000,0,0
1619661600,0,0
1619665200,0,0
1619668800,0,0
1619672400,0,0
1619676000,0,0
1619679600,0,0
1619683200,0,0
1619686800,0,0
1619690400,0,0
1619694000,0,0
1619697600,0,0
1619701200,0,0
1619704800,0,0
1619708400,0,0
1619712000,0,0
1619715600,0,0
1619719200,0,0
1619722800,0,0
1619726400,0,0
1619730000,0,0
1619733600,0,0
1619737200,0,0
1619740800,0,0
1619744400,0,0
1619748000,0,0
1619751600,0,0
1619755200,0,0
1619758800,0,0
1619762400,0,0
1619766000,0,0
1619769600,0,0
1619773200,0,0
1619776800,0,0
1619780400,0,0
1619784000,0,0
1619787600,0,0
1619791200,0,0
1619794800,0,0
1619798400,0,0
1619802000,0,0
1619805600,0,0
1619809200,0,0
1619812800,0,0
1619816400,0,0
1619820000,0,0
1619823600,0,0
1619827200,0,0
1619830800,0,0
1619834400,0,0
1620010800,0,0
1620014400,0,0
1620018000,0,0
1620021600,0,0
1620025200,0,0
1620028800,0,0
1620032400,0,0
1620036000,0,0
1620039600,0,0
1620043200,0,0
1620046800,0,0
1620050400,0,0
1620054000,0,0
1620057600,0,0
1620061200,0,0
1620064800,0,0
1620068400,0,0
1620072000,0,0
1620075600,0,0
1620079200,0,0
1620082800,0,0
1620086400,0,0
1620090000,0,0
1620093600,0,0
1620097200,0,0
1620100800,0,0
1620104400,0,0
1620108000,0,0
1620111600,0,0
1620115200,0,0
1620118800,0,0
1620122400,0,0
1620126000,0,0
1620129600,0,0
1620133200,0,0
1620136800,0,0
1620140400,0,0
1620144000,0,0
1620147600,0,0
1620151200,0,0
1620154800,0,0
1620158400,0,0
1620162000,0,0
1620165600,0,0
1620169200,0,0
1620172800,0,0
1620176400,0,0
1620180000,0,0
1620183600,0,0
1620187200,0,0
1620190800,0,0
1620194400,0,0
1620198000,0,0
1620201600,0,0
1620205200,0,0
1620208800,0,0
1620212400,0,0
1620216000,0,0
1620219600,0,0
1620223200,0,0
1620226800,0,0
1620230400,0,0
1620234000,0,0
1620237600,0,0
1620241200,0,0
1620244800,0,0
1620248400,0,0
1620252000,0,0
1620255600,0,0
1620259200,0,0
1620262800,0,0
1620266400,0,0
1620270000,2,1
1620273600,2,1
1620277200,2,1
1620280800,2,1
1620284400,2,1
1620288000,2,1
1620291600,2,1
1620295200,2,1
1620298800,2,1
1620302400,2,1
1620306000,2,1
1620309600,2,1
1620313200,2,1
1620316800,2,1
1620320400,2,1
1620324000,2,1
1620327600,2,1
1620331200,2,1
1620334800,2,1
1620338400,2,1
1620342000,2,1
1620345600,2,1
1620349200,2,1
1620352800,2,1
1620356400,2,1
1620360000,2,1
1620363600,2,1
1620367200,2,1
1620370800,2,1
1620374400,2,1
1620378000,2,1
1620381600,2,1
1620385200,2,1
1620388800,2,1
1620392400,2,1
1620396000,2,1
1620399600,2,1
1620403200,2,1
1620406800,2,1
1620410400,2,1
1620414000,2,1
1620417600,2,1
1620421200,2,1
1620424800,2,1
1620428400,2,1
1620432000,2,1
1620435600,2,1
1620439200,2,1
1620615600,2,1
1620619200,2,1
1620622800,2,1
1620626400,2,1
1620630000,2,1
1620633600,2,1
1620637200,2,1
1620640800,2,1
1620644400,2,1
1620648000,2,1
1620651600,2,1
1620655200,2,1
1620658800,2,1
1620662400,2,1
1620666000,2,1
1620669600,2,1
1620673200,2,1
1620676800,2,1
1620680400,2,1
1620684000,2,1
1620687600,2,1
1620691200,2,1
1620694800,2,1
1620698400,2,1
1620702000,2,1
1620705600,2,1
1620709200,2,1
1620712800,2,1
1620716400,2,1
1620720000,2,1
1620723600,2,1
1620727200,2,1
1620730800,2,1
1620734400,2,1
1620738000,2,1
1620741600,2,1
1620745200,2,1
1620748800,2,1
1620752400,2,1
1620756000,2,1
1620759600,2,1
1620763200,2,1
1620766800,2,1
1620770400,2,1
1620774000,2,1
1620777600,2,1
1620781200,2,1
1620784800,2,1
1620788400,2,1
1620792000,2,1
1620795600,2,1
1620799200,2,1
1620802800,2,1
1620806400,2,1
1620810000,2,1
1620813600,2,1
1620817200,2,1
1620820800,2,1
1620824400,2,1
1620828000,2,1
1620831600,2,1
1620835200,2,1
1620838800,2,1
1620842400,2,1
1620846000,2,1
1620849600,2,1
1620853200,2,1
1620856800,2,1
1620860400,2,1
1620864000,2,1
1620867600,2,1
1620871200,2,1
1620874800,2,1
1620878400,2,1
1620882000,2,1
1620885600,2,1
1620889200,2,1
1620892800,2,1
1620896400,2,1
1620900000,2,1
1620903600,2,1
1620907200,2,1
1620910800,2,1
1620914400,2,1
1620918000,2,1
1620921600,2,1
1620925200,2,1
1620928800,2,1
1620932400,2,1
1620936000,2,1
1620939600,2,1
1620943200,2,1
1620946800,2,1
1620950400,2,1
1620954000,2,1
1620957600,2,1
1620961200,2,1
1620964800,2,1
1620968400,2,1
1620972000,2,1
1620975600,2,1
1620979200,2,1
1620982800,2,1
1620986400,2,1
1620990000,2,1
1620993600,2,1
1620997200,2,1
1621000800,2,1
1621004400,2,1
1621008000,2,1
1621011600,2,1
1621015200,2,1
1621018800,2,1
1621022400,2,1
1621026000,2,1
1621029600,2,1
1621033200,2,1
1621036800,2,1
1621040400,2,1
1621044000,2,1
1621220400,2,1
1621224000,2,1
1621227600,2,1
1621231200,2,1
1621234800,2,1
1621238400,2,1
1621242000,2,1
1621245600,2,1
1621249200,2,1
1621252800,2,1
1621256400,2,1
1621260000,2,1
1621263600,2,1
1621267200,2,1
1621270800,2,1
1621274400,2,1
1621278000,2,1
1621281600,2,1
1621285200,2,1
1621288800,2,1
1621292400,2,1
1621296000,2,1
1621299600,2,1
1621303200,2,1
1621306800,2,1
1621310400,2,1
1621314000,2,1
1621317600,2,1
1621321200,2,1
1621324800,2,1
1621328400,2,1
1621332000,2,1
1621335600,2,1
1621339200,2,1
1621342800,2,1
1621346400,2,1
1621350000,2,1
1621353600,2,1
1621357200,2,1
1621360800,2,1
1621364400,2,1
1621368000,2,1
1621371600,2,1
1621375200,2,1
1621378800,2,1
1621382400,2,1
1621386000,2,1
1621389600,2,1
1621393200,2,1
1621396800,2,1
1621400400,2,1
1621404000,2,1
1621407600,2,1
1621411200,2,1
1621414800,2,1
1621418400,2,1
1621422000,2,1
1621425600,2,1
1621429200,2,1
1621432800,2,1
1621436400,2,1
1621440000,2,1
1621443600,2,1
1621447200,2,1
1621450800,2,1
1621454400,2,1
1621458000,2,1
1621461600,2,1
1621465200,2,1
1621468800,2,1
1621472400,2,1
1621476000,2,1
1621479600,2,1
1621483200,2,1
1621486800,2,1
1621490400,2,1
1621494000,2,1
1621497600,2,1
1621501200,2,1
1621504800,2,1
1621508400,2,1
1621512000,2,1
1621515600,2,1
1621519200,2,1
1621522800,2,1
1621526400,2,1
1621530000,2,1
1621533600,2,1
1621537200,2,1
1621540800,2,1
1621544400,2,1
1621548000,2,1
1621551600,2,1
1621555200,2,1
1621558800,2,1
1621562400,2,1
1621566000,2,1
1621569600,2,1
1621573200,2,1
1621576800,2,1
1621580400,2,1
1621584000,2,1
1621587600,2,1
1621591200,2,1
1621594800,2,1
1621598400,2,1
1621602000,2,1
1621605600,2,1
1621609200,2,1
1621612800,2,1
1621616400,2,1
1621620000,2,1
1621623600,2,1
1621627200,2,1
1621630800,2,1
1621634400,2,1
1621638000,2,1
1621641600,2,1
1621645200,2,1
1621648800,2,1
1621825200,2,1
1621828800,2,1
1621832400,2,1
1621836000,2,1
1621839600,2,1
1621843200,2,1
1621846800,2,1
1621850400,2,1
1621854000,2,1
1621857600,2,1
1621861200,2,1
1621864800,2,1
1621868400,2,1
1621872000,2,1
1621875600,2,1
1621879200,2,1
1621882800,2,1
1621886400,2,1
1621890000,2,1
1621893600,2,1
1621897200,2,1
1621900800,2,1
1621904400,2,1
1621908000,2,1
1621911600,2,1
1621915200,2,1
1621918800,2,1
1621922400,2,1
1621926000,2,1
1621929600,2,1
1621933200,2,1
1621936800,2,1
1621940400,2,1
1621944000,2,1
1621947600,2,1
1621951200,2,1
1621954800,2,1
1621958400,2,1
1621962000,2,1
1621965600,2,1
1621969200,2,1
1621972800,2,1
1621976400,2,1
1621980000,2,1
1621983600,2,1
1621987200,2,1
1621990800,2,1
1621994400,2,1
1621998000,2,1
1622001600,2,1
1622005200,2,1
1622008800,2,1
1622012400,2,1
1622016000,2,1
1622019600,2,1
1622023200,2,1
1622026800,2,1
1622030400,2,1
1622034000,2,1
1622037600,2,1
1622041200,2,1
1622044800,2,1
1622048400,2,1
1622052000,2,1
1622055600,2,1
1622059200,2,1
1622062800,2,1
1622066400,2,1
1622070000,2,1
1622073600,2,1
1622077200,2,1
1622080800,2,1
1622084400,2,1
1622088000,2,1
1622091600,2,1
1622095200,2,1
1622098800,2,1
1622102400,2,1
1622106000,2,1
1622109600,2,1
1622113200,2,1
1622116800,2,1
1622120400,2,1
1622124000,2,1
1622127600,2,1
1622131200,2,1
1622134800,2,1
1622138400,2,1
1622142000,2,1
1622145600,2,1
1622149200,2,1
1622152800,2,1
1622156400,2,1
1622160000,2,1
1622163600,2,1
1622167200,2,1
1622170800,2,1
1622174400,2,1
1622178000,2,1
1622181600,2,1
1622185200,2,1
1622188800,2,1
1622192400,2,1
1622196000,2,1
1622199600,2,1
1622203200,2,1
1622206800,2,1
1622210400,2,1
1622214000,2,1
1622217600,2,1
1622221200,2,1
1622224800,2,1
1622228400,2,1
1622232000,2,1
1622235600,2,1
1622239200,2,1
1622242800,2,1
1622246400,2,1
1622250000,2,1
1622253600,2,1
1622516400,2,1
1622520000,2,1
1622523600,2,1
1622527200,2,1
1622530800,2,1
1622534400,2,1
1622538000,2,1
1622541600,2,1
1622545200,2,1
1622548800,2,1
1622552400,2,1
1622556000,2,1
1622559600,2,1
1622563200,2,1
1622566800,2,1
1622570400,2,1
1622574000,2,1
1622577600,2,1
1622581200,2,1
1622584800,2,1
1622588400,2,1
1622592000,2,1
1622595600,2,1
1622599200,2,1
1622602800,2,1
1622606400,2,1
1622610000,2,1
1622613600,2,1
1622617200,2,1
1622620800,2,1
1622624400,2,1
1622628000,2,1
1622631600,2,1
1622635200,2,1
1622638800,2,1
1622642400,2,1
1622646000,2,1
1622649600,2,1
1622653200,2,1
1622656800,2,1
1622660400,2,1
1622664000,2,1
1622667600,2,1
1622671200,2,1
1622674800,2,1
1622678400,2,1
1622682000,2,1
1622685600,2,1
1622689200,2,1
1622692800,2,1
1622696400,2,1
1622700000,2,1
1622703600,2,1
1622707200,2,1
1622710800,2,1
1622714400,2,1
1622718000,2,1
1622721600,2,1
1622725200,2,1
1622728800,2,1
1622732400,2,1
1622736000,2,1
1622739600,2,1
1622743200,2,1
1622746800,2,1
1622750400,2,1
1622754000,2,1
1622757600,2,1
1622761200,2,1
1622764800,2,1
1622768400,2,1
1622772000,2,1
1622775600,2,1
1622779200,2,1
1622782800,2,1
1622786400,2,1
1622790000,2,1
1622793600,2,1
1622797200,2,1
1622800800,2,1
1622804400,2,1
1622808000,2,1
1622811600,2,1
1622815200,2,1
1622818800,2,1
1622822400,2,1
1622826000,2,1
1622829600,2,1
1622833200,2,1
1622836800,2,1
1622840400,2,1
1622844000,2,1
1622847600,2,1
1622851200,2,1
1622854800,2,1
1622858400,2,1
1623034800,2,1
1623038400,2,1
1623042000,2,1
1623045600,2,1
1623049200,2,1
1623052800,2,1
1623056400,2,1
1623060000,2,1
1623063600,2,1
1623067200,2,1
1623070800,2,1
1623074400,2,1
1623078000,2,1
1623081600,2,1
1623085200,2,1
1623088800,2,1
1623092400,2,1
1623096000,2,1
1623099600,2,1
1623103200,2,1
1623106800,2,1
1623110400,2,1
1623114000,2,1
1623117600,2,1
1623121200,2,1
1623124800,2,1
1623128400,2,1
1623132000,2,1
1623135600,2,1
1623139200,2,1
1623142800,2,1
1623146400,2,1
1623150000,2,1
1623153600,2,1
1623157200,2,1
1623160800,2,1
1623164400,2,1
1623168000,2,1
1623171600,2,1
1623175200,2,1
1623178800,2,1
1623182400,2,1
1623186000,2,1
1623189600,2,1
1623193200,2,1
1623196800,2,1
1623200400,2,1
1623204000,2,1
1623207600,2,1
1623211200,2,1
1623214800,2,1
1623218400,2,1
1623222000,2,1
1623225600,2,1
1623229200,2,1
1623232800,2,1
1623236400,2,1
1623240000,2,1
1623243600,2,1
1623247200,2,1
1623250800,2,1
1623254400,2,1
1623258000,2,1
1623261600,2,1
1623265200,2,1
1623268800,2,1
1623272400,2,1
1623276000,2,1
1623279600,2,1
1623283200,2,1
1623286800,2,1
1623290400,2,1
1623294000,2,1
1623297600,2,1
1623301200,2,1
1623304800,2,1
1623308400,2,1
1623312000,2,1
1623315600,2,1
1623319200,2,1
1623322800,2,1
1623326400,2,1
1623330000,2,1
1623333600,2,1
1623337200,2,1
1623340800,2,1
1623344400,2,1
1623348000,2,1
1623351600,2,1
1623355200,2,1
1623358800,2,1
1623362400,2,1
1623366000,2,1
1623369600,2,1
1623373200,2,1
1623376800,2,1
1623380400,0,0
1623384000,0,0
1623387600,0,0
1623391200,0,0
1623394800,0,0
1623398400,0,0
1623402000,0,0
1623405600,0,0
1623409200,0,0
1623412800,0,0
1623416400,0,0
1623420000,0,0
1623423600,0,0
1623427200,0,0
1623430800,0,0
1623434400,0,0
1623438000,0,0
1623441600,0,0
1623445200,0,0
1623448800,0,0
1623452400,0,0
1623456000,0,0
1623459600,0,0
1623463200,0,0
1623639600,0,0
1623643200,0,0
1623646800,0,0
1623650400,0,0
1623654000,0,0
1623657600,0,0
1623661200,0,0
1623664800,0,0
1623668400,0,0
1623672000,0,0
1623675600,0,0
1623679200,0,0
1623682800,0,0
1623686400,0,0
1623690000,0,0
1623693600,0,0
1623697200,0,0
1623700800,0,0
1623704400,0,0
1623708000,0,0
1623711600,0,0
1623715200,0,0
1623718800,0,0
1623722400,0,0
1623726000,0,0
1623729600,0,0
1623733200,0,0
1623736800,0,0
1623740400,0,0
1623744000,0,0
1623747600,0,0
1623751200,0,0
1623754800,0,0
1623758400,0,0
1623762000,0,0
1623765600,0,0
1623769200,0,0
1623772800,0,0
1623776400,0,0
1623780000,0,0
1623783600,0,0
1623787200,0,0
1623790800,0,0
1623794400,0,0
1623798000,0,0
1623801600,0,0
1623805200,0,0
1623808800,0,0
1623812400,0,0
1623816000,0,0
1623819600,0,0
1623823200,0,0
1623826800,0,0
1623830400,0,0
1623834000,0,0
1623837600,0,0
1623841200,0,0
1623844800,0,0
1623848400,0,0
1623852000,0,0
1623855600,0,0
1623859200,0,0
1623862800,0,0
1623866400,0,0
1623870000,0,0
1623873600,0,0
1623877200,0,0
1623880800,0,0
1623884400,0,0
1623888000,0,0
1623891600,0,0
1623895200,0,0
1623898800,0,0
1623902400,0,0
1623906000,0,0
1623909600,0,0
1623913200,0,0
1623916800,0,0
1623920400,0,0
1623924000,0,0
1623927600,0,0
1623931200,0,0
1623934800,0,0
1623938400,0,0
1623942000,0,0
1623945600,0,0
1623949200,0,0
1623952800,0,0
1623956400,0,0
1623960000,0,0
1623963600,0,0
1623967200,0,0
1623970800,0,0
1623974400,0,0
1623978000,0,0
1623981600,0,0
1623985200,0,0
1623988800,0,0
1623992400,0,0
1623996000,0,0
1623999600,0,0
1624003200,0,0
1624006800,0,0
1624010400,0,0
1624014000,0,0
1624017600,0,0
1624021200,0,0
1624024800,0,0
1624028400,0,0
1624032000,0,0
1624035600,0,0
1624039200,0,0
1624042800,0,0
1624046400,0,0
1624050000,0,0
1624053600,0,0
1624057200,0,0
1624060800,0,0
1624064400,0,0
1624068000,0,0
1624244400,0,0
1624248000,0,0
1624251600,0,0
1624255200,0,0
1624258800,0,0
1624262400,0,0
1624266000,0,0
1624269600,0,0
1624273200,0,0
1624276800,0,0
1624280400,0,0
1624284000,0,0
1624287600,0,0
1624291200,0,0
1624294800,0,0
1624298400,0,0
1624302000,0,0
1624305600,0,0
1624309200,0,0
1624312800,0,0
1624316400,0,0
1624320000,0,0
1624323600,0,0
1624327200,0,0
1624330800,0,0
1624334400,0,0
1624338000,0,0
1624341600,0,0
1624345200,0,0
1624348800,0,0
1624352400,0,0
1624356000,0,0
1624359600,0,0
1624363200,0,0
1624366800,0,0
1624370400,0,0
1624374000,0,0
1624377600,0,0
1624381200,0,0
1624384800,0,0
1624388400,0,0
1624392000,0,0
1624395600,0,0
1624399200,0,0
1624402800,0,0
1624406400,0,0
1624410000,0,0
1624413600,0,0
1624417200,0,0
1624420800,0,0
1624424400,0,0
1624428000,0,0
1624431600,0,0
1624435200,0,0
1624438800,0,0
1624442400,0,0
1624446000,0,0
1624449600,0,0
1624453200,0,0
1624456800,0,0
1624460400,0,0
1624464000,0,0
1624467600,0,0
1624471200,0,0
1624474800,0,0
1624478400,0,0
1624482000,0,0
1624485600,0,0
1624489200,0,0
1624492800,0,0
1624496400,0,0
1624500000,0,0
1624503600,0,0
1624507200,0,0
1624510800,0,0
1624514400,0,0
1624518000,0,0
1624521600,0,0
1624525200,0,0
1624528800,0,0
1624532400,0,0
1624536000,0,0
1624539600,0,0
1624543200,0,0
1624546800,0,0
1624550400,0,0
1624554000,0,0
1624557600,0,0
1624561200,0,0
1624564800,0,0
1624568400,0,0
1624572000,0,0
1624575600,0,0
1624579200,0,0
1624582800,0,0
1624586400,0,0
1624590000,0,0
1624593600,0,0
1624597200,0,0
1624600800,0,0
1624604400,0,0
1624608000,0,0
1624611600,0,0
1624615200,0,0
1624618800,0,0
1624622400,0,0
1624626000,0,0
1624629600,0,0
1624633200,0,0
1624636800,0,0
1624640400,0,0
1624644000,0,0
1624647600,0,0
1624651200,0,0
1624654800,0,0
1624658400,0,0
1624662000,0,0
1624665600,0,0
1624669200,0,0
1624672800,0,0
1624849200,0,0
1624852800,0,0
1624856400,0,0
1624860000,0,0
1624863600,0,0
1624867200,0,0
1624870800,0,0
1624874400,0,0
1624878000,0,0
1624881600,0,0
1624885200,0,0
1624888800,0,0
1624892400,0,0
1624896000,0,0
1624899600,0,0
1624903200,0,0
1624906800,0,0
1624910400,0,0
1624914000,0,0
1624917600,0,0
1624921200,0,0
1624924800,0,0
1624928400,0,0
1624932000,0,0
1624935600,0,0
1624939200,0,0
1624942800,0,0
1624946400,0,0
1624950000,0,0
1624953600,0,0
1624957200,0,0
1624960800,0,0
1624964400,0,0
1624968000,0,0
1624971600,0,0
1624975200,0,0
1624978800,0,0
1624982400,0,0
1624986000,0,0
1624989600,0,0
1624993200,0,0
1624996800,0,0
1625000400,0,0
1625004000,0,0
1625007600,0,0
1625011200,0,0
1625014800,0,0
1625018400,0,0
1625022000,0,0
1625025600,0,0
1625029200,0,0
1625032800,0,0
1625036400,0,0
1625040000,0,0
1625043600,0,0
1625047200,0,0
1625050800,0,0
1625054400,0,0
1625058000,0,0
1625061600,0,0
1625065200,0,0
1625068800,0,0
1625072400,0,0
1625076000,0,0
1625079600,0,0
1625083200,0,0
1625086800,0,0
1625090400,0,0
1625094000,0,0
1625097600,0,0
1625101200,0,0
1625104800,0,0
1625108400,0,0
1625112000,0,0
1625115600,0,0
1625119200,0,0
1625122800,0,0
1625126400,0,0
1625130000,0,0
1625133600,0,0
1625137200,0,0
1625140800,0,0
1625144400,0,0
1625148000,0,0
1625151600,0,0
1625155200,0,0
1625158800,0,0
1625162400,0,0
1625166000,0,0
1625169600,0,0
1625173200,0,0
1625176800,0,0
1625180400,0,0
1625184000,0,0
1625187600,0,0
1625191200,0,0
1625194800,0,0
1625198400,0,0
1625202000,0,0
1625205600,0,0
1625209200,0,0
1625212800,0,0
1625216400,0,0
1625220000,0,0
1625223600,0,0
1625227200,0,0
1625230800,0,0
1625234400,0,0
1625238000,0,0
1625241600,0,0
1625245200,0,0
1625248800,0,0
1625252400,0,0
1625256000,0,0
1625259600,0,0
1625263200,0,0
1625266800,0,0
1625270400,0,0
1625274000,0,0
1625277600,0,0
1625540400,0,0
1625544000,0,0
1625547600,0,0
1625551200,0,0
1625554800,0,0
1625558400,0,0
1625562000,0,0
1625565600,0,0
1625569200,0,0
1625572800,0,0
1625576400,0,0
1625580000,0,0
1625583600,0,0
1625587200,0,0
1625590800,0,0
1625594400,0,0
1625598000,0,0
1625601600,0,0
1625605200,0,0
1625608800,0,0
1625612400,0,0
1625616000,0,0
1625619600,0,0
1625623200,0,0
1625626800,0,0
1625630400,0,0
1625634000,0,0
1625637600,0,0
1625641200,0,0
1625644800,0,0
1625648400,0,0
1625652000,0,0
1625655600,0,0
1625659200,0,0
1625662800,0,0
1625666400,0,0
1625670000,0,0
1625673600,0,0
1625677200,0,0
1625680800,0,0
1625684400,0,0
1625688000,0,0
1625691600,0,0
1625695200,0,0
1625698800,0,0
1625702400,0,0
1625706000,0,0
1625709600,0,0
1625713200,0,0
1625716800,0,0
1625720400,0,0
1625724000,0,0
1625727600,0,0
1625731200,0,0
1625734800,0,0
1625738400,0,0
1625742000,0,0
1625745600,0,0
1625749200,0,0
1625752800,0,0
1625756400,0,0
1625760000,0,0
1625763600,0,0
1625767200,0,0
1625770800,0,0
1625774400,0,0
1625778000,0,0
1625781600,0,0
1625785200,0,0
1625788800,0,0
1625792400,0,0
1625796000,0,0
1625799600,0,0
1625803200,0,0
1625806800,0,0
1625810400,0,0
1625814000,0,0
1625817600,0,0
1625821200,0,0
1625824800,0,0
1625828400,0,0
1625832000,0,0
1625835600,0,0
1625839200,0,0
1625842800,0,0
1625846400,0,0
1625850000,0,0
1625853600,0,0
1625857200,0,0
1625860800,0,0
1625864400,0,0
1625868000,0,0
1625871600,0,0
1625875200,0,0
1625878800,0,0
1625882400,0,0
1626058800,0,0
1626062400,0,0
1626066000,0,0
1626069600,0,0
1626073200,0,0
1626076800,0,0
1626080400,0,0
1626084000,0,0
1626087600,0,0
1626091200,0,0
1626094800,0,0
1626098400,0,0
1626102000,0,0
1626105600,0,0
1626109200,0,0
1626112800,0,0
1626116400,0,0
1626120000,0,0
1626123600,0,0
1626127200,0,0
1626130800,0,0
1626134400,0,0
1626138000,0,0
1626141600,0,0
1626145200,0,0
1626148800,0,0
1626152400,0,0
1626156000,0,0
1626159600,0,0
1626163200,0,0
1626166800,0,0
1626170400,0,0
1626174000,0,0
1626177600,0,0
1626181200,0,0
1626184800,0,0
1626188400,0,0
1626192000,0,0
1626195600,0,0
1626199200,0,0
1626202800,0,0
1626206400,0,0
1626210000,0,0
1626213600,0,0
1626217200,0,0
1626220800,0,0
1626224400,0,0
1626228000,0,0
1626231600,0,0
1626235200,0,0
1626238800,0,0
1626242400,0,0
1626246000,0,0
1626249600,0,0
1626253200,0,0
1626256800,0,0
1626260400,0,0
1626264000,0,0
1626267600,0,0
1626271200,0,0
1626274800,0,0
1626278400,0,0
1626282000,0,0
1626285600,0,0
1626289200,0,0
1626292800,0,0
1626296400,0,0
1626300000,0,0
1626303600,0,0
1626307200,0,0
1626310800,0,0
1626314400,0,0
1626318000,0,0
1626321600,0,0
1626325200,0,0
1626328800,0,0
1626332400,0,0
1626336000,0,0
1626339600,0,0
1626343200,0,0
1626346800,0,0
1626350400,0,0
1626354000,0,0
1626357600,0,0
1626361200,0,0
1626364800,0,0
1626368400,0,0
1626372000,0,0
1626375600,0,0
1626379200,0,0
1626382800,0,0
1626386400,0,0
1626390000,0,0
1626393600,0,0
1626397200,0,0
1626400800,0,0
1626404400,0,0
1626408000,0,0
1626411600,0,0
1626415200,0,0
1626418800,0,0
1626422400,0,0
1626426000,0,0
1626429600,0,0
1626433200,0,0
1626436800,0,0
1626440400,0,0
1626444000,0,0
1626447600,0,0
1626451200,0,0
1626454800,0,0
1626458400,0,0
1626462000,0,0
1626465600,0,0
1626469200,0,0
1626472800,0,0
1626476400,0,0
1626480000,0,0
1626483600,0,0
1626487200,0,0
1626663600,0,0
1626667200,0,0
1626670800,0,0
1626674400,0,0
1626678000,0,0
1626681600,0,0
1626685200,0,0
1626688800,0,0
1626692400,0,0
1626696000,0,0
1626699600,0,0
1626703200,0,0
1626706800,0,0
1626710400,0,0
1626714000,0,0
1626717600,0,0
1626721200,0,0
1626724800,0,0
1626728400,0,0
1626732000,0,0
1626735600,0,0
1626739200,0,0
1626742800,0,0
1626746400,0,0
1626750000,0,0
1626753600,0,0
1626757200,0,0
1626760800,0,0
1626764400,0,0
1626768000,0,0
1626771600,0,0
1626775200,0,0
1626778800,0,0
1626782400,0,0
1626786000,0,0
1626789600,0,0
1626793200,0,0
1626796800,0,0
1626800400,0,0
1626804000,0,0
1626807600,0,0
1626811200,0,0
1626814800,0,0
1626818400,0,0
1626822000,0,0
1626825600,0,0
1626829200,0,0
1626832800,0,0
1626836400,0,0
1626840000,0,0
1626843600,0,0
1626847200,0,0
1626850800,0,0
1626854400,0,0
1626858000,0,0
1626861600,0,0
1626865200,0,0
1626868800,0,0
1626872400,0,0
1626876000,0,0
1626879600,0,0
1626883200,0,0
1626886800,0,0
1626890400,0,0
1626894000,0,0
1626897600,0,0
1626901200,0,0
1626904800,0,0
1626908400,0,0
1626912000,0,0
1626915600,0,0
1626919200,0,0
1626922800,0,0
1626926400,0,0
1626930000,0,0
1626933600,0,0
1626937200,0,0
1626940800,0,0
1626944400,0,0
1626948000,0,0
1626951600,0,0
1626955200,0,0
1626958800,0,0
1626962400,0,0
1626966000,0,0
1626969600,0,0
1626973200,0,0
1626976800,0,0
1626980400,0,0
1626984000,0,0
1626987600,0,0
1626991200,0,0
1626994800,0,0
1626998400,0,0
1627002000,0,0
1627005600,0,0
1627009200,0,0
1627012800,0,0
1627016400,0,0
1627020000,0,0
1627023600,0,0
1627027200,0,0
1627030800,0,0
1627034400,0,0
1627038000,0,0
1627041600,0,0
1627045200,0,0
1627048800,0,0
1627052400,0,0
1627056000,0,0
1627059600,0,0
1627063200,0,0
1627066800,0,0
1627070400,0,0
1627074000,0,0
1627077600,0,0
1627081200,0,0
1627084800,0,0
1627088400,0,0
1627092000,0,0
1627268400,0,0
1627272000,0,0
1627275600,0,0
1627279200,0,0
1627282800,0,0
1627286400,0,0
1627290000,0,0
1627293600,0,0
1627297200,0,0
1627300800,0,0
1627304400,0,0
1627308000,0,0
1627311600,0,0
1627315200,0,0
1627318800,0,0
1627322400,0,0
1627326000,0,0
1627329600,0,0
1627333200,0,0
1627336800,0,0
1627340400,0,0
1627344000,0,0
1627347600,0,0
1627351200,0,0
1627354800,0,0
1627358400,0,0
1627362000,0,0
1627365600,0,0
1627369200,0,0
1627372800,0,0
1627376400,0,0
1627380000,0,0
1627383600,0,0
1627387200,0,0
1627390800,0,0
1627394400,0,0
1627398000,0,0
1627401600,0,0
1627405200,0,0
1627408800,0,0
1627412400,0,0
1627416000,0,0
1627419600,0,0
1627423200,0,0
1627426800,0,0
1627430400,0,0
1627434000,0,0
1627437600,0,0
1627441200,0,0
1627444800,0,0
1627448400,0,0
1627452000,0,0
1627455600,0,0
1627459200,0,0
1627462800,0,0
1627466400,0,0
1627470000,0,0
1627473600,0,0
1627477200,0,0
1627480800,0,0
1627484400,0,0
1627488000,0,0
1627491600,0,0
1627495200,0,0
1627498800,0,0
1627502400,0,0
1627506000,0,0
1627509600,0,0
1627513200,0,0
1627516800,0,0
1627520400,0,0
1627524000,0,0
1627527600,0,0
1627531200,0,0
1627534800,0,0
1627538400,0,0
1627542000,0,0
1627545600,0,0
1627549200,0,0
1627552800,0,0
1627556400,0,0
1627560000,0,0
1627563600,0,0
1627567200,0,0
1627570800,0,0
1627574400,0,0
1627578000,0,0
1627581600,0,0
1627585200,0,0
1627588800,0,0
1627592400,0,0
1627596000,0,0
1627599600,0,0
1627603200,0,0
1627606800,0,0
1627610400,0,0
1627614000,0,0
1627617600,0,0
1627621200,0,0
1627624800,0,0
1627628400,0,0
1627632000,0,0
1627635600,0,0
1627639200,0,0
1627642800,0,0
1627646400,0,0
1627650000,0,0
1627653600,0,0
1627657200,0,0
1627660800,0,0
1627664400,0,0
1627668000,0,0
1627671600,0,0
1627675200,0,0
1627678800,0,0
1627682400,0,0
1627686000,0,0
1627689600,0,0
1627693200,0,0
1627696800,0,0
1627873200,0,0
1627876800,0,0
1627880400,0,0
1627884000,0,0
1627887600,0,0
1627891200,0,0
1627894800,0,0
1627898400,0,0
1627902000,0,0
1627905600,0,0
1627909200,0,0
1627912800,0,0
1627916400,0,0
1627920000,0,0
1627923600,0,0
1627927200,0,0
1627930800,0,0
1627934400,0,0
1627938000,0,0
1627941600,0,0
1627945200,0,0
1627948800,0,0
1627952400,0,0
1627956000,0,0
1627959600,0,0
1627963200,0,0
1627966800,0,0
1627970400,0,0
1627974000,0,0
1627977600,0,0
1627981200,0,0
1627984800,0,0
1627988400,0,0
1627992000,0,0
1627995600,0,0
1627999200,0,0
1628002800,0,0
1628006400,0,0
1628010000,0,0
1628013600,0,0
1628017200,0,0
1628020800,0,0
1628024400,0,0
1628028000,0,0
1628031600,0,0
1628035200,0,0
1628038800,0,0
1628042400,0,0
1628046000,0,0
1628049600,0,0
1628053200,0,0
1628056800,0,0
1628060400,0,0
1628064000,0,0
1628067600,0,0
1628071200,0,0
1628074800,0,0
1628078400,0,0
1628082000,0,0
1628085600,0,0
1628089200,0,0
1628092800,0,0
1628096400,0,0
1628100000,0,0
1628103600,0,0
1628107200,0,0
1628110800,0,0
1628114400,0,0
1628118000,0,0
1628121600,0,0
1628125200,0,0
1628128800,0,0
1628132400,0,0
1628136000,0,0
1628139600,0,0
1628143200,0,0
1628146800,0,0
1628150400,0,0
1628154000,0,0
1628157600,0,0
1628161200,0,0
1628164800,0,0
1628168400,0,0
1628172000,0,0
1628175600,0,0
1628179200,0,0
1628182800,0,0
1628186400,0,0
1628190000,0,0
1628193600,0,0
1628197200,0,0
1628200800,0,0
1628204400,0,0
1628208000,0,0
1628211600,0,0
1628215200,0,0
1628218800,0,0
1628222400,0,0
1628226000,0,0
1628229600,0,0
1628233200,0,0
1628236800,0,0
1628240400,0,0
1628244000,0,0
1628247600,0,0
1628251200,0,0
1628254800,0,0
1628258400,0,0
1628262000,0,0
1628265600,0,0
1628269200,0,0
1628272800,0,0
1628276400,0,0
1628280000,0,0
1628283600,0,0
1628287200,0,0
1628290800,0,0
1628294400,0,0
1628298000,0,0
1628301600,0,0
1628478000,0,0
1628481600,0,0
1628485200,0,0
1628488800,0,0
1628492400,0,0
1628496000,0,0
1628499600,0,0
1628503200,0,0
1628506800,0,0
1628510400,0,0
1628514000,0,0
1628517600,0,0
1628521200,0,0
1628524800,0,0
1628528400,0,0
1628532000,0,0
1628535600,0,0
1628539200,0,0
1628542800,0,0
1628546400,0,0
1628550000,0,0
1628553600,0,0
1628557200,0,0
1628560800,0,0
1628564400,0,0
1628568000,0,0
1628571600,0,0
1628575200,0,0
1628578800,0,0
1628582400,0,0
1628586000,0,0
1628589600,0,0
1628593200,0,0
1628596800,0,0
1628600400,0,0
1628604000,0,0
1628607600,0,0
1628611200,0,0
1628614800,0,0
1628618400,0,0
1628622000,0,0
1628625600,0,0
1628629200,0,0
1628632800,0,0
1628636400,0,0
1628640000,0,0
1628643600,0,0
1628647200,0,0
1628650800,0,0
1628654400,0,0
1628658000,0,0
1628661600,0,0
1628665200,0,0
1628668800,0,0
1628672400,0,0
1628676000,0,0
1628679600,0,0
1628683200,0,0
1628686800,0,0
1628690400,0,0
1628694000,0,0
1628697600,0,0
1628701200,0,0
1628704800,0,0
1628708400,0,0
1628712000,0,0
1628715600,0,0
1628719200,0,0
1628722800,0,0
1628726400,0,0
1628730000,0,0
1628733600,0,0
1628737200,0,0
1628740800,0,0
1628744400,0,0
1628748000,0,0
1628751600,0,0
1628755200,0,0
1628758800,0,0
1628762400,0,0
1628766000,0,0
1628769600,0,0
1628773200,0,0
1628776800,0,0
1628780400,0,0
1628784000,0,0
1628787600,0,0
1628791200,0,0
1628794800,0,0
1628798400,0,0
1628802000,0,0
1628805600,0,0
1628809200,0,0
1628812800,0,0
1628816400,0,0
1628820000,0,0
1628823600,0,0
1628827200,0,0
1628830800,0,0
1628834400,0,0
1628838000,0,0
1628841600,0,0
1628845200,0,0
1628848800,0,0
1628852400,0,0
1628856000,0,0
1628859600,0,0
1628863200,0,0
1628866800,0,0
1628870400,0,0
1628874000,0,0
1628877600,0,0
1628881200,0,0
1628884800,0,0
1628888400,0,0
1628892000,0,0
1628895600,0,0
1628899200,0,0
1628902800,0,0
1628906400,0,0
1629082800,0,0
1629086400,0,0
1629090000,0,0
1629093600,0,0
1629097200,0,0
1629100800,0,0
1629104400,0,0
1629108000,0,0
1629111600,0,0
1629115200,0,0
1629118800,0,0
1629122400,0,0
1629126000,0,0
1629129600,0,0
1629133200,0,0
1629136800,0,0
1629140400,0,0
1629144000,0,0
1629147600,0,0
1629151200,0,0
1629154800,0,0
1629158400,0,0
1629162000,0,0
1629165600,0,0
1629169200,0,0
1629172800,0,0
1629176400,0,0
1629180000,0,0
1629183600,0,0
1629187200,0,0
1629190800,0,0
1629194400,0,0
1629198000,0,0
1629201600,0,0
1629205200,0,0
1629208800,0,0
1629212400,0,0
1629216000,0,0
1629219600,0,0
1629223200,0,0
1629226800,0,0
1629230400,0,0
1629234000,0,0
1629237600,0,0
1629241200,0,0
1629244800,0,0
1629248400,0,0
1629252000,0,0
1629255600,0,0
1629259200,0,0
1629262800,0,0
1629266400,0,0
1629270000,0,0
1629273600,0,0
1629277200,0,0
1629280800,0,0
1629284400,0,0
1629288000,0,0
1629291600,0,0
1629295200,0,0
1629298800,0,0
1629302400,0,0
1629306000,0,0
1629309600,0,0
1629313200,0,0
1629316800,0,0
1629320400,0,0
1629324000,0,0
1629327600,0,0
1629331200,0,0
1629334800,0,0
1629338400,0,0
1629342000,0,0
1629345600,0,0
1629349200,0,0
1629352800,0,0
1629356400,0,0
1629360000,0,0
1629363600,0,0
1629367200,0,0
1629370800,0,0
1629374400,0,0
1629378000,0,0
1629381600,0,0
1629385200,0,0
1629388800,0,0
1629392400,0,0
1629396000,0,0
1629399600,0,0
1629403200,0,0
1629406800,0,0
1629410400,0,0
1629414000,0,0
1629417600,0,0
1629421200,0,0
1629424800,0,0
1629428400,0,0
1629432000,0,0
1629435600,0,0
1629439200,0,0
1629442800,0,0
1629446400,0,0
1629450000,0,0
1629453600,0,0
1629457200,0,0
1629460800,0,0
1629464400,0,0
1629468000,0,0
1629471600,0,0
1629475200,0,0
1629478800,0,0
1629482400,0,0
1629486000,0,0
1629489600,0,0
1629493200,0,0
1629496800,0,0
1629500400,0,0
1629504000,0,0
1629507600,0,0
1629511200,0,0
1629687600,0,0
1629691200,0,0
1629694800,0,0
1629698400,0,0
1629702000,0,0
1629705600,0,0
1629709200,0,0
1629712800,0,0
1629716400,0,0
1629720000,0,0
1629723600,0,0
1629727200,0,0
1629730800,0,0
1629734400,0,0
1629738000,0,0
1629741600,0,0
1629745200,0,0
1629748800,0,0
1629752400,0,0
1629756000,0,0
1629759600,0,0
1629763200,0,0
1629766800,0,0
1629770400,0,0
1629774000,0,0
1629777600,0,0
1629781200,0,0
1629784800,0,0
1629788400,0,0
1629792000,0,0
1629795600,0,0
1629799200,0,0
1629802800,0,0
1629806400,0,0
1629810000,0,0
1629813600,0,0
1629817200,0,0
1629820800,0,0
1629824400,0,0
1629828000,0,0
1629831600,0,0
1629835200,0,0
1629838800,0,0
1629842400,0,0
1629846000,0,0
1629849600,0,0
1629853200,0,0
1629856800,0,0
1629860400,0,0
1629864000,0,0
1629867600,0,0
1629871200,0,0
1629874800,0,0
1629878400,0,0
1629882000,0,0
1629885600,0,0
1629889200,0,0
1629892800,0,0
1629896400,0,0
1629900000,0,0
1629903600,0,0
1629907200,0,0
1629910800,0,0
1629914400,0,0
1629918000,0,0
1629921600,0,0
1629925200,0,0
1629928800,0,0
1629932400,0,0
1629936000,0,0
1629939600,0,0
1629943200,0,0
1629946800,0,0
1629950400,0,0
1629954000,0,0
1629957600,0,0
1629961200,0,0
1629964800,0,0
1629968400,0,0
1629972000,0,0
1629975600,0,0
1629979200,0,0
1629982800,0,0
1629986400,0,0
1629990000,0,0
1629993600,0,0
1629997200,0,0
1630000800,0,0
1630004400,0,0
1630008000,0,0
1630011600,0,0
1630015200,0,0
1630018800,0,0
1630022400,0,0
1630026000,0,0
1630029600,0,0
1630033200,0,0
1630036800,0,0
1630040400,0,0
1630044000,0,0
1630047600,0,0
1630051200,0,0
1630054800,0,0
1630058400,0,0
1630062000,0,0
1630065600,0,0
1630069200,0,0
1630072800,0,0
1630076400,0,0
1630080000,0,0
1630083600,0,0
1630087200,0,0
1630090800,0,0
1630094400,0,0
1630098000,0,0
1630101600,0,0
1630105200,0,0
1630108800,0,0
1630112400,0,0
1630116000,0,0
1630292400,0,0
1630296000,0,0
1630299600,0,0
1630303200,0,0
1630306800,0,0
1630310400,0,0
1630314000,0,0
1630317600,0,0
1630321200,0,0
1630324800,0,0
1630328400,0,0
1630332000,0,0
1630335600,0,0
1630339200,0,0
1630342800,0,0
1630346400,0,0
1630350000,0,0
1630353600,0,0
1630357200,0,0
1630360800,0,0
1630364400,0,0
1630368000,0,0
1630371600,0,0
1630375200,0,0
1630378800,0,0
1630382400,0,0
1630386000,0,0
1630389600,0,0
1630393200,0,0
1630396800,0,0
1630400400,0,0
1630404000,0,0
1630407600,0,0
1630411200,0,0
1630414800,0,0
1630418400,0,0
1630422000,0,0
1630425600,0,0
1630429200,0,0
1630432800,0,0
1630436400,0,0
1630440000,0,0
1630443600,0,0
1630447200,0,0
1630450800,0,0
1630454400,0,0
1630458000,0,0
1630461600,0,0
1630465200,0,0
1630468800,0,0
1630472400,0,0
1630476000,0,0
1630479600,0,0
1630483200,0,0
1630486800,0,0
1630490400,0,0
1630494000,0,0
1630497600,0,0
1630501200,0,0
1630504800,0,0
1630508400,0,0
1630512000,0,0
1630515600,0,0
1630519200,0,0
1630522800,0,0
1630526400,0,0
1630530000,0,0
1630533600,0,0
1630537200,0,0
1630540800,0,0
1630544400,0,0
1630548000,0,0
1630551600,0,0
1630555200,0,0
1630558800,0,0
1630562400,0,0
1630566000,0,0
1630569600,0,0
1630573200,0,0
1630576800,0,0
1630580400,0,0
1630584000,0,0
1630587600,0,0
1630591200,0,0
1630594800,0,0
1630598400,0,0
1630602000,0,0
1630605600,0,0
1630609200,0,0
1630612800,0,0
1630616400,0,0
1630620000,0,0
1630623600,0,0
1630627200,0,0
1630630800,0,0
1630634400,0,0
1630638000,0,0
1630641600,0,0
1630645200,0,0
1630648800,0,0
1630652400,0,0
1630656000,0,0
1630659600,0,0
1630663200,0,0
1630666800,0,0
1630670400,0,0
1630674000,0,0
1630677600,0,0
1630681200,0,0
1630684800,0,0
1630688400,0,0
1630692000,0,0
1630695600,0,0
1630699200,0,0
1630702800,0,0
1630706400,0,0
1630710000,0,0
1630713600,0,0
1630717200,0,0
1630720800,0,0
1630983600,0,0
1630987200,0,0
1630990800,0,0
1630994400,0,0
1630998000,0,0
1631001600,0,0
1631005200,0,0
1631008800,0,0
1631012400,0,0
1631016000,0,0
1631019600,0,0
1631023200,0,0
1631026800,0,0
1631030400,0,0
1631034000,0,0
1631037600,0,0
1631041200,0,0
1631044800,0,0
1631048400,0,0
1631052000,0,0
1631055600,0,0
1631059200,0,0
1631062800,0,0
1631066400,0,0
1631070000,0,0
1631073600,0,0
1631077200,0,0
1631080800,0,0
1631084400,0,0
1631088000,0,0
1631091600,0,0
1631095200,0,0
1631098800,0,0
1631102400,0,0
1631106000,0,0
1631109600,0,0
1631113200,0,0
1631116800,0,0
1631120400,0,0
1631124000,0,0
1631127600,0,0
1631131200,0,0
1631134800,0,0
1631138400,0,0
1631142000,0,0
1631145600,0,0
1631149200,0,0
1631152800,0,0
1631156400,0,0
1631160000,0,0
1631163600,0,0
1631167200,0,0
1631170800,0,0
1631174400,0,0
1631178000,0,0
1631181600,0,0
1631185200,0,0
1631188800,0,0
1631192400,0,0
1631196000,0,0
1631199600,0,0
1631203200,0,0
1631206800,0,0
1631210400,0,0
1631214000,0,0
1631217600,0,0
1631221200,0,0
1631224800,0,0
1631228400,0,0
1631232000,0,0
1631235600,0,0
1631239200,0,0
1631242800,0,0
1631246400,0,0
1631250000,0,0
1631253600,0,0
1631257200,0,0
1631260800,0,0
1631264400,0,0
1631268000,0,0
1631271600,0,0
1631275200,0,0
1631278800,0,0
1631282400,0,0
1631286000,0,0
1631289600,0,0
1631293200,0,0
1631296800,0,0
1631300400,0,0
1631304000,0,0
1631307600,0,0
1631311200,0,0
1631314800,0,0
1631318400,0,0
1631322000,0,0
1631325600,0,0
1631502000,0,0
1631505600,0,0
1631509200,0,0
1631512800,0,0
1631516400,0,0
1631520000,0,0
1631523600,0,0
1631527200,0,0
1631530800,0,0
1631534400,0,0
1631538000,0,0
1631541600,0,0
1631545200,0,0
1631548800,0,0
1631552400,0,0
1631556000,0,0
1631559600,0,0
1631563200,0,0
1631566800,0,0
1631570400,0,0
1631574000,0,0
1631577600,0,0
1631581200,0,0
1631584800,0,0
1631588400,0,0
1631592000,0,0
1631595600,0,0
1631599200,0,0
1631602800,0,0
1631606400,0,0
1631610000,0,0
1631613600,0,0
1631617200,0,0
1631620800,0,0
1631624400,0,0
1631628000,0,0
1631631600,0,0
1631635200,0,0
1631638800,0,0
1631642400,0,0
1631646000,0,0
1631649600,0,0
1631653200,0,0
1631656800,0,0
1631660400,0,0
1631664000,0,0
1631667600,0,0
1631671200,0,0
1631674800,0,0
1631678400,0,0
1631682000,0,0
1631685600,0,0
1631689200,0,0
1631692800,0,0
1631696400,0,0
1631700000,0,0
1631703600,0,0
1631707200,0,0
1631710800,0,0
1631714400,0,0
1631718000,0,0
1631721600,0,0
1631725200,0,0
1631728800,0,0
1631732400,0,0
1631736000,0,0
1631739600,0,0
1631743200,0,0
1631746800,0,0
1631750400,0,0
1631754000,0,0
1631757600,0,0
1631761200,0,0
1631764800,0,0
1631768400,0,0
1631772000,0,0
1631775600,0,0
1631779200,0,0
1631782800,0,0
1631786400,0,0
1631790000,0,0
1631793600,0,0
1631797200,0,0
1631800800,0,0
1631804400,0,0
1631808000,0,0
1631811600,0,0
1631815200,0,0
1631818800,0,0
1631822400,0,0
1631826000,0,0
1631829600,0,0
1631833200,0,0
1631836800,0,0
1631840400,0,0
1631844000,0,0
1631847600,0,0
1631851200,0,0
1631854800,0,0
1631858400,0,0
1631862000,0,0
1631865600,0,0
1631869200,0,0
1631872800,0,0
1631876400,0,0
1631880000,0,0
1631883600,0,0
1631887200,0,0
1631890800,0,0
1631894400,0,0
1631898000,0,0
1631901600,0,0
1631905200,0,0
1631908800,0,0
1631912400,0,0
1631916000,0,0
1631919600,0,0
1631923200,0,0
1631926800,0,0
1631930400,0,0
1632106800,0,0
1632110400,0,0
1632114000,0,0
1632117600,0,0
1632121200,0,0
1632124800,0,0
1632128400,0,0
1632132000,0,0
1632135600,0,0
1632139200,0,0
1632142800,0,0
1632146400,0,0
1632150000,0,0
1632153600,0,0
1632157200,0,0
1632160800,0,0
1632164400,0,0
1632168000,0,0
1632171600,0,0
1632175200,0,0
1632178800,0,0
1632182400,0,0
1632186000,0,0
1632189600,0,0
1632193200,0,0
1632196800,0,0
1632200400,0,0
1632204000,0,0
1632207600,0,0
1632211200,0,0
1632214800,0,0
1632218400,0,0
1632222000,0,0
1632225600,0,0
1632229200,0,0
1632232800,0,0
1632236400,0,0
1632240000,0,0
1632243600,0,0
1632247200,0,0
1632250800,0,0
1632254400,0,0
1632258000,0,0
1632261600,0,0
1632265200,0,0
1632268800,0,0
1632272400,0,0
1632276000,0,0
1632279600,0,0
1632283200,0,0
1632286800,0,0
1632290400,0,0
1632294000,0,0
1632297600,0,0
1632301200,0,0
1632304800,0,0
1632308400,0,0
1632312000,0,0
1632315600,0,0
1632319200,0,0
1632322800,0,0
1632326400,0,0
1632330000,0,0
1632333600,0,0
1632337200,0,0
1632340800,0,0
1632344400,0,0
1632348000,0,0
1632351600,0,0
1632355200,0,0
1632358800,0,0
1632362400,0,0
1632366000,0,0
1632369600,0,0
1632373200,0,0
1632376800,0,0
1632380400,0,0
1632384000,0,0
1632387600,0,0
1632391200,0,0
1632394800,0,0
1632398400,0,0
1632402000,0,0
1632405600,0,0
1632409200,0,0
1632412800,0,0
1632416400,0,0
1632420000,0,0
1632423600,0,0
1632427200,0,0
1632430800,0,0
1632434400,0,0
1632438000,0,0
1632441600,0,0
1632445200,0,0
1632448800,0,0
1632452400,0,0
1632456000,0,0
1632459600,0,0
1632463200,0,0
1632466800,0,0
1632470400,0,0
1632474000,0,0
1632477600,0,0
1632481200,0,0
1632484800,0,0
1632488400,0,0
1632492000,0,0
1632495600,0,0
1632499200,0,0
1632502800,0,0
1632506400,0,0
1632510000,0,0
1632513600,0,0
1632517200,0,0
1632520800,0,0
1632524400,0,0
1632528000,0,0
1632531600,0,0
1632535200,0,0
1632711600,0,0
1632715200,0,0
1632718800,0,0
1632722400,0,0
1632726000,0,0
1632729600,0,0
1632733200,0,0
1632736800,0,0
1632740400,0,0
1632744000,0,0
1632747600,0,0
1632751200,0,0
1632754800,0,0
1632758400,0,0
1632762000,0,0
1632765600,0,0
1632769200,0,0
1632772800,0,0
1632776400,0,0
1632780000,0,0
1632783600,0,0
1632787200,0,0
1632790800,0,0
1632794400,0,0
1632798000,0,0
1632801600,0,0
1632805200,0,0
1632808800,0,0
1632812400,0,0
1632816000,0,0
1632819600,0,0
1632823200,0,0
1632826800,0,0
1632830400,0,0
1632834000,0,0
1632837600,0,0
1632841200,0,0
1632844800,0,0
1632848400,0,0
1632852000,0,0
1632855600,0,0
1632859200,0,0
1632862800,0,0
1632866400,0,0
1632870000,0,0
1632873600,0,0
1632877200,0,0
1632880800,0,0
1632884400,0,0
1632888000,0,0
1632891600,0,0
1632895200,0,0
1632898800,0,0
1632902400,0,0
1632906000,0,0
1632909600,0,0
1632913200,0,0
1632916800,0,0
1632920400,0,0
1632924000,0,0
1632927600,0,0
1632931200,0,0
1632934800,0,0
1632938400,0,0
1632942000,0,0
1632945600,0,0
1632949200,0,0
1632952800,0,0
1632956400,0,0
1632960000,0,0
1632963600,0,0
1632967200,0,0
1632970800,0,0
1632974400,0,0
1632978000,0,0
1632981600,0,0
1632985200,0,0
1632988800,0,0
1632992400,0,0
1632996000,0,0
1632999600,0,0
1633003200,0,0
1633006800,0,0
1633010400,0,0
1633014000,0,0
1633017600,0,0
1633021200,0,0
1633024800,0,0
1633028400,0,0
1633032000,0,0
1633035600,0,0
1633039200,0,0
1633042800,0,0
1633046400,0,0
1633050000,0,0
1633053600,0,0
1633057200,0,0
1633060800,0,0
1633064400,0,0
1633068000,0,0
1633071600,0,0
1633075200,0,0
1633078800,0,0
1633082400,0,0
1633086000,0,0
1633089600,0,0
1633093200,0,0
1633096800,0,0
1633100400,0,0
1633104000,0,0
1633107600,0,0
1633111200,0,0
1633114800,0,0
1633118400,0,0
1633122000,0,0
1633125600,0,0
1633129200,0,0
1633132800,0,0
1633136400,0,0
1633140000,0,0
1633316400,0,0
1633320000,0,0
1633323600,0,0
1633327200,0,0
1633330800,0,0
1633334400,0,0
1633338000,0,0
1633341600,0,0
1633345200,0,0
1633348800,0,0
1633352400,0,0
1633356000,0,0
1633359600,0,0
1633363200,0,0
1633366800,0,0
1633370400,0,0
1633374000,0,0
1633377600,0,0
1633381200,0,0
1633384800,0,0
1633388400,0,0
1633392000,0,0
1633395600,0,0
1633399200,0,0
1633402800,0,0
1633406400,0,0
1633410000,0,0
1633413600,0,0
1633417200,0,0
1633420800,0,0
1633424400,0,0
1633428000,0,0
1633431600,0,0
1633435200,0,0
1633438800,0,0
1633442400,0,0
1633446000,0,0
1633449600,0,0
1633453200,0,0
1633456800,0,0
1633460400,0,0
1633464000,0,0
1633467600,0,0
1633471200,0,0
1633474800,0,0
1633478400,0,0
1633482000,0,0
1633485600,0,0
1633489200,0,0
1633492800,0,0
1633496400,0,0
1633500000,0,0
1633503600,0,0
1633507200,0,0
1633510800,0,0
1633514400,0,0
1633518000,0,0
1633521600,0,0
1633525200,0,0
1633528800,0,0
1633532400,0,0
1633536000,0,0
1633539600,0,0
1633543200,0,0
1633546800,0,0
1633550400,0,0
1633554000,0,0
1633557600,0,0
1633561200,0,0
1633564800,0,0
1633568400,0,0
1633572000,0,0
1633575600,0,0
1633579200,0,0
1633582800,0,0
1633586400,0,0
1633590000,0,0
1633593600,0,0
1633597200,0,0
1633600800,0,0
1633604400,0,0
1633608000,0,0
1633611600,0,0
1633615200,0,0
1633618800,0,0
1633622400,0,0
1633626000,0,0
1633629600,0,0
1633633200,0,0
1633636800,0,0
1633640400,0,0
1633644000,0,0
1633647600,0,0
1633651200,0,0
1633654800,0,0
1633658400,0,0
1633662000,0,0
1633665600,0,0
1633669200,0,0
1633672800,0,0
1633676400,0,0
1633680000,0,0
1633683600,0,0
1633687200,0,0
1633690800,0,0
1633694400,0,0
1633698000,0,0
1633701600,0,0
1633705200,0,0
1633708800,0,0
1633712400,0,0
1633716000,0,0
1633719600,0,0
1633723200,0,0
1633726800,0,0
1633730400,0,0
1633734000,0,0
1633737600,0,0
1633741200,0,0
1633744800,0,0
1633921200,0,0
1633924800,0,0
1633928400,0,0
1633932000,0,0
1633935600,0,0
1633939200,0,0
1633942800,0,0
1633946400,0,0
1633950000,0,0
1633953600,0,0
1633957200,0,0
1633960800,0,0
1633964400,0,0
1633968000,0,0
1633971600,0,0
1633975200,0,0
1633978800,0,0
1633982400,0,0
1633986000,0,0
1633989600,0,0
1633993200,0,0
1633996800,0,0
1634000400,0,0
1634004000,0,0
1634007600,0,0
1634011200,0,0
1634014800,0,0
1634018400,0,0
1634022000,0,0
1634025600,0,0
1634029200,0,0
1634032800,0,0
1634036400,0,0
1634040000,0,0
1634043600,0,0
1634047200,0,0
1634050800,0,0
1634054400,0,0
1634058000,0,0
1634061600,0,0
1634065200,0,0
1634068800,0,0
1634072400,0,0
1634076000,0,0
1634079600,0,0
1634083200,0,0
1634086800,0,0
1634090400,0,0
1634094000,0,0
1634097600,0,0
1634101200,0,0
1634104800,0,0
1634108400,0,0
1634112000,0,0
1634115600,0,0
1634119200,0,0
1634122800,0,0
1634126400,0,0
1634130000,0,0
1634133600,0,0
1634137200,0,0
1634140800,0,0
1634144400,0,0
1634148000,0,0
1634151600,0,0
1634155200,0,0
1634158800,0,0
1634162400,0,0
1634166000,0,0
1634169600,0,0
1634173200,0,0
1634176800,0,0
1634180400,0,0
1634184000,0,0
1634187600,0,0
1634191200,0,0
1634194800,0,0
1634198400,0,0
1634202000,0,0
1634205600,0,0
1634209200,0,0
1634212800,0,0
1634216400,0,0
1634220000,0,0
1634223600,0,0
1634227200,0,0
1634230800,0,0
1634234400,0,0
1634238000,0,0
1634241600,0,0
1634245200,0,0
1634248800,0,0
1634252400,0,0
1634256000,0,0
1634259600,0,0
1634263200,0,0
1634266800,0,0
1634270400,0,0
1634274000,0,0
1634277600,0,0
1634281200,0,0
1634284800,0,0
1634288400,0,0
1634292000,0,0
1634295600,0,0
1634299200,0,0
1634302800,0,0
1634306400,0,0
1634310000,0,0
1634313600,0,0
1634317200,0,0
1634320800,0,0
1634324400,0,0
1634328000,0,0
1634331600,0,0
1634335200,0,0
1634338800,0,0
1634342400,0,0
1634346000,0,0
1634349600,0,0
1634526000,0,0
1634529600,0,0
1634533200,0,0
1634536800,0,0
1634540400,0,0
1634544000,0,0
1634547600,0,0
1634551200,0,0
1634554800,0,0
1634558400,0,0
1634562000,0,0
1634565600,0,0
1634569200,0,0
1634572800,0,0
1634576400,0,0
1634580000,0,0
1634583600,0,0
1634587200,0,0
1634590800,0,0
1634594400,0,0
1634598000,0,0
1634601600,0,0
1634605200,0,0
1634608800,0,0
1634612400,0,0
1634616000,0,0
1634619600,0,0
1634623200,0,0
1634626800,0,0
1634630400,0,0
1634634000,0,0
1634637600,0,0
1634641200,0,0
1634644800,0,0
1634648400,0,0
1634652000,0,0
1634655600,0,0
1634659200,0,0
1634662800,0,0
1634666400,0,0
1634670000,0,0
1634673600,0,0
1634677200,0,0
1634680800,0,0
1634684400,0,0
1634688000,0,0
1634691600,0,0
1634695200,0,0
1634698800,0,0
1634702400,0,0
1634706000,0,0
1634709600,0,0
1634713200,0,0
1634716800,0,0
1634720400,0,0
1634724000,0,0
1634727600,0,0
1634731200,0,0
1634734800,0,0
1634738400,0,0
1634742000,0,0
1634745600,0,0
1634749200,0,0
1634752800,0,0
1634756400,0,0
1634760000,0,0
1634763600,0,0
1634767200,0,0
1634770800,0,0
1634774400,0,0
1634778000,0,0
1634781600,0,0
1634785200,0,0
1634788800,0,0
1634792400,0,0
1634796000,0,0
1634799600,0,0
1634803200,0,0
1634806800,0,0
1634810400,0,0
1634814000,0,0
1634817600,0,0
1634821200,0,0
1634824800,0,0
1634828400,0,0
1634832000,0,0
1634835600,0,0
1634839200,0,0
1634842800,0,0
1634846400,0,0
1634850000,0,0
1634853600,0,0
1634857200,0,0
1634860800,0,0
1634864400,0,0
1634868000,0,0
1634871600,0,0
1634875200,0,0
1634878800,0,0
1634882400,0,0
1634886000,0,0
1634889600,0,0
1634893200,0,0
1634896800,0,0
1634900400,0,0
1634904000,0,0
1634907600,0,0
1634911200,0,0
1634914800,0,0
1634918400,0,0
1634922000,0,0
1634925600,0,0
1634929200,0,0
1634932800,0,0
1634936400,0,0
1634940000,0,0
1634943600,0,0
1634947200,0,0
1634950800,0,0
1634954400,0,0
1635130800,0,0
1635134400,0,0
1635138000,0,0
1635141600,0,0
1635145200,0,0
1635148800,0,0
1635152400,0,0
1635156000,0,0
1635159600,0,0
1635163200,0,0
1635166800,0,0
1635170400,0,0
1635174000,0,0
1635177600,0,0
1635181200,0,0
1635184800,0,0
1635188400,0,0
1635192000,0,0
1635195600,0,0
1635199200,0,0
1635202800,0,0
1635206400,0,0
1635210000,0,0
1635213600,0,0
1635217200,0,0
1635220800,0,0
1635224400,0,0
1635228000,0,0
1635231600,0,0
1635235200,0,0
1635238800,0,0
1635242400,0,0
1635246000,0,0
1635249600,0,0
1635253200,0,0
1635256800,0,0
1635260400,0,0
1635264000,0,0
1635267600,0,0
1635271200,0,0
1635274800,0,0
1635278400,0,0
1635282000,0,0
1635285600,0,0
1635289200,0,0
1635292800,0,0
1635296400,0,0
1635300000,0,0
1635303600,0,0
1635307200,0,0
1635310800,0,0
1635314400,0,0
1635318000,0,0
1635321600,0,0
1635325200,0,0
1635328800,0,0
1635332400,0,0
1635336000,0,0
1635339600,0,0
1635343200,0,0
1635346800,0,0
1635350400,0,0
1635354000,0,0
1635357600,0,0
1635361200,0,0
1635364800,0,0
1635368400,0,0
1635372000,0,0
1635375600,0,0
1635379200,0,0
1635382800,0,0
1635386400,0,0
1635390000,0,0
1635393600,0,0
1635397200,0,0
1635400800,0,0
1635404400,0,0
1635408000,0,0
1635411600,0,0
1635415200,0,0
1635418800,0,0
1635422400,0,0
1635426000,0,0
1635429600,0,0
1635433200,0,0
1635436800,0,0
1635440400,0,0
1635444000,0,0
1635447600,0,0
1635451200,0,0
1635454800,0,0
1635458400,0,0
1635462000,0,0
1635465600,0,0
1635469200,0,0
1635472800,0,0
1635476400,0,0
1635480000,0,0
1635483600,0,0
1635487200,0,0
1635490800,0,0
1635494400,0,0
1635498000,0,0
1635501600,0,0
1635505200,0,0
1635508800,0,0
1635512400,0,0
1635516000,0,0
1635519600,0,0
1635523200,0,0
1635526800,0,0
1635530400,0,0
1635534000,0,0
1635537600,0,0
1635541200,0,0
1635544800,0,0
1635548400,0,0
1635552000,0,0
1635555600,0,0
1635559200,0,0
1635735600,0,0
1635739200,0,0
1635742800,0,0
1635746400,0,0
1635750000,0,0
1635753600,0,0
1635757200,0,0
1635760800,0,0
1635764400,0,0
1635768000,0,0
1635771600,0,0
1635775200,0,0
1635778800,0,0
1635782400,0,0
1635786000,0,0
1635789600,0,0
1635793200,0,0
1635796800,0,0
1635800400,0,0
1635804000,0,0
1635807600,0,0
1635811200,0,0
1635814800,0,0
1635818400,0,0
1635822000,0,0
1635825600,0,0
1635829200,0,0
1635832800,0,0
1635836400,0,0
1635840000,0,0
1635843600,0,0
1635847200,0,0
1635850800,0,0
1635854400,0,0
1635858000,0,0
1635861600,0,0
1635865200,0,0
1635868800,0,0
1635872400,0,0
1635876000,0,0
1635879600,0,0
1635883200,0,0
1635886800,0,0
1635890400,0,0
1635894000,0,0
1635897600,0,0
1635901200,0,0
1635904800,0,0
1635908400,0,0
1635912000,0,0
1635915600,0,0
1635919200,0,0
1635922800,0,0
1635926400,0,0
1635930000,0,0
1635933600,0,0
1635937200,0,0
1635940800,0,0
1635944400,0,0
1635948000,0,0
1635951600,0,0
1635955200,0,0
1635958800,0,0
1635962400,0,0
1635966000,0,0
1635969600,0,0
1635973200,0,0
1635976800,0,0
1635980400,0,0
1635984000,0,0
1635987600,0,0
1635991200,0,0
1635994800,0,0
1635998400,0,0
1636002000,0,0
1636005600,0,0
1636009200,0,0
1636012800,0,0
1636016400,0,0
1636020000,0,0
1636023600,0,0
1636027200,0,0
1636030800,0,0
1636034400,0,0
1636038000,0,0
1636041600,0,0
1636045200,0,0
1636048800,0,0
1636052400,0,0
1636056000,0,0
1636059600,0,0
1636063200,0,0
1636066800,0,0
1636070400,0,0
1636074000,0,0
1636077600,0,0
1636081200,2,1
1636084800,2,1
1636088400,2,1
1636092000,2,1
1636095600,2,1
1636099200,2,1
1636102800,2,1
1636106400,2,1
1636110000,2,1
1636113600,2,1
1636117200,2,1
1636120800,2,1
1636124400,2,1
1636128000,2,1
1636131600,2,1
1636135200,2,1
1636138800,2,1
1636142400,2,1
1636146000,2,1
1636149600,2,1
1636153200,2,1
1636156800,2,1
1636160400,2,1
1636164000,2,1
1636340400,2,1
1636344000,2,1
1636347600,2,1
1636351200,2,1
1636354800,2,1
1636358400,2,1
1636362000,2,1
1636365600,2,1
1636369200,2,1
1636372800,2,1
1636376400,2,1
1636380000,2,1
1636383600,2,1
1636387200,2,1
1636390800,2,1
1636394400,2,1
1636398000,2,1
1636401600,2,1
1636405200,2,1
1636408800,2,1
1636412400,2,1
1636416000,2,1
1636419600,2,1
1636423200,2,1
1636426800,2,1
1636430400,2,1
1636434000,2,1
1636437600,2,1
1636441200,2,1
1636444800,2,1
1636448400,2,1
1636452000,2,1
1636455600,2,1
1636459200,2,1
1636462800,2,1
1636466400,2,1
1636470000,2,1
1636473600,2,1
1636477200,2,1
1636480800,2,1
1636484400,2,1
1636488000,2,1
1636491600,2,1
1636495200,2,1
1636498800,2,1
1636502400,2,1
1636506000,2,1
1636509600,2,1
1636513200,2,1
1636516800,2,1
1636520400,2,1
1636524000,2,1
1636527600,2,1
1636531200,2,1
1636534800,2,1
1636538400,2,1
1636542000,2,1
1636545600,2,1
1636549200,2,1
1636552800,2,1
1636556400,2,1
1636560000,2,1
1636563600,2,1
1636567200,2,1
1636570800,2,1
1636574400,2,1
1636578000,2,1
1636581600,2,1
1636585200,2,1
1636588800,2,1
1636592400,2,1
1636596000,2,1
1636599600,2,1
1636603200,2,1
1636606800,2,1
1636610400,2,1
1636614000,2,1
1636617600,2,1
1636621200,2,1
1636624800,2,1
1636628400,2,1
1636632000,2,1
1636635600,2,1
1636639200,2,1
1636642800,2,1
1636646400,2,1
1636650000,2,1
1636653600,2,1
1636657200,2,1
1636660800,2,1
1636664400,2,1
1636668000,2,1
1636671600,2,1
1636675200,2,1
1636678800,2,1
1636682400,2,1
1636686000,2,1
1636689600,2,1
1636693200,2,1
1636696800,2,1
1636700400,2,1
1636704000,2,1
1636707600,2,1
1636711200,2,1
1636714800,2,1
1636718400,2,1
1636722000,2,1
1636725600,2,1
1636729200,2,1
1636732800,2,1
1636736400,2,1
1636740000,2,1
1636743600,2,1
1636747200,2,1
1636750800,2,1
1636754400,2,1
1636758000,2,1
1636761600,2,1
1636765200,2,1
1636768800,2,1
1636945200,2,1
1636948800,2,1
1636952400,2,1
1636956000,2,1
1636959600,2,1
1636963200,2,1
1636966800,2,1
1636970400,2,1
1636974000,2,1
1636977600,2,1
1636981200,2,1
1636984800,2,1
1636988400,2,1
1636992000,2,1
1636995600,2,1
1636999200,2,1
1637002800,2,1
1637006400,2,1
1637010000,2,1
1637013600,2,1
1637017200,2,1
1637020800,2,1
1637024400,2,1
1637028000,2,1
1637031600,2,1
1637035200,2,1
1637038800,2,1
1637042400,2,1
1637046000,2,1
1637049600,2,1
1637053200,2,1
1637056800,2,1
1637060400,2,1
1637064000,2,1
1637067600,2,1
1637071200,2,1
1637074800,2,1
1637078400,2,1
1637082000,2,1
1637085600,2,1
1637089200,2,1
1637092800,2,1
1637096400,2,1
1637100000,2,1
1637103600,2,1
1637107200,2,1
1637110800,2,1
1637114400,2,1
1637118000,2,1
1637121600,2,1
1637125200,2,1
1637128800,2,1
1637132400,2,1
1637136000,2,1
1637139600,2,1
1637143200,2,1
1637146800,2,1
1637150400,2,1
1637154000,2,1
1637157600,2,1
1637161200,2,1
1637164800,2,1
1637168400,2,1
1637172000,2,1
1637175600,2,1
1637179200,2,1
1637182800,2,1
1637186400,2,1
1637190000,2,1
1637193600,2,1
1637197200,2,1
1637200800,2,1
1637204400,2,1
1637208000,2,1
1637211600,2,1
1637215200,2,1
1637218800,2,1
1637222400,2,1
1637226000,2,1
1637229600,2,1
1637233200,2,1
1637236800,2,1
1637240400,2,1
1637244000,2,1
1637247600,2,1
1637251200,2,1
1637254800,2,1
1637258400,2,1
1637262000,2,1
1637265600,2,1
1637269200,2,1
1637272800,2,1
1637276400,2,1
1637280000,2,1
1637283600,2,1
1637287200,2,1
1637290800,2,1
1637294400,2,1
1637298000,2,1
1637301600,2,1
1637305200,2,1
1637308800,2,1
1637312400,2,1
1637316000,2,1
1637319600,2,1
1637323200,2,1
1637326800,2,1
1637330400,2,1
1637334000,2,1
1637337600,2,1
1637341200,2,1
1637344800,2,1
1637348400,2,1
1637352000,2,1
1637355600,2,1
1637359200,2,1
1637362800,2,1
1637366400,2,1
1637370000,2,1
1637373600,2,1
1637550000,0,0
1637553600,0,0
1637557200,0,0
1637560800,0,0
1637564400,0,0
1637568000,0,0
1637571600,0,0
1637575200,0,0
1637578800,0,0
1637582400,0,0
1637586000,0,0
1637589600,0,0
1637593200,0,0
1637596800,0,0
1637600400,0,0
1637604000,0,0
1637607600,0,0
1637611200,0,0
1637614800,0,0
1637618400,0,0
1637622000,0,0
1637625600,0,0
1637629200,0,0
1637632800,0,0
1637636400,0,0
1637640000,0,0
1637643600,0,0
1637647200,0,0
1637650800,0,0
1637654400,0,0
1637658000,0,0
1637661600,0,0
1637665200,0,0
1637668800,0,0
1637672400,0,0
1637676000,0,0
1637679600,0,0
1637683200,0,0
1637686800,0,0
1637690400,0,0
1637694000,0,0
1637697600,0,0
1637701200,0,0
1637704800,0,0
1637708400,0,0
1637712000,0,0
1637715600,0,0
1637719200,0,0
1637722800,0,0
1637726400,0,0
1637730000,0,0
1637733600,0,0
1637737200,0,0
1637740800,0,0
1637744400,0,0
1637748000,0,0
1637751600,0,0
1637755200,0,0
1637758800,0,0
1637762400,0,0
1637766000,0,0
1637769600,0,0
1637773200,0,0
1637776800,0,0
1637780400,0,0
1637784000,0,0
1637787600,0,0
1637791200,0,0
1637794800,0,0
1637798400,0,0
1637802000,0,0
1637805600,0,0
1637895600,0,0
1637899200,0,0
1637902800,0,0
1637906400,0,0
1637910000,0,0
1637913600,0,0
1637917200,0,0
1637920800,0,0
1637924400,0,0
1637928000,0,0
1637931600,0,0
1637935200,0,0
1637938800,0,0
1637942400,0,0
1637946000,0,0
1637949600,0,0
1637953200,0,0
1637956800,0,0
1637960400,0,0
1637964000,0,0
1637967600,0,0
1637971200,0,0
1637974800,0,0
1637978400,0,0
1638154800,0,0
1638158400,0,0
1638162000,0,0
1638165600,0,0
1638169200,0,0
1638172800,0,0
1638176400,0,0
1638180000,0,0
1638183600,0,0
1638187200,0,0
1638190800,0,0
1638194400,0,0
1638198000,0,0
1638201600,0,0
1638205200,0,0
1638208800,0,0
1638212400,0,0
1638216000,0,0
1638219600,0,0
1638223200,0,0
1638226800,0,0
1638230400,0,0
1638234000,0,0
1638237600,0,0
1638241200,0,0
1638244800,0,0
1638248400,0,0
1638252000,0,0
1638255600,0,0
1638259200,0,0
1638262800,0,0
1638266400,0,0
1638270000,0,0
1638273600,0,0
1638277200,0,0
1638280800,0,0
1638284400,0,0
1638288000,0,0
1638291600,0,0
1638295200,0,0
1638298800,0,0
1638302400,0,0
1638306000,0,0
1638309600,0,0
1638313200,0,0
1638316800,0,0
1638320400,0,0
1638324000,0,0
1638327600,0,0
1638331200,0,0
1638334800,0,0
1638338400,0,0
1638342000,0,0
1638345600,0,0
1638349200,0,0
1638352800,0,0
1638356400,0,0
1638360000,0,0
1638363600,0,0
1638367200,0,0
1638370800,0,0
1638374400,0,0
1638378000,0,0
1638381600,0,0
1638385200,0,0
1638388800,0,0
1638392400,0,0
1638396000,0,0
1638399600,0,0
1638403200,0,0
1638406800,0,0
1638410400,0,0
1638414000,0,0
1638417600,0,0
1638421200,0,0
1638424800,0,0
1638428400,0,0
1638432000,0,0
1638435600,0,0
1638439200,0,0
1638442800,0,0
1638446400,0,0
1638450000,0,0
1638453600,0,0
1638457200,0,0
1638460800,0,0
1638464400,0,0
1638468000,0,0
1638471600,0,0
1638475200,0,0
1638478800,0,0
1638482400,0,0
1638486000,0,0
1638489600,0,0
1638493200,0,0
1638496800,0,0
1638500400,0,0
1638504000,0,0
1638507600,0,0
1638511200,0,0
1638514800,0,0
1638518400,0,0
1638522000,0,0
1638525600,0,0
1638529200,0,0
1638532800,0,0
1638536400,0,0
1638540000,0,0
1638543600,0,0
1638547200,0,0
1638550800,0,0
1638554400,0,0
1638558000,0,0
1638561600,0,0
1638565200,0,0
1638568800,0,0
1638572400,0,0
1638576000,0,0
1638579600,0,0
1638583200,0,0
1638759600,0,0
1638763200,0,0
1638766800,0,0
1638770400,0,0
1638774000,0,0
1638777600,0,0
1638781200,0,0
1638784800,0,0
1638788400,0,0
1638792000,0,0
1638795600,0,0
1638799200,0,0
1638802800,0,0
1638806400,0,0
1638810000,0,0
1638813600,0,0
1638817200,0,0
1638820800,0,0
1638824400,0,0
1638828000,0,0
1638831600,0,0
1638835200,0,0
1638838800,0,0
1638842400,0,0
1638846000,0,0
1638849600,0,0
1638853200,0,0
1638856800,0,0
1638860400,0,0
1638864000,0,0
1638867600,0,0
1638871200,0,0
1638874800,0,0
1638878400,0,0
1638882000,0,0
1638885600,0,0
1638889200,0,0
1638892800,0,0
1638896400,0,0
1638900000,0,0
1638903600,0,0
1638907200,0,0
1638910800,0,0
1638914400,0,0
1638918000,0,0
1638921600,0,0
1638925200,0,0
1638928800,0,0
1638932400,0,0
1638936000,0,0
1638939600,0,0
1638943200,0,0
1638946800,0,0
1638950400,0,0
1638954000,0,0
1638957600,0,0
1638961200,0,0
1638964800,0,0
1638968400,0,0
1638972000,0,0
1638975600,0,0
1638979200,0,0
1638982800,0,0
1638986400,0,0
1638990000,0,0
1638993600,0,0
1638997200,0,0
1639000800,0,0
1639004400,0,0
1639008000,0,0
1639011600,0,0
1639015200,0,0
1639018800,0,0
1639022400,0,0
1639026000,0,0
1639029600,0,0
1639033200,0,0
1639036800,0,0
1639040400,0,0
1639044000,0,0
1639047600,0,0
1639051200,0,0
1639054800,0,0
1639058400,0,0
1639062000,0,0
1639065600,0,0
1639069200,0,0
1639072800,0,0
1639076400,0,0
1639080000,0,0
1639083600,0,0
1639087200,0,0
1639090800,0,0
1639094400,0,0
1639098000,0,0
1639101600,0,0
1639105200,0,0
1639108800,0,0
1639112400,0,0
1639116000,0,0
1639119600,0,0
1639123200,0,0
1639126800,0,0
1639130400,0,0
1639134000,0,0
1639137600,0,0
1639141200,0,0
1639144800,0,0
1639148400,0,0
1639152000,0,0
1639155600,0,0
1639159200,0,0
1639162800,0,0
1639166400,0,0
1639170000,0,0
1639173600,0,0
1639177200,0,0
1639180800,0,0
1639184400,0,0
1639188000,0,0
1639364400,0,0
1639368000,0,0
1639371600,0,0
1639375200,0,0
1639378800,0,0
1639382400,0,0
1639386000,0,0
1639389600,0,0
1639393200,0,0
1639396800,0,0
1639400400,0,0
1639404000,0,0
1639407600,0,0
1639411200,0,0
1639414800,0,0
1639418400,0,0
1639422000,0,0
1639425600,0,0
1639429200,0,0
1639432800,0,0
1639436400,0,0
1639440000,0,0
1639443600,0,0
1639447200,0,0
1639450800,0,0
1639454400,0,0
1639458000,0,0
1639461600,0,0
1639465200,0,0
1639468800,0,0
1639472400,0,0
1639476000,0,0
1639479600,0,0
1639483200,0,0
1639486800,0,0
1639490400,0,0
1639494000,0,0
1639497600,0,0
1639501200,0,0
1639504800,0,0
1639508400,0,0
1639512000,0,0
1639515600,0,0
1639519200,0,0
1639522800,0,0
1639526400,0,0
1639530000,0,0
1639533600,0,0
1639537200,0,0
1639540800,0,0
1639544400,0,0
1639548000,0,0
1639551600,0,0
1639555200,0,0
1639558800,0,0
1639562400,0,0
1639566000,0,0
1639569600,0,0
1639573200,0,0
1639576800,0,0
1639580400,0,0
1639584000,0,0
1639587600,0,0
1639591200,0,0
1639594800,0,0
1639598400,0,0
1639602000,0,0
1639605600,0,0
1639609200,0,0
1639612800,0,0
1639616400,0,0
1639620000,0,0
1639623600,0,0
1639627200,0,0
1639630800,0,0
1639634400,0,0
1639638000,0,0
1639641600,0,0
1639645200,0,0
1639648800,0,0
1639652400,0,0
1639656000,0,0
1639659600,0,0
1639663200,0,0
1639666800,0,0
1639670400,0,0
1639674000,0,0
1639677600,0,0
1639681200,0,0
1639684800,0,0
1639688400,0,0
1639692000,0,0
1639695600,0,0
1639699200,0,0
1639702800,0,0
1639706400,0,0
1639710000,0,0
1639713600,0,0
1639717200,0,0
1639720800,0,0
1639724400,0,0
1639728000,0,0
1639731600,0,0
1639735200,0,0
1639738800,0,0
1639742400,0,0
1639746000,0,0
1639749600,0,0
1639753200,0,0
1639756800,0,0
1639760400,0,0
1639764000,0,0
1639767600,0,0
1639771200,0,0
1639774800,0,0
1639778400,0,0
1639782000,0,0
1639785600,0,0
1639789200,0,0
1639792800,0,0
1639969200,0,0
1639972800,0,0
1639976400,0,0
1639980000,0,0
1639983600,0,0
1639987200,0,0
1639990800,0,0
1639994400,0,0
1639998000,0,0
1640001600,0,0
1640005200,0,0
1640008800,0,0
1640012400,0,0
1640016000,0,0
1640019600,0,0
1640023200,0,0
1640026800,0,0
1640030400,0,0
1640034000,0,0
1640037600,0,0
1640041200,0,0
1640044800,0,0
1640048400,0,0
1640052000,0,0
1640055600,0,0
1640059200,0,0
1640062800,0,0
1640066400,0,0
1640070000,0,0
1640073600,0,0
1640077200,0,0
1640080800,0,0
1640084400,0,0
1640088000,0,0
1640091600,0,0
1640095200,0,0
1640098800,0,0
1640102400,0,0
1640106000,0,0
1640109600,0,0
1640113200,0,0
1640116800,0,0
1640120400,0,0
1640124000,0,0
1640127600,0,0
1640131200,0,0
1640134800,0,0
1640138400,0,0
1640142000,0,0
1640145600,0,0
1640149200,0,0
1640152800,0,0
1640156400,0,0
1640160000,0,0
1640163600,0,0
1640167200,0,0
1640170800,0,0
1640174400,0,0
1640178000,0,0
1640181600,0,0
1640185200,0,0
1640188800,0,0
1640192400,0,0
1640196000,0,0
1640199600,0,0
1640203200,0,0
1640206800,0,0
1640210400,0,0
1640214000,0,0
1640217600,0,0
1640221200,0,0
1640224800,0,0
1640228400,0,0
1640232000,0,0
1640235600,0,0
1640239200,0,0
1640242800,0,0
1640246400,0,0
1640250000,0,0
1640253600,0,0
1640257200,0,0
1640260800,0,0
1640264400,0,0
1640268000,0,0
1640271600,0,0
1640275200,0,0
1640278800,0,0
1640282400,0,0
1640286000,0,0
1640289600,0,0
1640293200,0,0
1640296800,0,0
1640300400,0,0
1640304000,0,0
1640307600,0,0
1640311200,0,0
1640574000,0,0
1640577600,0,0
1640581200,0,0
1640584800,0,0
1640588400,0,0
1640592000,0,0
1640595600,0,0
1640599200,0,0
1640602800,0,0
1640606400,0,0
1640610000,0,0
1640613600,0,0
1640617200,0,0
1640620800,0,0
1640624400,0,0
1640628000,0,0
1640631600,0,0
1640635200,0,0
1640638800,0,0
1640642400,0,0
1640646000,0,0
1640649600,0,0
1640653200,0,0
1640656800,0,0
1640660400,0,0
1640664000,0,0
1640667600,0,0
1640671200,0,0
1640674800,0,0
1640678400,0,0
1640682000,0,0
1640685600,0,0
1640689200,0,0
1640692800,0,0
1640696400,0,0
1640700000,0,0
1640703600,0,0
1640707200,0,0
1640710800,0,0
1640714400,0,0
1640718000,0,0
1640721600,0,0
1640725200,0,0
1640728800,0,0
1640732400,0,0
1640736000,0,0
1640739600,0,0
1640743200,0,0
1640746800,0,0
1640750400,0,0
1640754000,0,0
1640757600,0,0
1640761200,0,0
1640764800,0,0
1640768400,0,0
1640772000,0,0
1640775600,0,0
1640779200,0,0
1640782800,0,0
1640786400,0,0
1640790000,0,0
1640793600,0,0
1640797200,0,0
1640800800,0,0
1640804400,0,0
1640808000,0,0
1640811600,0,0
1640815200,0,0
1640818800,0,0
1640822400,0,0
1640826000,0,0
1640829600,0,0
1640833200,0,0
1640836800,0,0
1640840400,0,0
1640844000,0,0
1640847600,0,0
1640851200,0,0
1640854800,0,0
1640858400,0,0
1640862000,0,0
1640865600,0,0
1640869200,0,0
1640872800,0,0
1640876400,0,0
1640880000,0,0
1640883600,0,0
1640887200,0,0
1640890800,0,0
1640894400,0,0
1640898000,0,0
1640901600,0,0
1640905200,0,0
1640908800,0,0
1640912400,0,0
1640916000,0,0
1640919600,0,0
1640923200,0,0
1640926800,0,0
1640930400,0,0
1640934000,0,0
1640937600,0,0
1640941200,0,0
1640944800,0,0
1640948400,0,0
1640952000,0,0
1640955600,0,0
1640959200,0,0
1640962800,0,0
1640966400,0,0
1640970000,0,0
1640973600,0,0
1640977200,0,0
1640980800,0,0
1640984400,0,0
1640988000,0,0
1640991600,0,0
1640995200,0,0
1640998800,0,0
1641002400,0,0
1641178800,0,0
1641182400,0,0
1641186000,0,0
1641189600,0,0
1641193200,0,0
1641196800,0,0
1641200400,0,0
1641204000,0,0
1641207600,0,0
1641211200,0,0
1641214800,0,0
1641218400,0,0
1641222000,0,0
1641225600,0,0
1641229200,0,0
1641232800,0,0
1641236400,0,0
1641240000,0,0
1641243600,0,0
1641247200,0,0
1641250800,0,0
1641254400,0,0
1641258000,0,0
1641261600,0,0
1641265200,0,0
1641268800,0,0
1641272400,0,0
1641276000,0,0
1641279600,0,0
1641283200,0,0
1641286800,0,0
1641290400,0,0
1641294000,0,0
1641297600,0,0
1641301200,0,0
1641304800,0,0
1641308400,0,0
1641312000,0,0
1641315600,0,0
1641319200,0,0
1641322800,0,0
1641326400,0,0
1641330000,0,0
1641333600,0,0
1641337200,0,0
1641340800,0,0
1641344400,0,0
1641348000,0,0
1641351600,0,0
1641355200,0,0
1641358800,0,0
1641362400,0,0
1641366000,0,0
1641369600,0,0
1641373200,0,0
1641376800,0,0
1641380400,0,0
1641384000,0,0
1641387600,0,0
1641391200,0,0
1641394800,0,0
1641398400,0,0
1641402000,0,0
1641405600,0,0
1641409200,0,0
1641412800,0,0
1641416400,0,0
1641420000,0,0
1641423600,0,0
1641427200,0,0
1641430800,0,0
1641434400,0,0
1641438000,0,0
1641441600,0,0
1641445200,0,0
1641448800,0,0
1641452400,0,0
1641456000,0,0
1641459600,0,0
1641463200,0,0
1641466800,0,0
1641470400,0,0
1641474000,0,0
1641477600,0,0
1641481200,0,0
1641484800,0,0
1641488400,0,0
1641492000,0,0
1641495600,0,0
1641499200,0,0
1641502800,0,0
1641506400,0,0
1641510000,0,0
1641513600,0,0
1641517200,0,0
1641520800,0,0
1641524400,0,0
1641528000,0,0
1641531600,0,0
1641535200,0,0
1641538800,0,0
1641542400,0,0
1641546000,0,0
1641549600,0,0
1641553200,0,0
1641556800,0,0
1641560400,0,0
1641564000,0,0
1641567600,0,0
1641571200,0,0
1641574800,0,0
1641578400,0,0
1641582000,0,0
1641585600,0,0
1641589200,0,0
1641592800,0,0
1641596400,0,0
1641600000,0,0
1641603600,0,0
1641607200,0,0
1641783600,0,0
1641787200,0,0
1641790800,0,0
1641794400,0,0
1641798000,0,0
1641801600,0,0
1641805200,0,0
1641808800,0,0
1641812400,0,0
1641816000,0,0
1641819600,0,0
1641823200,0,0
1641826800,0,0
1641830400,0,0
1641834000,0,0
1641837600,0,0
1641841200,0,0
1641844800,0,0
1641848400,0,0
1641852000,0,0
1641855600,0,0
1641859200,0,0
1641862800,0,0
1641866400,0,0
1641870000,0,0
1641873600,0,0
1641877200,0,0
1641880800,0,0
1641884400,0,0
1641888000,0,0
1641891600,0,0
1641895200,0,0
1641898800,0,0
1641902400,0,0
1641906000,0,0
1641909600,0,0
1641913200,0,0
1641916800,0,0
1641920400,0,0
1641924000,0,0
1641927600,0,0
1641931200,0,0
1641934800,0,0
1641938400,0,0
1641942000,0,0
1641945600,0,0
1641949200,0,0
1641952800,0,0
1641956400,0,0
1641960000,0,0
1641963600,0,0
1641967200,0,0
1641970800,0,0
1641974400,0,0
1641978000,0,0
1641981600,0,0
1641985200,0,0
1641988800,0,0
1641992400,0,0
1641996000,0,0
1641999600,0,0
1642003200,0,0
1642006800,0,0
1642010400,0,0
1642014000,0,0
1642017600,0,0
1642021200,0,0
1642024800,0,0
1642028400,0,0
1642032000,0,0
1642035600,0,0
1642039200,0,0
1642042800,0,0
1642046400,0,0
1642050000,0,0
1642053600,0,0
1642057200,0,0
1642060800,0,0
1642064400,0,0
1642068000,0,0
1642071600,0,0
1642075200,0,0
1642078800,0,0
1642082400,0,0
1642086000,0,0
1642089600,0,0
1642093200,0,0
1642096800,0,0
1642100400,0,0
1642104000,0,0
1642107600,0,0
1642111200,0,0
1642114800,0,0
1642118400,0,0
1642122000,0,0
1642125600,0,0
1642129200,0,0
1642132800,0,0
1642136400,0,0
1642140000,0,0
1642143600,0,0
1642147200,0,0
1642150800,0,0
1642154400,0,0
1642158000,0,0
1642161600,0,0
1642165200,0,0
1642168800,0,0
1642172400,0,0
1642176000,0,0
1642179600,0,0
1642183200,0,0
1642186800,0,0
1642190400,0,0
1642194000,0,0
1642197600,0,0
1642201200,0,0
1642204800,0,0
1642208400,0,0
1642212000,0,0
1642474800,0,0
1642478400,0,0
1642482000,0,0
1642485600,0,0
1642489200,0,0
1642492800,0,0
1642496400,0,0
1642500000,0,0
1642503600,0,0
1642507200,0,0
1642510800,0,0
1642514400,0,0
1642518000,0,0
1642521600,0,0
1642525200,0,0
1642528800,0,0
1642532400,0,0
1642536000,0,0
1642539600,0,0
1642543200,0,0
1642546800,0,0
1642550400,0,0
1642554000,0,0
1642557600,0,0
1642561200,0,0
1642564800,0,0
1642568400,0,0
1642572000,0,0
1642575600,0,0
1642579200,0,0
1642582800,0,0
1642586400,0,0
1642590000,0,0
1642593600,0,0
1642597200,0,0
1642600800,0,0
1642604400,0,0
1642608000,0,0
1642611600,0,0
1642615200,0,0
1642618800,0,0
1642622400,0,0
1642626000,0,0
1642629600,0,0
1642633200,0,0
1642636800,0,0
1642640400,0,0
1642644000,0,0
1642647600,0,0
1642651200,0,0
1642654800,0,0
1642658400,0,0
1642662000,0,0
1642665600,0,0
1642669200,0,0
1642672800,0,0
1642676400,0,0
1642680000,0,0
1642683600,0,0
1642687200,0,0
1642690800,0,0
1642694400,0,0
1642698000,0,0
1642701600,0,0
1642705200,0,0
1642708800,0,0
1642712400,0,0
1642716000,0,0
1642719600,0,0
1642723200,0,0
1642726800,0,0
1642730400,0,0
1642734000,0,0
1642737600,0,0
1642741200,0,0
1642744800,0,0
1642748400,0,0
1642752000,0,0
1642755600,0,0
1642759200,0,0
1642762800,0,0
1642766400,0,0
1642770000,0,0
1642773600,0,0
1642777200,0,0
1642780800,0,0
1642784400,0,0
1642788000,0,0
1642791600,0,0
1642795200,0,0
1642798800,0,0
1642802400,0,0
1642806000,0,0
1642809600,0,0
1642813200,0,0
1642816800,0,0
1642993200,0,0
1642996800,0,0
1643000400,0,0
1643004000,0,0
1643007600,0,0
1643011200,0,0
1643014800,0,0
1643018400,0,0
1643022000,0,0
1643025600,0,0
1643029200,0,0
1643032800,0,0
1643036400,0,0
1643040000,0,0
1643043600,0,0
1643047200,0,0
1643050800,0,0
1643054400,0,0
1643058000,0,0
1643061600,0,0
1643065200,0,0
1643068800,0,0
1643072400,0,0
1643076000,0,0
1643079600,0,0
1643083200,0,0
1643086800,0,0
1643090400,0,0
1643094000,0,0
1643097600,0,0
1643101200,0,0
1643104800,0,0
1643108400,0,0
1643112000,0,0
1643115600,0,0
1643119200,0,0
1643122800,0,0
1643126400,0,0
1643130000,0,0
1643133600,0,0
1643137200,0,0
1643140800,0,0
1643144400,0,0
1643148000,0,0
1643151600,0,0
1643155200,0,0
1643158800,0,0
1643162400,0,0
1643166000,0,0
1643169600,0,0
1643173200,0,0
1643176800,0,0
1643180400,0,0
1643184000,0,0
1643187600,0,0
1643191200,0,0
1643194800,0,0
1643198400,0,0
1643202000,0,0
1643205600,0,0
1643209200,0,0
1643212800,0,0
1643216400,0,0
1643220000,0,0
1643223600,0,0
1643227200,0,0
1643230800,0,0
1643234400,0,0
1643238000,0,0
1643241600,0,0
1643245200,0,0
1643248800,0,0
1643252400,0,0
1643256000,0,0
1643259600,0,0
1643263200,0,0
1643266800,0,0
1643270400,0,0
1643274000,0,0
1643277600,0,0
1643281200,0,0
1643284800,0,0
1643288400,0,0
1643292000,0,0
1643295600,0,0
1643299200,0,0
1643302800,0,0
1643306400,0,0
1643310000,0,0
1643313600,0,0
1643317200,0,0
1643320800,0,0
1643324400,0,0
1643328000,0,0
1643331600,0,0
1643335200,0,0
1643338800,0,0
1643342400,0,0
1643346000,0,0
1643349600,0,0
1643353200,0,0
1643356800,0,0
1643360400,0,0
1643364000,0,0
1643367600,0,0
1643371200,0,0
1643374800,0,0
1643378400,0,0
1643382000,0,0
1643385600,0,0
1643389200,0,0
1643392800,0,0
1643396400,0,0
1643400000,0,0
1643403600,0,0
1643407200,0,0
1643410800,0,0
1643414400,0,0
1643418000,0,0
1643421600,0,0
1643598000,0,0
1643601600,0,0
1643605200,0,0
1643608800,0,0
1643612400,0,0
1643616000,0,0
1643619600,0,0
1643623200,0,0
1643626800,0,0
1643630400,0,0
1643634000,0,0
1643637600,0,0
1643641200,0,0
1643644800,0,0
1643648400,0,0
1643652000,0,0
1643655600,0,0
1643659200,0,0
1643662800,0,0
1643666400,0,0
1643670000,0,0
1643673600,0,0
1643677200,0,0
1643680800,0,0
1643684400,0,0
1643688000,0,0
1643691600,0,0
1643695200,0,0
1643698800,0,0
1643702400,0,0
1643706000,0,0
1643709600,0,0
1643713200,0,0
1643716800,0,0
1643720400,0,0
1643724000,0,0
1643727600,0,0
1643731200,0,0
1643734800,0,0
1643738400,0,0
1643742000,0,0
1643745600,0,0
1643749200,0,0
1643752800,0,0
1643756400,0,0
1643760000,0,0
1643763600,0,0
1643767200,0,0
1643770800,0,0
1643774400,0,0
1643778000,0,0
1643781600,0,0
1643785200,0,0
1643788800,0,0
1643792400,0,0
1643796000,0,0
1643799600,0,0
1643803200,0,0
1643806800,0,0
1643810400,0,0
1643814000,0,0
1643817600,0,0
1643821200,0,0
1643824800,0,0
1643828400,0,0
1643832000,0,0
1643835600,0,0
1643839200,0,0
1643842800,0,0
1643846400,0,0
1643850000,0,0
1643853600,0,0
1643857200,0,0
1643860800,0,0
1643864400,0,0
1643868000,0,0
1643871600,0,0
1643875200,0,0
1643878800,0,0
1643882400,0,0
1643886000,0,0
1643889600,0,0
1643893200,0,0
1643896800,0,0
1643900400,0,0
1643904000,0,0
1643907600,0,0
1643911200,0,0
1643914800,0,0
1643918400,0,0
1643922000,0,0
1643925600,0,0
1643929200,0,0
1643932800,0,0
1643936400,0,0
1643940000,0,0
1643943600,0,0
1643947200,0,0
1643950800,0,0
1643954400,0,0
1643958000,0,0
1643961600,0,0
1643965200,0,0
1643968800,0,0
1643972400,0,0
1643976000,0,0
1643979600,0,0
1643983200,0,0
1643986800,0,0
1643990400,0,0
1643994000,0,0
1643997600,0,0
1644001200,0,0
1644004800,0,0
1644008400,0,0
1644012000,0,0
1644015600,0,0
1644019200,0,0
1644022800,0,0
1644026400,0,0
1644202800,0,0
1644206400,0,0
1644210000,0,0
1644213600,0,0
1644217200,0,0
1644220800,0,0
1644224400,0,0
1644228000,0,0
1644231600,0,0
1644235200,0,0
1644238800,0,0
1644242400,0,0
1644246000,0,0
1644249600,0,0
1644253200,0,0
1644256800,0,0
1644260400,0,0
1644264000,0,0
1644267600,0,0
1644271200,0,0
1644274800,0,0
1644278400,0,0
1644282000,0,0
1644285600,0,0
1644289200,0,0
1644292800,0,0
1644296400,0,0
1644300000,0,0
1644303600,0,0
1644307200,0,0
1644310800,0,0
1644314400,0,0
1644318000,0,0
1644321600,0,0
1644325200,0,0
1644328800,0,0
1644332400,0,0
1644336000,0,0
1644339600,0,0
1644343200,0,0
1644346800,0,0
1644350400,0,0
1644354000,0,0
1644357600,0,0
1644361200,0,0
1644364800,0,0
1644368400,0,0
1644372000,0,0
1644375600,0,0
1644379200,0,0
1644382800,0,0
1644386400,0,0
1644390000,0,0
1644393600,0,0
1644397200,0,0
1644400800,0,0
1644404400,0,0
1644408000,0,0
1644411600,0,0
1644415200,0,0
1644418800,0,0
1644422400,0,0
1644426000,0,0
1644429600,0,0
1644433200,0,0
1644436800,0,0
1644440400,0,0
1644444000,0,0
1644447600,0,0
1644451200,0,0
1644454800,0,0
1644458400,0,0
1644462000,0,0
1644465600,0,0
1644469200,0,0
1644472800,0,0
1644476400,0,0
1644480000,0,0
1644483600,0,0
1644487200,0,0
1644490800,0,0
1644494400,0,0
1644498000,0,0
1644501600,0,0
1644505200,0,0
1644508800,0,0
1644512400,0,0
1644516000,0,0
1644519600,0,0
1644523200,0,0
1644526800,0,0
1644530400,0,0
1644534000,0,0
1644537600,0,0
1644541200,0,0
1644544800,0,0
1644548400,2,1
1644552000,2,1
1644555600,2,1
1644559200,2,1
1644562800,2,1
1644566400,2,1
1644570000,2,1
1644573600,2,1
1644577200,2,1
1644580800,2,1
1644584400,2,1
1644588000,2,1
1644591600,2,1
1644595200,2,1
1644598800,2,1
1644602400,2,1
1644606000,2,1
1644609600,2,1
1644613200,2,1
1644616800,2,1
1644620400,2,1
1644624000,2,1
1644627600,2,1
1644631200,2,1
1644807600,2,1
1644811200,2,1
1644814800,2,1
1644818400,2,1
1644822000,2,1
1644825600,2,1
1644829200,2,1
1644832800,2,1
1644836400,2,1
1644840000,2,1
1644843600,2,1
1644847200,2,1
1644850800,2,1
1644854400,2,1
1644858000,2,1
1644861600,2,1
1644865200,2,1
1644868800,2,1
1644872400,2,1
1644876000,2,1
1644879600,2,1
1644883200,2,1
1644886800,2,1
1644890400,2,1
1644894000,2,1
1644897600,2,1
1644901200,2,1
1644904800,2,1
1644908400,2,1
1644912000,2,1
1644915600,2,1
1644919200,2,1
1644922800,2,1
1644926400,2,1
1644930000,2,1
1644933600,2,1
1644937200,2,1
1644940800,2,1
1644944400,2,1
1644948000,2,1
1644951600,2,1
1644955200,2,1
1644958800,2,1
1644962400,2,1
1644966000,2,1
1644969600,2,1
1644973200,2,1
1644976800,2,1
1644980400,2,1
1644984000,2,1
1644987600,2,1
1644991200,2,1
1644994800,2,1
1644998400,2,1
1645002000,2,1
1645005600,2,1
1645009200,2,1
1645012800,2,1
1645016400,2,1
1645020000,2,1
1645023600,2,1
1645027200,2,1
1645030800,2,1
1645034400,2,1
1645038000,2,1
1645041600,2,1
1645045200,2,1
1645048800,2,1
1645052400,2,1
1645056000,2,1
1645059600,2,1
1645063200,2,1
1645066800,2,1
1645070400,2,1
1645074000,2,1
1645077600,2,1
1645081200,2,1
1645084800,2,1
1645088400,2,1
1645092000,2,1
1645095600,2,1
1645099200,2,1
1645102800,2,1
1645106400,2,1
1645110000,2,1
1645113600,2,1
1645117200,2,1
1645120800,2,1
1645124400,2,1
1645128000,2,1
1645131600,2,1
1645135200,2,1
1645138800,2,1
1645142400,2,1
1645146000,2,1
1645149600,2,1
1645153200,2,1
1645156800,2,1
1645160400,2,1
1645164000,2,1
1645167600,2,1
1645171200,2,1
1645174800,2,1
1645178400,2,1
1645182000,2,1
1645185600,2,1
1645189200,2,1
1645192800,2,1
1645196400,2,1
1645200000,2,1
1645203600,2,1
1645207200,2,1
1645210800,2,1
1645214400,2,1
1645218000,2,1
1645221600,2,1
1645225200,2,1
1645228800,2,1
1645232400,2,1
1645236000,2,1
1645498800,2,1
1645502400,2,1
1645506000,2,1
1645509600,2,1
1645513200,2,1
1645516800,2,1
1645520400,2,1
1645524000,2,1
1645527600,2,1
1645531200,2,1
1645534800,2,1
1645538400,2,1
1645542000,2,1
1645545600,2,1
1645549200,2,1
1645552800,2,1
1645556400,2,1
1645560000,2,1
1645563600,2,1
1645567200,2,1
1645570800,2,1
1645574400,2,1
1645578000,2,1
1645581600,2,1
1645585200,2,1
1645588800,2,1
1645592400,2,1
1645596000,2,1
1645599600,2,1
1645603200,2,1
1645606800,2,1
1645610400,2,1
1645614000,2,1
1645617600,2,1
1645621200,2,1
1645624800,2,1
1645628400,2,1
1645632000,2,1
1645635600,2,1
1645639200,2,1
1645642800,2,1
1645646400,2,1
1645650000,2,1
1645653600,2,1
1645657200,2,1
1645660800,2,1
1645664400,2,1
1645668000,2,1
1645671600,2,1
1645675200,2,1
1645678800,2,1
1645682400,2,1
1645686000,2,1
1645689600,2,1
1645693200,2,1
1645696800,2,1
1645700400,2,1
1645704000,2,1
1645707600,2,1
1645711200,2,1
1645714800,2,1
1645718400,2,1
1645722000,2,1
1645725600,2,1
1645729200,2,1
1645732800,2,1
1645736400,2,1
1645740000,2,1
1645743600,2,1
1645747200,2,1
1645750800,2,1
1645754400,2,1
1645758000,2,1
1645761600,2,1
1645765200,2,1
1645768800,2,1
1645772400,2,1
1645776000,2,1
1645779600,2,1
1645783200,2,1
1645786800,2,1
1645790400,2,1
1645794000,2,1
1645797600,2,1
1645801200,2,1
1645804800,2,1
1645808400,2,1
1645812000,2,1
1645815600,2,1
1645819200,2,1
1645822800,2,1
1645826400,2,1
1645830000,2,1
1645833600,2,1
1645837200,2,1
1645840800,2,1
1646017200,2,1
1646020800,2,1
1646024400,2,1
1646028000,2,1
1646031600,2,1
1646035200,2,1
1646038800,2,1
1646042400,2,1
1646046000,2,1
1646049600,2,1
1646053200,2,1
1646056800,2,1
1646060400,2,1
1646064000,2,1
1646067600,2,1
1646071200,2,1
1646074800,2,1
1646078400,2,1
1646082000,2,1
1646085600,2,1
1646089200,2,1
1646092800,2,1
1646096400,2,1
1646100000,2,1
1646103600,2,1
1646107200,2,1
1646110800,2,1
1646114400,2,1
1646118000,2,1
1646121600,2,1
1646125200,2,1
1646128800,2,1
1646132400,2,1
1646136000,2,1
1646139600,2,1
1646143200,2,1
1646146800,2,1
1646150400,2,1
1646154000,2,1
1646157600,2,1
1646161200,2,1
1646164800,2,1
1646168400,2,1
1646172000,2,1
1646175600,2,1
1646179200,2,1
1646182800,2,1
1646186400,2,1
1646190000,2,1
1646193600,2,1
1646197200,2,1
1646200800,2,1
1646204400,2,1
1646208000,2,1
1646211600,2,1
1646215200,2,1
1646218800,2,1
1646222400,2,1
1646226000,2,1
1646229600,2,1
1646233200,2,1
1646236800,2,1
1646240400,2,1
1646244000,2,1
1646247600,2,1
1646251200,2,1
1646254800,2,1
1646258400,2,1
1646262000,2,1
1646265600,2,1
1646269200,2,1
1646272800,2,1
1646276400,2,1
1646280000,2,1
1646283600,2,1
1646287200,2,1
1646290800,2,1
1646294400,2,1
1646298000,2,1
1646301600,2,1
1646305200,2,1
1646308800,2,1
1646312400,2,1
1646316000,2,1
1646319600,2,1
1646323200,2,1
1646326800,2,1
1646330400,2,1
1646334000,2,1
1646337600,2,1
1646341200,2,1
1646344800,2,1
1646348400,2,1
1646352000,2,1
1646355600,2,1
1646359200,2,1
1646362800,2,1
1646366400,2,1
1646370000,2,1
1646373600,2,1
1646377200,2,1
1646380800,2,1
1646384400,2,1
1646388000,2,1
1646391600,2,1
1646395200,2,1
1646398800,2,1
1646402400,2,1
1646406000,2,1
1646409600,2,1
1646413200,2,1
1646416800,2,1
1646420400,2,1
1646424000,2,1
1646427600,2,1
1646431200,2,1
1646434800,2,1
1646438400,2,1
1646442000,2,1
1646445600,2,1
1646622000,2,1
1646625600,2,1
1646629200,2,1
1646632800,2,1
1646636400,2,1
1646640000,2,1
1646643600,2,1
1646647200,2,1
1646650800,2,1
1646654400,2,1
1646658000,2,1
1646661600,2,1
1646665200,2,1
1646668800,2,1
1646672400,2,1
1646676000,2,1
1646679600,2,1
1646683200,2,1
1646686800,2,1
1646690400,2,1
1646694000,2,1
1646697600,2,1
1646701200,2,1
1646704800,2,1
1646708400,1,1
1646712000,1,1
1646715600,1,1
1646719200,1,1
1646722800,1,1
1646726400,1,1
1646730000,1,1
1646733600,1,1
1646737200,1,1
1646740800,1,1
1646744400,1,1
1646748000,1,1
1646751600,1,1
1646755200,1,1
1646758800,1,1
1646762400,1,1
1646766000,1,1
1646769600,1,1
1646773200,1,1
1646776800,1,1
1646780400,1,1
1646784000,1,1
1646787600,1,1
1646791200,1,1
1646794800,1,1
1646798400,1,1
1646802000,1,1
1646805600,1,1
1646809200,1,1
1646812800,1,1
1646816400,1,1
1646820000,1,1
1646823600,1,1
1646827200,1,1
1646830800,1,1
1646834400,1,1
1646838000,1,1
1646841600,1,1
1646845200,1,1
1646848800,1,1
1646852400,1,1
1646856000,1,1
1646859600,1,1
1646863200,1,1
1646866800,1,1
1646870400,1,1
1646874000,1,1
1646877600,1,1
1646881200,3,0
1646884800,3,0
1646888400,3,0
1646892000,3,0
1646895600,3,0
1646899200,3,0
1646902800,3,0
1646906400,3,0
1646910000,3,0
1646913600,3,0
1646917200,3,0
1646920800,3,0
1646924400,3,0
1646928000,3,0
1646931600,3,0
1646935200,3,0
1646938800,3,0
1646942400,3,0
1646946000,3,0
1646949600,3,0
1646953200,3,0
1646956800,3,0
1646960400,3,0
1646964000,3,0
1646967600,3,0
1646971200,3,0
1646974800,3,0
1646978400,3,0
1646982000,3,0
1646985600,3,0
1646989200,3,0
1646992800,3,0
1646996400,3,0
1647000000,3,0
1647003600,3,0
1647007200,3,0
1647010800,3,0
1647014400,3,0
1647018000,3,0
1647021600,3,0
1647025200,3,0
1647028800,3,0
1647032400,3,0
1647036000,3,0
1647039600,3,0
1647043200,3,0
1647046800,3,0
1647050400,3,0
1647226800,3,0
1647230400,3,0
1647234000,3,0
1647237600,3,0
1647241200,3,0
1647244800,3,0
1647248400,3,0
1647252000,3,0
1647255600,3,0
1647259200,3,0
1647262800,3,0
1647266400,3,0
1647270000,3,0
1647273600,3,0
1647277200,3,0
1647280800,3,0
1647284400,3,0
1647288000,3,0
1647291600,3,0
1647295200,3,0
1647298800,3,0
1647302400,3,0
1647306000,3,0
1647309600,3,0
1647313200,3,0
1647316800,3,0
1647320400,3,0
1647324000,3,0
1647327600,3,0
1647331200,3,0
1647334800,3,0
1647338400,3,0
1647342000,3,0
1647345600,3,0
1647349200,3,0
1647352800,3,0
1647356400,3,0
1647360000,3,0
1647363600,3,0
1647367200,3,0
1647370800,3,0
1647374400,3,0
1647378000,3,0
1647381600,3,0
1647385200,3,0
1647388800,3,0
1647392400,3,0
1647396000,3,0
1647399600,3,0
1647403200,3,0
1647406800,3,0
1647410400,3,0
1647414000,3,0
1647417600,3,0
1647421200,3,0
1647424800,3,0
1647428400,3,0
1647432000,3,0
1647435600,3,0
1647439200,3,0
1647442800,3,0
1647446400,3,0
1647450000,3,0
1647453600,3,0
1647457200,3,0
1647460800,3,0
1647464400,3,0
1647468000,3,0
1647471600,3,0
1647475200,3,0
1647478800,3,0
1647482400,3,0
1647486000,3,0
1647489600,3,0
1647493200,3,0
1647496800,3,0
1647500400,3,0
1647504000,3,0
1647507600,3,0
1647511200,3,0
1647514800,3,0
1647518400,3,0
1647522000,3,0
1647525600,3,0
1647529200,3,0
1647532800,3,0
1647536400,3,0
1647540000,3,0
1647543600,3,0
1647547200,3,0
1647550800,3,0
1647554400,3,0
1647558000,3,0
1647561600,3,0
1647565200,3,0
1647568800,3,0
1647572400,3,0
1647576000,3,0
1647579600,3,0
1647583200,3,0
1647586800,3,0
1647590400,3,0
1647594000,3,0
1647597600,3,0
1647601200,3,0
1647604800,3,0
1647608400,3,0
1647612000,3,0
1647615600,3,0
1647619200,3,0
1647622800,3,0
1647626400,3,0
1647630000,3,0
1647633600,3,0
1647637200,3,0
1647640800,3,0
1647644400,3,0
1647648000,3,0
1647651600,3,0
1647655200,3,0
1647831600,3,0
1647835200,3,0
1647838800,3,0
1647842400,3,0
1647846000,3,0
1647849600,3,0
1647853200,3,0
1647856800,3,0
1647860400,3,0
1647864000,3,0
1647867600,3,0
1647871200,3,0
1647874800,3,0
1647878400,3,0
1647882000,3,0
1647885600,3,0
1647889200,3,0
1647892800,3,0
1647896400,3,0
1647900000,3,0
1647903600,3,0
1647907200,3,0
1647910800,3,0
1647914400,3,0
1647918000,3,0
1647921600,3,0
1647925200,3,0
1647928800,3,0
1647932400,3,0
1647936000,3,0
1647939600,3,0
1647943200,3,0
1647946800,3,0
1647950400,3,0
1647954000,3,0
1647957600,3,0
1647961200,3,0
1647964800,3,0
1647968400,3,0
1647972000,3,0
1647975600,3,0
1647979200,3,0
1647982800,3,0
1647986400,3,0
1647990000,3,0
1647993600,3,0
1647997200,3,0
1648000800,3,0
1648004400,3,0
1648008000,3,0
1648011600,3,0
1648015200,3,0
1648018800,3,0
1648022400,3,0
1648026000,3,0
1648029600,3,0
1648033200,3,0
1648036800,3,0
1648040400,3,0
1648044000,3,0
1648047600,3,0
1648051200,3,0
1648054800,3,0
1648058400,3,0
1648062000,3,0
1648065600,3,0
1648069200,3,0
1648072800,3,0
1648076400,3,0
1648080000,3,0
1648083600,3,0
1648087200,3,0
1648090800,3,0
1648094400,3,0
1648098000,3,0
1648101600,3,0
1648105200,3,0
1648108800,3,0
1648112400,3,0
1648116000,3,0
1648119600,3,0
1648123200,3,0
1648126800,3,0
1648130400,3,0
1648134000,3,0
1648137600,3,0
1648141200,3,0
1648144800,3,0
1648148400,3,0
1648152000,3,0
1648155600,3,0
1648159200,3,0
1648162800,3,0
1648166400,3,0
1648170000,3,0
1648173600,3,0
1648177200,3,0
1648180800,3,0
1648184400,3,0
1648188000,3,0
1648191600,3,0
1648195200,3,0
1648198800,3,0
1648202400,3,0
1648206000,3,0
1648209600,3,0
1648213200,3,0
1648216800,3,0
1648220400,3,0
1648224000,3,0
1648227600,3,0
1648231200,3,0
1648234800,3,0
1648238400,3,0
1648242000,3,0
1648245600,3,0
1648249200,3,0
1648252800,3,0
1648256400,3,0
1648260000,3,0
1648436400,0,0
1648440000,0,0
1648443600,0,0
1648447200,0,0
1648450800,0,0
1648454400,0,0
1648458000,0,0
1648461600,0,0
1648465200,0,0
1648468800,0,0
1648472400,0,0
1648476000,0,0
1648479600,0,0
1648483200,0,0
1648486800,0,0
1648490400,0,0
1648494000,0,0
1648497600,0,0
1648501200,0,0
1648504800,0,0
1648508400,0,0
1648512000,0,0
1648515600,0,0
1648519200,0,0
1648522800,0,0
1648526400,0,0
1648530000,0,0
1648533600,0,0
1648537200,0,0
1648540800,0,0
1648544400,0,0
1648548000,0,0
1648551600,0,0
1648555200,0,0
1648558800,0,0
1648562400,0,0
1648566000,0,0
1648569600,0,0
1648573200,0,0
1648576800,0,0
1648580400,0,0
1648584000,0,0
1648587600,0,0
1648591200,0,0
1648594800,0,0
1648598400,0,0
1648602000,0,0
1648605600,0,0
1648609200,0,0
1648612800,0,0
1648616400,0,0
1648620000,0,0
1648623600,0,0
1648627200,0,0
1648630800,0,0
1648634400,0,0
1648638000,0,0
1648641600,0,0
1648645200,0,0
1648648800,0,0
1648652400,0,0
1648656000,0,0
1648659600,0,0
1648663200,0,0
1648666800,0,0
1648670400,0,0
1648674000,0,0
1648677600,0,0
1648681200,0,0
1648684800,0,0
1648688400,0,0
1648692000,0,0
1648695600,0,0
1648699200,0,0
1648702800,0,0
1648706400,0,0
1648710000,0,0
1648713600,0,0
1648717200,0,0
1648720800,0,0
1648724400,0,0
1648728000,0,0
1648731600,0,0
1648735200,0,0
1648738800,0,0
1648742400,0,0
1648746000,0,0
1648749600,0,0
1648753200,0,0
1648756800,0,0
1648760400,0,0
1648764000,0,0
1648767600,0,0
1648771200,0,0
1648774800,0,0
1648778400,0,0
1648782000,0,0
1648785600,0,0
1648789200,0,0
1648792800,0,0
1648796400,0,0
1648800000,0,0
1648803600,0,0
1648807200,0,0
1648810800,0,0
1648814400,0,0
1648818000,0,0
1648821600,0,0
1648825200,0,0
1648828800,0,0
1648832400,0,0
1648836000,0,0
1648839600,0,0
1648843200,0,0
1648846800,0,0
1648850400,0,0
1648854000,0,0
1648857600,0,0
1648861200,0,0
1648864800,0,0
1649041200,0,0
1649044800,0,0
1649048400,0,0
1649052000,0,0
1649055600,0,0
1649059200,0,0
1649062800,0,0
1649066400,0,0
1649070000,0,0
1649073600,0,0
1649077200,0,0
1649080800,0,0
1649084400,0,0
1649088000,0,0
1649091600,0,0
1649095200,0,0
1649098800,0,0
1649102400,0,0
1649106000,0,0
1649109600,0,0
1649113200,0,0
1649116800,0,0
1649120400,0,0
1649124000,0,0
1649127600,0,0
1649131200,0,0
1649134800,0,0
1649138400,0,0
1649142000,0,0
1649145600,0,0
1649149200,0,0
1649152800,0,0
1649156400,0,0
1649160000,0,0
1649163600,0,0
1649167200,0,0
1649170800,0,0
1649174400,0,0
1649178000,0,0
1649181600,0,0
1649185200,0,0
1649188800,0,0
1649192400,0,0
1649196000,0,0
1649199600,0,0
1649203200,0,0
1649206800,0,0
1649210400,0,0
1649214000,0,0
1649217600,0,0
1649221200,0,0
1649224800,0,0
1649228400,0,0
1649232000,0,0
1649235600,0,0
1649239200,0,0
1649242800,0,0
1649246400,0,0
1649250000,0,0
1649253600,0,0
1649257200,0,0
1649260800,0,0
1649264400,0,0
1649268000,0,0
1649271600,0,0
1649275200,0,0
1649278800,0,0
1649282400,0,0
1649286000,0,0
1649289600,0,0
1649293200,0,0
1649296800,0,0
1649300400,0,0
1649304000,0,0
1649307600,0,0
1649311200,0,0
1649314800,0,0
1649318400,0,0
1649322000,0,0
1649325600,0,0
1649329200,0,0
1649332800,0,0
1649336400,0,0
1649340000,0,0
1649343600,0,0
1649347200,0,0
1649350800,0,0
1649354400,0,0
1649358000,0,0
1649361600,0,0
1649365200,0,0
1649368800,0,0
1649372400,0,0
1649376000,0,0
1649379600,0,0
1649383200,0,0
1649386800,0,0
1649390400,0,0
1649394000,0,0
1649397600,0,0
1649401200,0,0
1649404800,0,0
1649408400,0,0
1649412000,0,0
1649415600,0,0
1649419200,0,0
1649422800,0,0
1649426400,0,0
1649430000,0,0
1649433600,0,0
1649437200,0,0
1649440800,0,0
1649444400,0,0
1649448000,0,0
1649451600,0,0
1649455200,0,0
1649458800,0,0
1649462400,0,0
1649466000,0,0
1649469600,0,0
1649646000,0,0
1649649600,0,0
1649653200,0,0
1649656800,0,0
1649660400,0,0
1649664000,0,0
1649667600,0,0
1649671200,0,0
1649674800,0,0
1649678400,0,0
1649682000,0,0
1649685600,0,0
1649689200,0,0
1649692800,0,0
1649696400,0,0
1649700000,0,0
1649703600,0,0
1649707200,0,0
1649710800,0,0
1649714400,0,0
1649718000,0,0
1649721600,0,0
1649725200,0,0
1649728800,0,0
1649732400,2,1
1649736000,2,1
1649739600,2,1
1649743200,2,1
1649746800,2,1
1649750400,2,1
1649754000,2,1
1649757600,2,1
1649761200,2,1
1649764800,2,1
1649768400,2,1
1649772000,2,1
1649775600,2,1
1649779200,2,1
1649782800,2,1
1649786400,2,1
1649790000,2,1
1649793600,2,1
1649797200,2,1
1649800800,2,1
1649804400,2,1
1649808000,2,1
1649811600,2,1
1649815200,2,1
1649818800,2,1
1649822400,2,1
1649826000,2,1
1649829600,2,1
1649833200,2,1
1649836800,2,1
1649840400,2,1
1649844000,2,1
1649847600,2,1
1649851200,2,1
1649854800,2,1
1649858400,2,1
1649862000,2,1
1649865600,2,1
1649869200,2,1
1649872800,2,1
1649876400,2,1
1649880000,2,1
1649883600,2,1
1649887200,2,1
1649890800,2,1
1649894400,2,1
1649898000,2,1
1649901600,2,1
1649905200,2,1
1649908800,2,1
1649912400,2,1
1649916000,2,1
1649919600,2,1
1649923200,2,1
1649926800,2,1
1649930400,2,1
1649934000,2,1
1649937600,2,1
1649941200,2,1
1649944800,2,1
1649948400,2,1
1649952000,2,1
1649955600,2,1
1649959200,2,1
1649962800,2,1
1649966400,2,1
1649970000,2,1
1649973600,2,1
1649977200,2,1
1649980800,2,1
1649984400,2,1
1649988000,2,1
1650250800,2,1
1650254400,2,1
1650258000,2,1
1650261600,2,1
1650265200,2,1
1650268800,2,1
1650272400,2,1
1650276000,2,1
1650279600,2,1
1650283200,2,1
1650286800,2,1
1650290400,2,1
1650294000,2,1
1650297600,2,1
1650301200,2,1
1650304800,2,1
1650308400,2,1
1650312000,2,1
1650315600,2,1
1650319200,2,1
1650322800,2,1
1650326400,2,1
1650330000,2,1
1650333600,2,1
1650337200,2,1
1650340800,2,1
1650344400,2,1
1650348000,2,1
1650351600,2,1
1650355200,2,1
1650358800,2,1
1650362400,2,1
1650366000,2,1
1650369600,2,1
1650373200,2,1
1650376800,2,1
1650380400,2,1
1650384000,2,1
1650387600,2,1
1650391200,2,1
1650394800,2,1
1650398400,2,1
1650402000,2,1
1650405600,2,1
1650409200,2,1
1650412800,2,1
1650416400,2,1
1650420000,2,1
1650423600,2,1
1650427200,2,1
1650430800,2,1
1650434400,2,1
1650438000,2,1
1650441600,2,1
1650445200,2,1
1650448800,2,1
1650452400,2,1
1650456000,2,1
1650459600,2,1
1650463200,2,1
1650466800,2,1
1650470400,2,1
1650474000,2,1
1650477600,2,1
1650481200,2,1
1650484800,2,1
1650488400,2,1
1650492000,2,1
1650495600,2,1
1650499200,2,1
1650502800,2,1
1650506400,2,1
1650510000,0,0
1650513600,0,0
1650517200,0,0
1650520800,0,0
1650524400,0,0
1650528000,0,0
1650531600,0,0
1650535200,0,0
1650538800,0,0
1650542400,0,0
1650546000,0,0
1650549600,0,0
1650553200,0,0
1650556800,0,0
1650560400,0,0
1650564000,0,0
1650567600,0,0
1650571200,0,0
1650574800,0,0
1650578400,0,0
1650582000,0,0
1650585600,0,0
1650589200,0,0
1650592800,0,0
1650596400,0,0
1650600000,0,0
1650603600,0,0
1650607200,0,0
1650610800,0,0
1650614400,0,0
1650618000,0,0
1650621600,0,0
1650625200,0,0
1650628800,0,0
1650632400,0,0
1650636000,0,0
1650639600,0,0
1650643200,0,0
1650646800,0,0
1650650400,0,0
1650654000,0,0
1650657600,0,0
1650661200,0,0
1650664800,0,0
1650668400,0,0
1650672000,0,0
1650675600,0,0
1650679200,0,0
1650855600,0,0
1650859200,0,0
1650862800,0,0
1650866400,0,0
1650870000,0,0
1650873600,0,0
1650877200,0,0
1650880800,0,0
1650884400,0,0
1650888000,0,0
1650891600,0,0
1650895200,0,0
1650898800,0,0
1650902400,0,0
1650906000,0,0
1650909600,0,0
1650913200,0,0
1650916800,0,0
1650920400,0,0
1650924000,0,0
1650927600,0,0
1650931200,0,0
1650934800,0,0
1650938400,0,0
1650942000,0,0
1650945600,0,0
1650949200,0,0
1650952800,0,0
1650956400,0,0
1650960000,0,0
1650963600,0,0
1650967200,0,0
1650970800,0,0
1650974400,0,0
1650978000,0,0
1650981600,0,0
1650985200,0,0
1650988800,0,0
1650992400,0,0
1650996000,0,0
1650999600,0,0
1651003200,0,0
1651006800,0,0
1651010400,0,0
1651014000,0,0
1651017600,0,0
1651021200,0,0
1651024800,0,0
1651028400,0,0
1651032000,0,0
1651035600,0,0
1651039200,0,0
1651042800,0,0
1651046400,0,0
1651050000,0,0
1651053600,0,0
1651057200,0,0
1651060800,0,0
1651064400,0,0
1651068000,0,0
1651071600,0,0
1651075200,0,0
1651078800,0,0
1651082400,0,0
1651086000,0,0
1651089600,0,0
1651093200,0,0
1651096800,0,0
1651100400,0,0
1651104000,0,0
1651107600,0,0
1651111200,0,0
1651114800,0,0
1651118400,0,0
1651122000,0,0
1651125600,0,0
1651129200,0,0
1651132800,0,0
1651136400,0,0
1651140000,0,0
1651143600,0,0
1651147200,0,0
1651150800,0,0
1651154400,0,0
1651158000,0,0
1651161600,0,0
1651165200,0,0
1651168800,0,0
1651172400,0,0
1651176000,0,0
1651179600,0,0
1651183200,0,0
1651186800,0,0
1651190400,0,0
1651194000,0,0
1651197600,0,0
1651201200,0,0
1651204800,0,0
1651208400,0,0
1651212000,0,0
1651215600,0,0
1651219200,0,0
1651222800,0,0
1651226400,0,0
1651230000,0,0
1651233600,0,0
1651237200,0,0
1651240800,0,0
1651244400,0,0
1651248000,0,0
1651251600,0,0
1651255200,0,0
1651258800,0,0
1651262400,0,0
1651266000,0,0
1651269600,0,0
1651273200,0,0
1651276800,0,0
1651280400,0,0
1651284000,0,0
1651460400,0,0
1651464000,0,0
1651467600,0,0
1651471200,0,0
1651474800,0,0
1651478400,0,0
1651482000,0,0
1651485600,0,0
1651489200,0,0
1651492800,0,0
1651496400,0,0
1651500000,0,0
1651503600,0,0
1651507200,0,0
1651510800,0,0
1651514400,0,0
1651518000,0,0
1651521600,0,0
1651525200,0,0
1651528800,0,0
1651532400,0,0
1651536000,0,0
1651539600,0,0
1651543200,0,0
1651546800,0,0
1651550400,0,0
1651554000,0,0
1651557600,0,0
1651561200,0,0
1651564800,0,0
1651568400,0,0
1651572000,0,0
1651575600,0,0
1651579200,0,0
1651582800,0,0
1651586400,0,0
1651590000,0,0
1651593600,0,0
1651597200,0,0
1651600800,0,0
1651604400,0,0
1651608000,0,0
1651611600,0,0
1651615200,0,0
1651618800,0,0
1651622400,0,0
1651626000,0,0
1651629600,0,0
1651633200,0,0
1651636800,0,0
1651640400,0,0
1651644000,0,0
1651647600,0,0
1651651200,0,0
1651654800,0,0
1651658400,0,0
1651662000,0,0
1651665600,0,0
1651669200,0,0
1651672800,0,0
1651676400,0,0
1651680000,0,0
1651683600,0,0
1651687200,0,0
1651690800,0,0
1651694400,0,0
1651698000,0,0
1651701600,0,0
1651705200,0,0
1651708800,0,0
1651712400,0,0
1651716000,0,0
1651719600,0,0
1651723200,0,0
1651726800,0,0
1651730400,0,0
1651734000,0,0
1651737600,0,0
1651741200,0,0
1651744800,0,0
1651748400,0,0
1651752000,0,0
1651755600,0,0
1651759200,0,0
1651762800,0,0
1651766400,0,0
1651770000,0,0
1651773600,0,0
1651777200,0,0
1651780800,0,0
1651784400,0,0
1651788000,0,0
1651791600,0,0
1651795200,0,0
1651798800,0,0
1651802400,0,0
1651806000,0,0
1651809600,0,0
1651813200,0,0
1651816800,0,0
1651820400,0,0
1651824000,0,0
1651827600,0,0
1651831200,0,0
1651834800,0,0
1651838400,0,0
1651842000,0,0
1651845600,0,0
1651849200,0,0
1651852800,0,0
1651856400,0,0
1651860000,0,0
1651863600,0,0
1651867200,0,0
1651870800,0,0
1651874400,0,0
1651878000,0,0
1651881600,0,0
1651885200,0,0
1651888800,0,0
1652065200,0,0
1652068800,0,0
1652072400,0,0
1652076000,0,0
1652079600,0,0
1652083200,0,0
1652086800,0,0
1652090400,0,0
1652094000,0,0
1652097600,0,0
1652101200,0,0
1652104800,0,0
1652108400,0,0
1652112000,0,0
1652115600,0,0
1652119200,0,0
1652122800,0,0
1652126400,0,0
1652130000,0,0
1652133600,0,0
1652137200,0,0
1652140800,0,0
1652144400,0,0
1652148000,0,0
1652151600,0,0
1652155200,0,0
1652158800,0,0
1652162400,0,0
1652166000,0,0
1652169600,0,0
1652173200,0,0
1652176800,0,0
1652180400,0,0
1652184000,0,0
1652187600,0,0
1652191200,0,0
1652194800,0,0
1652198400,0,0
1652202000,0,0
1652205600,0,0
1652209200,0,0
1652212800,0,0
1652216400,0,0
1652220000,0,0
1652223600,0,0
1652227200,0,0
1652230800,0,0
1652234400,0,0
1652238000,0,0
1652241600,0,0
1652245200,0,0
1652248800,0,0
1652252400,0,0
1652256000,0,0
1652259600,0,0
1652263200,0,0
1652266800,0,0
1652270400,0,0
1652274000,0,0
1652277600,0,0
1652281200,0,0
1652284800,0,0
1652288400,0,0
1652292000,0,0
1652295600,0,0
1652299200,0,0
1652302800,0,0
1652306400,0,0
1652310000,0,0
1652313600,0,0
1652317200,0,0
1652320800,0,0
1652324400,0,0
1652328000,0,0
1652331600,0,0
1652335200,0,0
1652338800,0,0
1652342400,0,0
1652346000,0,0
1652349600,0,0
1652353200,0,0
1652356800,0,0
1652360400,0,0
1652364000,0,0
1652367600,0,0
1652371200,0,0
1652374800,0,0
1652378400,0,0
1652382000,0,0
1652385600,0,0
1652389200,0,0
1652392800,0,0
1652396400,0,0
1652400000,0,0
1652403600,0,0
1652407200,0,0
1652410800,0,0
1652414400,0,0
1652418000,0,0
1652421600,0,0
1652425200,0,0
1652428800,0,0
1652432400,0,0
1652436000,0,0
1652439600,0,0
1652443200,0,0
1652446800,0,0
1652450400,0,0
1652454000,0,0
1652457600,0,0
1652461200,0,0
1652464800,0,0
1652468400,0,0
1652472000,0,0
1652475600,0,0
1652479200,0,0
1652482800,0,0
1652486400,0,0
1652490000,0,0
1652493600,0,0
1652670000,0,0
1652673600,0,0
1652677200,0,0
1652680800,0,0
1652684400,0,0
1652688000,0,0
1652691600,0,0
1652695200,0,0
1652698800,0,0
1652702400,0,0
1652706000,0,0
1652709600,0,0
1652713200,0,0
1652716800,0,0
1652720400,0,0
1652724000,0,0
1652727600,0,0
1652731200,0,0
1652734800,0,0
1652738400,0,0
1652742000,0,0
1652745600,0,0
1652749200,0,0
1652752800,0,0
1652756400,0,0
1652760000,0,0
1652763600,0,0
1652767200,0,0
1652770800,0,0
1652774400,0,0
1652778000,0,0
1652781600,0,0
1652785200,0,0
1652788800,0,0
1652792400,0,0
1652796000,0,0
1652799600,0,0
1652803200,0,0
1652806800,0,0
1652810400,0,0
1652814000,0,0
1652817600,0,0
1652821200,0,0
1652824800,0,0
1652828400,0,0
1652832000,0,0
1652835600,0,0
1652839200,0,0
1652842800,0,0
1652846400,0,0
1652850000,0,0
1652853600,0,0
1652857200,0,0
1652860800,0,0
1652864400,0,0
1652868000,0,0
1652871600,0,0
1652875200,0,0
1652878800,0,0
1652882400,0,0
1652886000,0,0
1652889600,0,0
1652893200,0,0
1652896800,0,0
1652900400,0,0
1652904000,0,0
1652907600,0,0
1652911200,0,0
1652914800,0,0
1652918400,0,0
1652922000,0,0
1652925600,0,0
1652929200,0,0
1652932800,0,0
1652936400,0,0
1652940000,0,0
1652943600,0,0
1652947200,0,0
1652950800,0,0
1652954400,0,0
1652958000,0,0
1652961600,0,0
1652965200,0,0
1652968800,0,0
1652972400,0,0
1652976000,0,0
1652979600,0,0
1652983200,0,0
1652986800,0,0
1652990400,0,0
1652994000,0,0
1652997600,0,0
1653001200,0,0
1653004800,0,0
1653008400,0,0
1653012000,0,0
1653015600,0,0
1653019200,0,0
1653022800,0,0
1653026400,0,0
1653030000,0,0
1653033600,0,0
1653037200,0,0
1653040800,0,0
1653044400,0,0
1653048000,0,0
1653051600,0,0
1653055200,0,0
1653058800,0,0
1653062400,0,0
1653066000,0,0
1653069600,0,0
1653073200,0,0
1653076800,0,0
1653080400,0,0
1653084000,0,0
1653087600,0,0
1653091200,0,0
1653094800,0,0
1653098400,0,0
1653274800,0,0
1653278400,0,0
1653282000,0,0
1653285600,0,0
1653289200,0,0
1653292800,0,0
1653296400,0,0
1653300000,0,0
1653303600,0,0
1653307200,0,0
1653310800,0,0
1653314400,0,0
1653318000,0,0
1653321600,0,0
1653325200,0,0
1653328800,0,0
1653332400,0,0
1653336000,0,0
1653339600,0,0
1653343200,0,0
1653346800,0,0
1653350400,0,0
1653354000,0,0
1653357600,0,0
1653361200,0,0
1653364800,0,0
1653368400,0,0
1653372000,0,0
1653375600,0,0
1653379200,0,0
1653382800,0,0
1653386400,0,0
1653390000,0,0
1653393600,0,0
1653397200,0,0
1653400800,0,0
1653404400,0,0
1653408000,0,0
1653411600,0,0
1653415200,0,0
1653418800,0,0
1653422400,0,0
1653426000,0,0
1653429600,0,0
1653433200,0,0
1653436800,0,0
1653440400,0,0
1653444000,0,0
1653447600,0,0
1653451200,0,0
1653454800,0,0
1653458400,0,0
1653462000,0,0
1653465600,0,0
1653469200,0,0
1653472800,0,0
1653476400,0,0
1653480000,0,0
1653483600,0,0
1653487200,0,0
1653490800,0,0
1653494400,0,0
1653498000,0,0
1653501600,0,0
1653505200,0,0
1653508800,0,0
1653512400,0,0
1653516000,0,0
1653519600,0,0
1653523200,0,0
1653526800,0,0
1653530400,0,0
1653534000,0,0
1653537600,0,0
1653541200,0,0
1653544800,0,0
1653548400,0,0
1653552000,0,0
1653555600,0,0
1653559200,0,0
1653562800,0,0
1653566400,0,0
1653570000,0,0
1653573600,0,0
1653577200,0,0
1653580800,0,0
1653584400,0,0
1653588000,0,0
1653591600,0,0
1653595200,0,0
1653598800,0,0
1653602400,0,0
1653606000,0,0
1653609600,0,0
1653613200,0,0
1653616800,0,0
1653620400,0,0
1653624000,0,0
1653627600,0,0
1653631200,0,0
1653634800,0,0
1653638400,0,0
1653642000,0,0
1653645600,0,0
1653649200,0,0
1653652800,0,0
1653656400,0,0
1653660000,0,0
1653663600,0,0
1653667200,0,0
1653670800,0,0
1653674400,0,0
1653678000,0,0
1653681600,0,0
1653685200,0,0
1653688800,0,0
1653692400,0,0
1653696000,0,0
1653699600,0,0
1653703200,0,0
1653966000,0,0
1653969600,0,0
1653973200,0,0
1653976800,0,0
1653980400,0,0
1653984000,0,0
1653987600,0,0
1653991200,0,0
1653994800,0,0
1653998400,0,0
1654002000,0,0
1654005600,0,0
1654009200,0,0
1654012800,0,0
1654016400,0,0
1654020000,0,0
1654023600,0,0
1654027200,0,0
1654030800,0,0
1654034400,0,0
1654038000,0,0
1654041600,0,0
1654045200,0,0
1654048800,0,0
1654052400,0,0
1654056000,0,0
1654059600,0,0
1654063200,0,0
1654066800,0,0
1654070400,0,0
1654074000,0,0
1654077600,0,0
1654081200,0,0
1654084800,0,0
1654088400,0,0
1654092000,0,0
1654095600,0,0
1654099200,0,0
1654102800,0,0
1654106400,0,0
1654110000,0,0
1654113600,0,0
1654117200,0,0
1654120800,0,0
1654124400,0,0
1654128000,0,0
1654131600,0,0
1654135200,0,0
1654138800,0,0
1654142400,0,0
1654146000,0,0
1654149600,0,0
1654153200,0,0
1654156800,0,0
1654160400,0,0
1654164000,0,0
1654167600,0,0
1654171200,0,0
1654174800,0,0
1654178400,0,0
1654182000,0,0
1654185600,0,0
1654189200,0,0
1654192800,0,0
1654196400,0,0
1654200000,0,0
1654203600,0,0
1654207200,0,0
1654210800,0,0
1654214400,0,0
1654218000,0,0
1654221600,0,0
1654225200,0,0
1654228800,0,0
1654232400,0,0
1654236000,0,0
1654239600,0,0
1654243200,0,0
1654246800,0,0
1654250400,0,0
1654254000,0,0
1654257600,0,0
1654261200,0,0
1654264800,0,0
1654268400,0,0
1654272000,0,0
1654275600,0,0
1654279200,0,0
1654282800,0,0
1654286400,0,0
1654290000,0,0
1654293600,0,0
1654297200,0,0
1654300800,0,0
1654304400,0,0
1654308000,0,0
1654484400,0,0
1654488000,0,0
1654491600,0,0
1654495200,0,0
1654498800,0,0
1654502400,0,0
1654506000,0,0
1654509600,0,0
1654513200,0,0
1654516800,0,0
1654520400,0,0
1654524000,0,0
1654527600,0,0
1654531200,0,0
1654534800,0,0
1654538400,0,0
1654542000,0,0
1654545600,0,0
1654549200,0,0
1654552800,0,0
1654556400,0,0
1654560000,0,0
1654563600,0,0
1654567200,0,0
1654570800,0,0
1654574400,0,0
1654578000,0,0
1654581600,0,0
1654585200,0,0
1654588800,0,0
1654592400,0,0
1654596000,0,0
1654599600,0,0
1654603200,0,0
1654606800,0,0
1654610400,0,0
1654614000,0,0
1654617600,0,0
1654621200,0,0
1654624800,0,0
1654628400,0,0
1654632000,0,0
1654635600,0,0
1654639200,0,0
1654642800,0,0
1654646400,0,0
1654650000,0,0
1654653600,0,0
1654657200,0,0
1654660800,0,0
1654664400,0,0
1654668000,0,0
1654671600,0,0
1654675200,0,0
1654678800,0,0
1654682400,0,0
1654686000,0,0
1654689600,0,0
1654693200,0,0
1654696800,0,0
1654700400,0,0
1654704000,0,0
1654707600,0,0
1654711200,0,0
1654714800,0,0
1654718400,0,0
1654722000,0,0
1654725600,0,0
1654729200,0,0
1654732800,0,0
1654736400,0,0
1654740000,0,0
1654743600,0,0
1654747200,0,0
1654750800,0,0
1654754400,0,0
1654758000,0,0
1654761600,0,0
1654765200,0,0
1654768800,0,0
1654772400,0,0
1654776000,0,0
1654779600,0,0
1654783200,0,0
1654786800,0,0
1654790400,0,0
1654794000,0,0
1654797600,0,0
1654801200,0,0
1654804800,0,0
1654808400,0,0
1654812000,0,0
1654815600,0,0
1654819200,0,0
1654822800,0,0
1654826400,0,0
1654830000,0,0
1654833600,0,0
1654837200,0,0
1654840800,0,0
1654844400,0,0
1654848000,0,0
1654851600,0,0
1654855200,0,0
1654858800,0,0
1654862400,0,0
1654866000,0,0
1654869600,0,0
1654873200,0,0
1654876800,0,0
1654880400,0,0
1654884000,0,0
1654887600,0,0
1654891200,0,0
1654894800,0,0
1654898400,0,0
1654902000,0,0
1654905600,0,0
1654909200,0,0
1654912800,0,0
1655089200,0,0
1655092800,0,0
1655096400,0,0
1655100000,0,0
1655103600,0,0
1655107200,0,0
1655110800,0,0
1655114400,0,0
1655118000,0,0
1655121600,0,0
1655125200,0,0
1655128800,0,0
1655132400,0,0
1655136000,0,0
1655139600,0,0
1655143200,0,0
1655146800,0,0
1655150400,0,0
1655154000,0,0
1655157600,0,0
1655161200,0,0
1655164800,0,0
1655168400,0,0
1655172000,0,0
1655175600,0,0
1655179200,0,0
1655182800,0,0
1655186400,0,0
1655190000,0,0
1655193600,0,0
1655197200,0,0
1655200800,0,0
1655204400,0,0
1655208000,0,0
1655211600,0,0
1655215200,0,0
1655218800,0,0
1655222400,0,0
1655226000,0,0
1655229600,0,0
1655233200,0,0
1655236800,0,0
1655240400,0,0
1655244000,0,0
1655247600,0,0
1655251200,0,0
1655254800,0,0
1655258400,0,0
1655262000,0,0
1655265600,0,0
1655269200,0,0
1655272800,0,0
1655276400,0,0
1655280000,0,0
1655283600,0,0
1655287200,0,0
1655290800,0,0
1655294400,0,0
1655298000,0,0
1655301600,0,0
1655305200,0,0
1655308800,0,0
1655312400,0,0
1655316000,0,0
1655319600,0,0
1655323200,0,0
1655326800,0,0
1655330400,0,0
1655334000,0,0
1655337600,0,0
1655341200,0,0
1655344800,0,0
1655348400,0,0
1655352000,0,0
1655355600,0,0
1655359200,0,0
1655362800,0,0
1655366400,0,0
1655370000,0,0
1655373600,0,0
1655377200,0,0
1655380800,0,0
1655384400,0,0
1655388000,0,0
1655391600,0,0
1655395200,0,0
1655398800,0,0
1655402400,0,0
1655406000,0,0
1655409600,0,0
1655413200,0,0
1655416800,0,0
1655420400,0,0
1655424000,0,0
1655427600,0,0
1655431200,0,0
1655434800,0,0
1655438400,0,0
1655442000,0,0
1655445600,0,0
1655449200,0,0
1655452800,0,0
1655456400,0,0
1655460000,0,0
1655463600,0,0
1655467200,0,0
1655470800,0,0
1655474400,0,0
1655478000,0,0
1655481600,0,0
1655485200,0,0
1655488800,0,0
1655492400,0,0
1655496000,0,0
1655499600,0,0
1655503200,0,0
1655506800,0,0
1655510400,0,0
1655514000,0,0
1655517600,0,0
1655780400,0,0
1655784000,0,0
1655787600,0,0
1655791200,0,0
1655794800,0,0
1655798400,0,0
1655802000,0,0
1655805600,0,0
1655809200,0,0
1655812800,0,0
1655816400,0,0
1655820000,0,0
1655823600,0,0
1655827200,0,0
1655830800,0,0
1655834400,0,0
1655838000,0,0
1655841600,0,0
1655845200,0,0
1655848800,0,0
1655852400,0,0
1655856000,0,0
1655859600,0,0
1655863200,0,0
1655866800,0,0
1655870400,0,0
1655874000,0,0
1655877600,0,0
1655881200,0,0
1655884800,0,0
1655888400,0,0
1655892000,0,0
1655895600,0,0
1655899200,0,0
1655902800,0,0
1655906400,0,0
1655910000,0,0
1655913600,0,0
1655917200,0,0
1655920800,0,0
1655924400,0,0
1655928000,0,0
1655931600,0,0
1655935200,0,0
1655938800,0,0
1655942400,0,0
1655946000,0,0
1655949600,0,0
1655953200,0,0
1655956800,0,0
1655960400,0,0
1655964000,0,0
1655967600,0,0
1655971200,0,0
1655974800,0,0
1655978400,0,0
1655982000,0,0
1655985600,0,0
1655989200,0,0
1655992800,0,0
1655996400,0,0
1656000000,0,0
1656003600,0,0
1656007200,0,0
1656010800,0,0
1656014400,0,0
1656018000,0,0
1656021600,0,0
1656025200,0,0
1656028800,0,0
1656032400,0,0
1656036000,0,0
1656039600,0,0
1656043200,0,0
1656046800,0,0
1656050400,0,0
1656054000,0,0
1656057600,0,0
1656061200,0,0
1656064800,0,0
1656068400,0,0
1656072000,0,0
1656075600,0,0
1656079200,0,0
1656082800,0,0
1656086400,0,0
1656090000,0,0
1656093600,0,0
1656097200,0,0
1656100800,0,0
1656104400,0,0
1656108000,0,0
1656111600,0,0
1656115200,0,0
1656118800,0,0
1656122400,0,0
1656298800,0,0
1656302400,0,0
1656306000,0,0
1656309600,0,0
1656313200,0,0
1656316800,0,0
1656320400,0,0
1656324000,0,0
1656327600,0,0
1656331200,0,0
1656334800,0,0
1656338400,0,0
1656342000,0,0
1656345600,0,0
1656349200,0,0
1656352800,0,0
1656356400,0,0
1656360000,0,0
1656363600,0,0
1656367200,0,0
1656370800,0,0
1656374400,0,0
1656378000,0,0
1656381600,0,0
1656385200,0,0
1656388800,0,0
1656392400,0,0
1656396000,0,0
1656399600,0,0
1656403200,0,0
1656406800,0,0
1656410400,0,0
1656414000,0,0
1656417600,0,0
1656421200,0,0
1656424800,0,0
1656428400,0,0
1656432000,0,0
1656435600,0,0
1656439200,0,0
1656442800,0,0
1656446400,0,0
1656450000,0,0
1656453600,0,0
1656457200,0,0
1656460800,0,0
1656464400,0,0
1656468000,0,0
1656471600,0,0
1656475200,0,0
1656478800,0,0
1656482400,0,0
1656486000,0,0
1656489600,0,0
1656493200,0,0
1656496800,0,0
1656500400,0,0
1656504000,0,0
1656507600,0,0
1656511200,0,0
1656514800,0,0
1656518400,0,0
1656522000,0,0
1656525600,0,0
1656529200,0,0
1656532800,0,0
1656536400,0,0
1656540000,0,0
1656543600,0,0
1656547200,0,0
1656550800,0,0
1656554400,0,0
1656558000,0,0
1656561600,0,0
1656565200,0,0
1656568800,0,0
1656572400,0,0
1656576000,0,0
1656579600,0,0
1656583200,0,0
1656586800,0,0
1656590400,0,0
1656594000,0,0
1656597600,0,0
1656601200,0,0
1656604800,0,0
1656608400,0,0
1656612000,0,0
1656615600,0,0
1656619200,0,0
1656622800,0,0
1656626400,0,0
1656630000,0,0
1656633600,0,0
1656637200,0,0
1656640800,0,0
1656644400,0,0
1656648000,0,0
1656651600,0,0
1656655200,0,0
1656658800,0,0
1656662400,0,0
1656666000,0,0
1656669600,0,0
1656673200,0,0
1656676800,0,0
1656680400,0,0
1656684000,0,0
1656687600,0,0
1656691200,0,0
1656694800,0,0
1656698400,0,0
1656702000,0,0
1656705600,0,0
1656709200,0,0
1656712800,0,0
1656716400,0,0
1656720000,0,0
1656723600,0,0
1656727200,0,0
1656990000,0,0
1656993600,0,0
1656997200,0,0
1657000800,0,0
1657004400,0,0
1657008000,0,0
1657011600,0,0
1657015200,0,0
1657018800,0,0
1657022400,0,0
1657026000,0,0
1657029600,0,0
1657033200,0,0
1657036800,0,0
1657040400,0,0
1657044000,0,0
1657047600,0,0
1657051200,0,0
1657054800,0,0
1657058400,0,0
1657062000,0,0
1657065600,0,0
1657069200,0,0
1657072800,0,0
1657076400,0,0
1657080000,0,0
1657083600,0,0
1657087200,0,0
1657090800,0,0
1657094400,0,0
1657098000,0,0
1657101600,0,0
1657105200,0,0
1657108800,0,0
1657112400,0,0
1657116000,0,0
1657119600,0,0
1657123200,0,0
1657126800,0,0
1657130400,0,0
1657134000,0,0
1657137600,0,0
1657141200,0,0
1657144800,0,0
1657148400,0,0
1657152000,0,0
1657155600,0,0
1657159200,0,0
1657162800,0,0
1657166400,0,0
1657170000,0,0
1657173600,0,0
1657177200,0,0
1657180800,0,0
1657184400,0,0
1657188000,0,0
1657191600,0,0
1657195200,0,0
1657198800,0,0
1657202400,0,0
1657206000,0,0
1657209600,0,0
1657213200,0,0
1657216800,0,0
1657220400,0,0
1657224000,0,0
1657227600,0,0
1657231200,0,0
1657234800,0,0
1657238400,0,0
1657242000,0,0
1657245600,0,0
1657249200,0,0
1657252800,0,0
1657256400,0,0
1657260000,0,0
1657263600,0,0
1657267200,0,0
1657270800,0,0
1657274400,0,0
1657278000,0,0
1657281600,0,0
1657285200,0,0
1657288800,0,0
1657292400,0,0
1657296000,0,0
1657299600,0,0
1657303200,0,0
1657306800,0,0
1657310400,0,0
1657314000,0,0
1657317600,0,0
1657321200,0,0
1657324800,0,0
1657328400,0,0
1657332000,0,0
1657508400,0,0
1657512000,0,0
1657515600,0,0
1657519200,0,0
1657522800,0,0
1657526400,0,0
1657530000,0,0
1657533600,0,0
1657537200,0,0
1657540800,0,0
1657544400,0,0
1657548000,0,0
1657551600,0,0
1657555200,0,0
1657558800,0,0
1657562400,0,0
1657566000,0,0
1657569600,0,0
1657573200,0,0
1657576800,0,0
1657580400,0,0
1657584000,0,0
1657587600,0,0
1657591200,0,0
1657594800,0,0
1657598400,0,0
1657602000,0,0
1657605600,0,0
1657609200,0,0
1657612800,0,0
1657616400,0,0
1657620000,0,0
1657623600,0,0
1657627200,0,0
1657630800,0,0
1657634400,0,0
1657638000,0,0
1657641600,0,0
1657645200,0,0
1657648800,0,0
1657652400,0,0
1657656000,0,0
1657659600,0,0
1657663200,0,0
1657666800,0,0
1657670400,0,0
1657674000,0,0
1657677600,0,0
1657681200,0,0
1657684800,0,0
1657688400,0,0
1657692000,0,0
1657695600,0,0
1657699200,0,0
1657702800,0,0
1657706400,0,0
1657710000,0,0
1657713600,0,0
1657717200,0,0
1657720800,0,0
1657724400,0,0
1657728000,0,0
1657731600,0,0
1657735200,0,0
1657738800,0,0
1657742400,0,0
1657746000,0,0
1657749600,0,0
1657753200,0,0
1657756800,0,0
1657760400,0,0
1657764000,0,0
1657767600,0,0
1657771200,0,0
1657774800,0,0
1657778400,0,0
1657782000,0,0
1657785600,0,0
1657789200,0,0
1657792800,0,0
1657796400,0,0
1657800000,0,0
1657803600,0,0
1657807200,0,0
1657810800,0,0
1657814400,0,0
1657818000,0,0
1657821600,0,0
1657825200,0,0
1657828800,0,0
1657832400,0,0
1657836000,0,0
1657839600,0,0
1657843200,0,0
1657846800,0,0
1657850400,0,0
1657854000,0,0
1657857600,0,0
1657861200,0,0
1657864800,0,0
1657868400,0,0
1657872000,0,0
1657875600,0,0
1657879200,0,0
1657882800,0,0
1657886400,0,0
1657890000,0,0
1657893600,0,0
1657897200,0,0
1657900800,0,0
1657904400,0,0
1657908000,0,0
1657911600,0,0
1657915200,0,0
1657918800,0,0
1657922400,0,0
1657926000,0,0
1657929600,0,0
1657933200,0,0
1657936800,0,0
1658113200,0,0
1658116800,0,0
1658120400,0,0
1658124000,0,0
1658127600,0,0
1658131200,0,0
1658134800,0,0
1658138400,0,0
1658142000,0,0
1658145600,0,0
1658149200,0,0
1658152800,0,0
1658156400,0,0
1658160000,0,0
1658163600,0,0
1658167200,0,0
1658170800,0,0
1658174400,0,0
1658178000,0,0
1658181600,0,0
1658185200,0,0
1658188800,0,0
1658192400,0,0
1658196000,0,0
1658199600,0,0
1658203200,0,0
1658206800,0,0
1658210400,0,0
1658214000,0,0
1658217600,0,0
1658221200,0,0
1658224800,0,0
1658228400,0,0
1658232000,0,0
1658235600,0,0
1658239200,0,0
1658242800,0,0
1658246400,0,0
1658250000,0,0
1658253600,0,0
1658257200,0,0
1658260800,0,0
1658264400,0,0
1658268000,0,0
1658271600,0,0
1658275200,0,0
1658278800,0,0
1658282400,0,0
1658286000,0,0
1658289600,0,0
1658293200,0,0
1658296800,0,0
1658300400,0,0
1658304000,0,0
1658307600,0,0
1658311200,0,0
1658314800,0,0
1658318400,0,0
1658322000,0,0
1658325600,0,0
1658329200,0,0
1658332800,0,0
1658336400,0,0
1658340000,0,0
1658343600,0,0
1658347200,0,0
1658350800,0,0
1658354400,0,0
1658358000,0,0
1658361600,0,0
1658365200,0,0
1658368800,0,0
1658372400,0,0
1658376000,0,0
1658379600,0,0
1658383200,0,0
1658386800,0,0
1658390400,0,0
1658394000,0,0
1658397600,0,0
1658401200,0,0
1658404800,0,0
1658408400,0,0
1658412000,0,0
1658415600,0,0
1658419200,0,0
1658422800,0,0
1658426400,0,0
1658430000,0,0
1658433600,0,0
1658437200,0,0
1658440800,0,0
1658444400,0,0
1658448000,0,0
1658451600,0,0
1658455200,0,0
1658458800,0,0
1658462400,0,0
1658466000,0,0
1658469600,0,0
1658473200,0,0
1658476800,0,0
1658480400,0,0
1658484000,0,0
1658487600,0,0
1658491200,0,0
1658494800,0,0
1658498400,0,0
1658502000,0,0
1658505600,0,0
1658509200,0,0
1658512800,0,0
1658516400,0,0
1658520000,0,0
1658523600,0,0
1658527200,0,0
1658530800,0,0
1658534400,0,0
1658538000,0,0
1658541600,0,0
1658718000,0,0
1658721600,0,0
1658725200,0,0
1658728800,0,0
1658732400,0,0
1658736000,0,0
1658739600,0,0
1658743200,0,0
1658746800,0,0
1658750400,0,0
1658754000,0,0
1658757600,0,0
1658761200,0,0
1658764800,0,0
1658768400,0,0
1658772000,0,0
1658775600,0,0
1658779200,0,0
1658782800,0,0
1658786400,0,0
1658790000,0,0
1658793600,0,0
1658797200,0,0
1658800800,0,0
1658804400,0,0
1658808000,0,0
1658811600,0,0
1658815200,0,0
1658818800,0,0
1658822400,0,0
1658826000,0,0
1658829600,0,0
1658833200,0,0
1658836800,0,0
1658840400,0,0
1658844000,0,0
1658847600,0,0
1658851200,0,0
1658854800,0,0
1658858400,0,0
1658862000,0,0
1658865600,0,0
1658869200,0,0
1658872800,0,0
1658876400,0,0
1658880000,0,0
1658883600,0,0
1658887200,0,0
1658890800,0,0
1658894400,0,0
1658898000,0,0
1658901600,0,0
1658905200,0,0
1658908800,0,0
1658912400,0,0
1658916000,0,0
1658919600,0,0
1658923200,0,0
1658926800,0,0
1658930400,0,0
1658934000,0,0
1658937600,0,0
1658941200,0,0
1658944800,0,0
1658948400,0,0
1658952000,0,0
1658955600,0,0
1658959200,0,0
1658962800,0,0
1658966400,0,0
1658970000,0,0
1658973600,0,0
1658977200,0,0
1658980800,0,0
1658984400,0,0
1658988000,0,0
1658991600,0,0
1658995200,0,0
1658998800,0,0
1659002400,0,0
1659006000,0,0
1659009600,0,0
1659013200,0,0
1659016800,0,0
1659020400,0,0
1659024000,0,0
1659027600,0,0
1659031200,0,0
1659034800,0,0
1659038400,0,0
1659042000,0,0
1659045600,0,0
1659049200,0,0
1659052800,0,0
1659056400,0,0
1659060000,0,0
1659063600,0,0
1659067200,0,0
1659070800,0,0
1659074400,0,0
1659078000,0,0
1659081600,0,0
1659085200,0,0
1659088800,0,0
1659092400,0,0
1659096000,0,0
1659099600,0,0
1659103200,0,0
1659106800,0,0
1659110400,0,0
1659114000,0,0
1659117600,0,0
1659121200,0,0
1659124800,0,0
1659128400,0,0
1659132000,0,0
1659135600,0,0
1659139200,0,0
1659142800,0,0
1659146400,0,0
1659322800,0,0
1659326400,0,0
1659330000,0,0
1659333600,0,0
1659337200,0,0
1659340800,0,0
1659344400,0,0
1659348000,0,0
1659351600,0,0
1659355200,0,0
1659358800,0,0
1659362400,0,0
1659366000,0,0
1659369600,0,0
1659373200,0,0
1659376800,0,0
1659380400,0,0
1659384000,0,0
1659387600,0,0
1659391200,0,0
1659394800,0,0
1659398400,0,0
1659402000,0,0
1659405600,0,0
1659409200,0,0
1659412800,0,0
1659416400,0,0
1659420000,0,0
1659423600,0,0
1659427200,0,0
1659430800,0,0
1659434400,0,0
1659438000,0,0
1659441600,0,0
1659445200,0,0
1659448800,0,0
1659452400,0,0
1659456000,0,0
1659459600,0,0
1659463200,0,0
1659466800,0,0
1659470400,0,0
1659474000,0,0
1659477600,0,0
1659481200,0,0
1659484800,0,0
1659488400,0,0
1659492000,0,0
1659495600,0,0
1659499200,0,0
1659502800,0,0
1659506400,0,0
1659510000,0,0
1659513600,0,0
1659517200,0,0
1659520800,0,0
1659524400,0,0
1659528000,0,0
1659531600,0,0
1659535200,0,0
1659538800,0,0
1659542400,0,0
1659546000,0,0
1659549600,0,0
1659553200,0,0
1659556800,0,0
1659560400,0,0
1659564000,0,0
1659567600,0,0
1659571200,0,0
1659574800,0,0
1659578400,0,0
1659582000,0,0
1659585600,0,0
1659589200,0,0
1659592800,0,0
1659596400,0,0
1659600000,0,0
1659603600,0,0
1659607200,0,0
1659610800,0,0
1659614400,0,0
1659618000,0,0
1659621600,0,0
1659625200,0,0
1659628800,0,0
1659632400,0,0
1659636000,0,0
1659639600,0,0
1659643200,0,0
1659646800,0,0
1659650400,0,0
1659654000,0,0
1659657600,0,0
1659661200,0,0
1659664800,0,0
1659668400,0,0
1659672000,0,0
1659675600,0,0
1659679200,0,0
1659682800,0,0
1659686400,0,0
1659690000,0,0
1659693600,0,0
1659697200,0,0
1659700800,0,0
1659704400,0,0
1659708000,0,0
1659711600,0,0
1659715200,0,0
1659718800,0,0
1659722400,0,0
1659726000,0,0
1659729600,0,0
1659733200,0,0
1659736800,0,0
1659740400,0,0
1659744000,0,0
1659747600,0,0
1659751200,0,0
1659927600,0,0
1659931200,0,0
1659934800,0,0
1659938400,0,0
1659942000,0,0
1659945600,0,0
1659949200,0,0
1659952800,0,0
1659956400,0,0
1659960000,0,0
1659963600,0,0
1659967200,0,0
1659970800,0,0
1659974400,0,0
1659978000,0,0
1659981600,0,0
1659985200,0,0
1659988800,0,0
1659992400,0,0
1659996000,0,0
1659999600,0,0
1660003200,0,0
1660006800,0,0
1660010400,0,0
1660014000,0,0
1660017600,0,0
1660021200,0,0
1660024800,0,0
1660028400,0,0
1660032000,0,0
1660035600,0,0
1660039200,0,0
1660042800,0,0
1660046400,0,0
1660050000,0,0
1660053600,0,0
1660057200,0,0
1660060800,0,0
1660064400,0,0
1660068000,0,0
1660071600,0,0
1660075200,0,0
1660078800,0,0
1660082400,0,0
1660086000,0,0
1660089600,0,0
1660093200,0,0
1660096800,0,0
1660100400,0,0
1660104000,0,0
1660107600,0,0
1660111200,0,0
1660114800,0,0
1660118400,0,0
1660122000,0,0
1660125600,0,0
1660129200,0,0
1660132800,0,0
1660136400,0,0
1660140000,0,0
1660143600,0,0
1660147200,0,0
1660150800,0,0
1660154400,0,0
1660158000,0,0
1660161600,0,0
1660165200,0,0
1660168800,0,0
1660172400,0,0
1660176000,0,0
1660179600,0,0
1660183200,0,0
1660186800,0,0
1660190400,0,0
1660194000,0,0
1660197600,0,0
1660201200,0,0
1660204800,0,0
1660208400,0,0
1660212000,0,0
1660215600,0,0
1660219200,0,0
1660222800,0,0
1660226400,0,0
1660230000,0,0
1660233600,0,0
1660237200,0,0
1660240800,0,0
1660244400,0,0
1660248000,0,0
1660251600,0,0
1660255200,0,0
1660258800,0,0
1660262400,0,0
1660266000,0,0
1660269600,0,0
1660273200,0,0
1660276800,0,0
1660280400,0,0
1660284000,0,0
1660287600,0,0
1660291200,0,0
1660294800,0,0
1660298400,0,0
1660302000,0,0
1660305600,0,0
1660309200,0,0
1660312800,0,0
1660316400,0,0
1660320000,0,0
1660323600,0,0
1660327200,0,0
1660330800,0,0
1660334400,0,0
1660338000,0,0
1660341600,0,0
1660345200,0,0
1660348800,0,0
1660352400,0,0
1660356000,0,0
1660532400,0,0
1660536000,0,0
1660539600,0,0
1660543200,0,0
1660546800,0,0
1660550400,0,0
1660554000,0,0
1660557600,0,0
1660561200,0,0
1660564800,0,0
1660568400,0,0
1660572000,0,0
1660575600,0,0
1660579200,0,0
1660582800,0,0
1660586400,0,0
1660590000,0,0
1660593600,0,0
1660597200,0,0
1660600800,0,0
1660604400,0,0
1660608000,0,0
1660611600,0,0
1660615200,0,0
1660618800,0,0
1660622400,0,0
1660626000,0,0
1660629600,0,0
1660633200,0,0
1660636800,0,0
1660640400,0,0
1660644000,0,0
1660647600,0,0
1660651200,0,0
1660654800,0,0
1660658400,0,0
1660662000,0,0
1660665600,0,0
1660669200,0,0
1660672800,0,0
1660676400,0,0
1660680000,0,0
1660683600,0,0
1660687200,0,0
1660690800,0,0
1660694400,0,0
1660698000,0,0
1660701600,0,0
1660705200,0,0
1660708800,0,0
1660712400,0,0
1660716000,0,0
1660719600,0,0
1660723200,0,0
1660726800,0,0
1660730400,0,0
1660734000,0,0
1660737600,0,0
1660741200,0,0
1660744800,0,0
1660748400,0,0
1660752000,0,0
1660755600,0,0
1660759200,0,0
1660762800,0,0
1660766400,0,0
1660770000,0,0
1660773600,0,0
1660777200,0,0
1660780800,0,0
1660784400,0,0
1660788000,0,0
1660791600,0,0
1660795200,0,0
1660798800,0,0
1660802400,0,0
1660806000,0,0
1660809600,0,0
1660813200,0,0
1660816800,0,0
1660820400,0,0
1660824000,0,0
1660827600,0,0
1660831200,0,0
1660834800,0,0
1660838400,0,0
1660842000,0,0
1660845600,0,0
1660849200,0,0
1660852800,0,0
1660856400,0,0
1660860000,0,0
1660863600,0,0
1660867200,0,0
1660870800,0,0
1660874400,0,0
1660878000,0,0
1660881600,0,0
1660885200,0,0
1660888800,0,0
1660892400,0,0
1660896000,0,0
1660899600,0,0
1660903200,0,0
1660906800,0,0
1660910400,0,0
1660914000,0,0
1660917600,0,0
1660921200,0,0
1660924800,0,0
1660928400,0,0
1660932000,0,0
1660935600,0,0
1660939200,0,0
1660942800,0,0
1660946400,0,0
1660950000,0,0
1660953600,0,0
1660957200,0,0
1660960800,0,0
1661137200,0,0
1661140800,0,0
1661144400,0,0
1661148000,0,0
1661151600,0,0
1661155200,0,0
1661158800,0,0
1661162400,0,0
1661166000,0,0
1661169600,0,0
1661173200,0,0
1661176800,0,0
1661180400,0,0
1661184000,0,0
1661187600,0,0
1661191200,0,0
1661194800,0,0
1661198400,0,0
1661202000,0,0
1661205600,0,0
1661209200,0,0
1661212800,0,0
1661216400,0,0
1661220000,0,0
1661223600,0,0
1661227200,0,0
1661230800,0,0
1661234400,0,0
1661238000,0,0
1661241600,0,0
1661245200,0,0
1661248800,0,0
1661252400,0,0
1661256000,0,0
1661259600,0,0
1661263200,0,0
1661266800,0,0
1661270400,0,0
1661274000,0,0
1661277600,0,0
1661281200,0,0
1661284800,0,0
1661288400,0,0
1661292000,0,0
1661295600,0,0
1661299200,0,0
1661302800,0,0
1661306400,0,0
1661310000,0,0
1661313600,0,0
1661317200,0,0
1661320800,0,0
1661324400,0,0
1661328000,0,0
1661331600,0,0
1661335200,0,0
1661338800,0,0
1661342400,0,0
1661346000,0,0
1661349600,0,0
1661353200,0,0
1661356800,0,0
1661360400,0,0
1661364000,0,0
1661367600,0,0
1661371200,0,0
1661374800,0,0
1661378400,0,0
1661382000,0,0
1661385600,0,0
1661389200,0,0
1661392800,0,0
1661396400,0,0
1661400000,0,0
1661403600,0,0
1661407200,0,0
1661410800,0,0
1661414400,0,0
1661418000,0,0
1661421600,0,0
1661425200,0,0
1661428800,0,0
1661432400,0,0
1661436000,0,0
1661439600,0,0
1661443200,0,0
1661446800,0,0
1661450400,0,0
1661454000,0,0
1661457600,0,0
1661461200,0,0
1661464800,0,0
1661468400,0,0
1661472000,0,0
1661475600,0,0
1661479200,0,0
1661482800,0,0
1661486400,0,0
1661490000,0,0
1661493600,0,0
1661497200,0,0
1661500800,0,0
1661504400,0,0
1661508000,0,0
1661511600,0,0
1661515200,0,0
1661518800,0,0
1661522400,0,0
1661526000,0,0
1661529600,0,0
1661533200,0,0
1661536800,0,0
1661540400,0,0
1661544000,0,0
1661547600,0,0
1661551200,0,0
1661554800,0,0
1661558400,0,0
1661562000,0,0
1661565600,0,0
1661742000,0,0
1661745600,0,0
1661749200,0,0
1661752800,0,0
1661756400,0,0
1661760000,0,0
1661763600,0,0
1661767200,0,0
1661770800,0,0
1661774400,0,0
1661778000,0,0
1661781600,0,0
1661785200,0,0
1661788800,0,0
1661792400,0,0
1661796000,0,0
1661799600,0,0
1661803200,0,0
1661806800,0,0
1661810400,0,0
1661814000,0,0
1661817600,0,0
1661821200,0,0
1661824800,0,0
1661828400,0,0
1661832000,0,0
1661835600,0,0
1661839200,0,0
1661842800,0,0
1661846400,0,0
1661850000,0,0
1661853600,0,0
1661857200,0,0
1661860800,0,0
1661864400,0,0
1661868000,0,0
1661871600,0,0
1661875200,0,0
1661878800,0,0
1661882400,0,0
1661886000,0,0
1661889600,0,0
1661893200,0,0
1661896800,0,0
1661900400,0,0
1661904000,0,0
1661907600,0,0
1661911200,0,0
1661914800,0,0
1661918400,0,0
1661922000,0,0
1661925600,0,0
1661929200,0,0
1661932800,0,0
1661936400,0,0
1661940000,0,0
1661943600,0,0
1661947200,0,0
1661950800,0,0
1661954400,0,0
1661958000,0,0
1661961600,0,0
1661965200,0,0
1661968800,0,0
1661972400,0,0
1661976000,0,0
1661979600,0,0
1661983200,0,0
1661986800,0,0
1661990400,0,0
1661994000,0,0
1661997600,0,0
1662001200,0,0
1662004800,0,0
1662008400,0,0
1662012000,0,0
1662015600,0,0
1662019200,0,0
1662022800,0,0
1662026400,0,0
1662030000,0,0
1662033600,0,0
1662037200,0,0
1662040800,0,0
1662044400,0,0
1662048000,0,0
1662051600,0,0
1662055200,0,0
1662058800,0,0
1662062400,0,0
1662066000,0,0
1662069600,0,0
1662073200,0,0
1662076800,0,0
1662080400,0,0
1662084000,0,0
1662087600,0,0
1662091200,0,0
1662094800,0,0
1662098400,0,0
1662102000,0,0
1662105600,0,0
1662109200,0,0
1662112800,0,0
1662116400,0,0
1662120000,0,0
1662123600,0,0
1662127200,0,0
1662130800,0,0
1662134400,0,0
1662138000,0,0
1662141600,0,0
1662145200,0,0
1662148800,0,0
1662152400,0,0
1662156000,0,0
1662159600,0,0
1662163200,0,0
1662166800,0,0
1662170400,0,0
1662433200,0,0
1662436800,0,0
1662440400,0,0
1662444000,0,0
1662447600,0,0
1662451200,0,0
1662454800,0,0
1662458400,0,0
1662462000,0,0
1662465600,0,0
1662469200,0,0
1662472800,0,0
1662476400,0,0
1662480000,0,0
1662483600,0,0
1662487200,0,0
1662490800,0,0
1662494400,0,0
1662498000,0,0
1662501600,0,0
1662505200,0,0
1662508800,0,0
1662512400,0,0
1662516000,0,0
1662519600,0,0
1662523200,0,0
1662526800,0,0
1662530400,0,0
1662534000,0,0
1662537600,0,0
1662541200,0,0
1662544800,0,0
1662548400,0,0
1662552000,0,0
1662555600,0,0
1662559200,0,0
1662562800,0,0
1662566400,0,0
1662570000,0,0
1662573600,0,0
1662577200,0,0
1662580800,0,0
1662584400,0,0
1662588000,0,0
1662591600,0,0
1662595200,0,0
1662598800,0,0
1662602400,0,0
1662606000,0,0
1662609600,0,0
1662613200,0,0
1662616800,0,0
1662620400,0,0
1662624000,0,0
1662627600,0,0
1662631200,0,0
1662634800,0,0
1662638400,0,0
1662642000,0,0
1662645600,0,0
1662649200,0,0
1662652800,0,0
1662656400,0,0
1662660000,0,0
1662663600,0,0
1662667200,0,0
1662670800,0,0
1662674400,0,0
1662678000,0,0
1662681600,0,0
1662685200,0,0
1662688800,0,0
1662692400,0,0
1662696000,0,0
1662699600,0,0
1662703200,0,0
1662706800,0,0
1662710400,0,0
1662714000,0,0
1662717600,0,0
1662721200,0,0
1662724800,0,0
1662728400,0,0
1662732000,0,0
1662735600,0,0
1662739200,0,0
1662742800,0,0
1662746400,0,0
1662750000,0,0
1662753600,0,0
1662757200,0,0
1662760800,0,0
1662764400,0,0
1662768000,0,0
1662771600,0,0
1662775200,0,0
1662951600,0,0
1662955200,0,0
1662958800,0,0
1662962400,0,0
1662966000,0,0
1662969600,0,0
1662973200,0,0
1662976800,0,0
1662980400,0,0
1662984000,0,0
1662987600,0,0
1662991200,0,0
1662994800,0,0
1662998400,0,0
1663002000,0,0
1663005600,0,0
1663009200,0,0
1663012800,0,0
1663016400,0,0
1663020000,0,0
1663023600,0,0
1663027200,0,0
1663030800,0,0
1663034400,0,0
1663038000,0,0
1663041600,0,0
1663045200,0,0
1663048800,0,0
1663052400,0,0
1663056000,0,0
1663059600,0,0
1663063200,0,0
1663066800,0,0
1663070400,0,0
1663074000,0,0
1663077600,0,0
1663081200,0,0
1663084800,0,0
1663088400,0,0
1663092000,0,0
1663095600,0,0
1663099200,0,0
1663102800,0,0
1663106400,0,0
1663110000,0,0
1663113600,0,0
1663117200,0,0
1663120800,0,0
1663124400,0,0
1663128000,0,0
1663131600,0,0
1663135200,0,0
1663138800,0,0
1663142400,0,0
1663146000,0,0
1663149600,0,0
1663153200,0,0
1663156800,0,0
1663160400,0,0
1663164000,0,0
1663167600,0,0
1663171200,0,0
1663174800,0,0
1663178400,0,0
1663182000,0,0
1663185600,0,0
1663189200,0,0
1663192800,0,0
1663196400,0,0
1663200000,0,0
1663203600,0,0
1663207200,0,0
1663210800,0,0
1663214400,0,0
1663218000,0,0
1663221600,0,0
1663225200,0,0
1663228800,0,0
1663232400,0,0
1663236000,0,0
1663239600,0,0
1663243200,0,0
1663246800,0,0
1663250400,0,0
1663254000,0,0
1663257600,0,0
1663261200,0,0
1663264800,0,0
1663268400,0,0
1663272000,0,0
1663275600,0,0
1663279200,0,0
1663282800,0,0
1663286400,0,0
1663290000,0,0
1663293600,0,0
1663297200,0,0
1663300800,0,0
1663304400,0,0
1663308000,0,0
1663311600,0,0
1663315200,0,0
1663318800,0,0
1663322400,0,0
1663326000,0,0
1663329600,0,0
1663333200,0,0
1663336800,0,0
1663340400,0,0
1663344000,0,0
1663347600,0,0
1663351200,0,0
1663354800,0,0
1663358400,0,0
1663362000,0,0
1663365600,0,0
1663369200,0,0
1663372800,0,0
1663376400,0,0
1663380000,0,0
1663556400,0,0
1663560000,0,0
1663563600,0,0
1663567200,0,0
1663570800,0,0
1663574400,0,0
1663578000,0,0
1663581600,0,0
1663585200,0,0
1663588800,0,0
1663592400,0,0
1663596000,0,0
1663599600,0,0
1663603200,0,0
1663606800,0,0
1663610400,0,0
1663614000,0,0
1663617600,0,0
1663621200,0,0
1663624800,0,0
1663628400,0,0
1663632000,0,0
1663635600,0,0
1663639200,0,0
1663642800,0,0
1663646400,0,0
1663650000,0,0
1663653600,0,0
1663657200,0,0
1663660800,0,0
1663664400,0,0
1663668000,0,0
1663671600,0,0
1663675200,0,0
1663678800,0,0
1663682400,0,0
1663686000,0,0
1663689600,0,0
1663693200,0,0
1663696800,0,0
1663700400,0,0
1663704000,0,0
1663707600,0,0
1663711200,0,0
1663714800,0,0
1663718400,0,0
1663722000,0,0
1663725600,0,0
1663729200,0,0
1663732800,0,0
1663736400,0,0
1663740000,0,0
1663743600,0,0
1663747200,0,0
1663750800,0,0
1663754400,0,0
1663758000,0,0
1663761600,0,0
1663765200,0,0
1663768800,0,0
1663772400,0,0
1663776000,0,0
1663779600,0,0
1663783200,0,0
1663786800,0,0
1663790400,0,0
1663794000,0,0
1663797600,0,0
1663801200,0,0
1663804800,0,0
1663808400,0,0
1663812000,0,0
1663815600,0,0
1663819200,0,0
1663822800,0,0
1663826400,0,0
1663830000,0,0
1663833600,0,0
1663837200,0,0
1663840800,0,0
1663844400,0,0
1663848000,0,0
1663851600,0,0
1663855200,0,0
1663858800,0,0
1663862400,0,0
1663866000,0,0
1663869600,0,0
1663873200,0,0
1663876800,0,0
1663880400,0,0
1663884000,0,0
1663887600,0,0
1663891200,0,0
1663894800,0,0
1663898400,0,0
1663902000,0,0
1663905600,0,0
1663909200,0,0
1663912800,0,0
1663916400,0,0
1663920000,0,0
1663923600,0,0
1663927200,0,0
1663930800,0,0
1663934400,0,0
1663938000,0,0
1663941600,0,0
1663945200,0,0
1663948800,0,0
1663952400,0,0
1663956000,0,0
1663959600,0,0
1663963200,0,0
1663966800,0,0
1663970400,0,0
1663974000,0,0
1663977600,0,0
1663981200,0,0
1663984800,0,0
1664161200,0,0
1664164800,0,0
1664168400,0,0
1664172000,0,0
1664175600,0,0
1664179200,0,0
1664182800,0,0
1664186400,0,0
1664190000,0,0
1664193600,0,0
1664197200,0,0
1664200800,0,0
1664204400,0,0
1664208000,0,0
1664211600,0,0
1664215200,0,0
1664218800,0,0
1664222400,0,0
1664226000,0,0
1664229600,0,0
1664233200,0,0
1664236800,0,0
1664240400,0,0
1664244000,0,0
1664247600,0,0
1664251200,0,0
1664254800,0,0
1664258400,0,0
1664262000,0,0
1664265600,0,0
1664269200,0,0
1664272800,0,0
1664276400,0,0
1664280000,0,0
1664283600,0,0
1664287200,0,0
1664290800,0,0
1664294400,0,0
1664298000,0,0
1664301600,0,0
1664305200,0,0
1664308800,0,0
1664312400,0,0
1664316000,0,0
1664319600,0,0
1664323200,0,0
1664326800,0,0
1664330400,0,0
1664334000,0,0
1664337600,0,0
1664341200,0,0
1664344800,0,0
1664348400,0,0
1664352000,0,0
1664355600,0,0
1664359200,0,0
1664362800,0,0
1664366400,0,0
1664370000,0,0
1664373600,0,0
1664377200,0,0
1664380800,0,0
1664384400,0,0
1664388000,0,0
1664391600,0,0
1664395200,0,0
1664398800,0,0
1664402400,0,0
1664406000,0,0
1664409600,0,0
1664413200,0,0
1664416800,0,0
1664420400,0,0
1664424000,0,0
1664427600,0,0
1664431200,0,0
1664434800,0,0
1664438400,0,0
1664442000,0,0
1664445600,0,0
1664449200,0,0
1664452800,0,0
1664456400,0,0
1664460000,0,0
1664463600,0,0
1664467200,0,0
1664470800,0,0
1664474400,0,0
1664478000,0,0
1664481600,0,0
1664485200,0,0
1664488800,0,0
1664492400,0,0
1664496000,0,0
1664499600,0,0
1664503200,0,0
1664506800,0,0
1664510400,0,0
1664514000,0,0
1664517600,0,0
1664521200,0,0
1664524800,0,0
1664528400,0,0
1664532000,0,0
1664535600,0,0
1664539200,0,0
1664542800,0,0
1664546400,0,0
1664550000,0,0
1664553600,0,0
1664557200,0,0
1664560800,0,0
1664564400,0,0
1664568000,0,0
1664571600,0,0
1664575200,0,0
1664578800,0,0
1664582400,0,0
1664586000,0,0
1664589600,0,0
1664766000,0,0
1664769600,0,0
1664773200,0,0
1664776800,0,0
1664780400,0,0
1664784000,0,0
1664787600,0,0
1664791200,0,0
1664794800,0,0
1664798400,0,0
1664802000,0,0
1664805600,0,0
1664809200,0,0
1664812800,0,0
1664816400,0,0
1664820000,0,0
1664823600,0,0
1664827200,0,0
1664830800,0,0
1664834400,0,0
1664838000,0,0
1664841600,0,0
1664845200,0,0
1664848800,0,0
1664852400,0,0
1664856000,0,0
1664859600,0,0
1664863200,0,0
1664866800,0,0
1664870400,0,0
1664874000,0,0
1664877600,0,0
1664881200,0,0
1664884800,0,0
1664888400,0,0
1664892000,0,0
1664895600,0,0
1664899200,0,0
1664902800,0,0
1664906400,0,0
1664910000,0,0
1664913600,0,0
1664917200,0,0
1664920800,0,0
1664924400,0,0
1664928000,0,0
1664931600,0,0
1664935200,0,0
1664938800,0,0
1664942400,0,0
1664946000,0,0
1664949600,0,0
1664953200,0,0
1664956800,0,0
1664960400,0,0
1664964000,0,0
1664967600,0,0
1664971200,0,0
1664974800,0,0
1664978400,0,0
1664982000,0,0
1664985600,0,0
1664989200,0,0
1664992800,0,0
1664996400,0,0
1665000000,0,0
1665003600,0,0
1665007200,0,0
1665010800,0,0
1665014400,0,0
1665018000,0,0
1665021600,0,0
1665025200,0,0
1665028800,0,0
1665032400,0,0
1665036000,0,0
1665039600,0,0
1665043200,0,0
1665046800,0,0
1665050400,0,0
1665054000,0,0
1665057600,0,0
1665061200,0,0
1665064800,0,0
1665068400,0,0
1665072000,0,0
1665075600,0,0
1665079200,0,0
1665082800,0,0
1665086400,0,0
1665090000,0,0
1665093600,0,0
1665097200,0,0
1665100800,0,0
1665104400,0,0
1665108000,0,0
1665111600,0,0
1665115200,0,0
1665118800,0,0
1665122400,0,0
1665126000,0,0
1665129600,0,0
1665133200,0,0
1665136800,0,0
1665140400,0,0
1665144000,0,0
1665147600,0,0
1665151200,0,0
1665154800,0,0
1665158400,0,0
1665162000,0,0
1665165600,0,0
1665169200,0,0
1665172800,0,0
1665176400,0,0
1665180000,0,0
1665183600,0,0
1665187200,0,0
1665190800,0,0
1665194400,0,0
1665370800,0,0
1665374400,0,0
1665378000,0,0
1665381600,0,0
1665385200,0,0
1665388800,0,0
1665392400,0,0
1665396000,0,0
1665399600,0,0
1665403200,0,0
1665406800,0,0
1665410400,0,0
1665414000,0,0
1665417600,0,0
1665421200,0,0
1665424800,0,0
1665428400,0,0
1665432000,0,0
1665435600,0,0
1665439200,0,0
1665442800,0,0
1665446400,0,0
1665450000,0,0
1665453600,0,0
1665457200,0,0
1665460800,0,0
1665464400,0,0
1665468000,0,0
1665471600,0,0
1665475200,0,0
1665478800,0,0
1665482400,0,0
1665486000,0,0
1665489600,0,0
1665493200,0,0
1665496800,0,0
1665500400,0,0
1665504000,0,0
1665507600,0,0
1665511200,0,0
1665514800,0,0
1665518400,0,0
1665522000,0,0
1665525600,0,0
1665529200,0,0
1665532800,0,0
1665536400,0,0
1665540000,0,0
1665543600,0,0
1665547200,0,0
1665550800,0,0
1665554400,0,0
1665558000,0,0
1665561600,0,0
1665565200,0,0
1665568800,0,0
1665572400,0,0
1665576000,0,0
1665579600,0,0
1665583200,0,0
1665586800,0,0
1665590400,0,0
1665594000,0,0
1665597600,0,0
1665601200,0,0
1665604800,0,0
1665608400,0,0
1665612000,0,0
1665615600,0,0
1665619200,0,0
1665622800,0,0
1665626400,0,0
1665630000,0,0
1665633600,0,0
1665637200,0,0
1665640800,0,0
1665644400,0,0
1665648000,0,0
1665651600,0,0
1665655200,0,0
1665658800,0,0
1665662400,0,0
1665666000,0,0
1665669600,0,0
1665673200,0,0
1665676800,0,0
1665680400,0,0
1665684000,0,0
1665687600,0,0
1665691200,0,0
1665694800,0,0
1665698400,0,0
1665702000,0,0
1665705600,0,0
1665709200,0,0
1665712800,0,0
1665716400,0,0
1665720000,0,0
1665723600,0,0
1665727200,0,0
1665730800,0,0
1665734400,0,0
1665738000,0,0
1665741600,0,0
1665745200,0,0
1665748800,0,0
1665752400,0,0
1665756000,0,0
1665759600,0,0
1665763200,0,0
1665766800,0,0
1665770400,0,0
1665774000,0,0
1665777600,0,0
1665781200,0,0
1665784800,0,0
1665788400,0,0
1665792000,0,0
1665795600,0,0
1665799200,0,0
1665975600,0,0
1665979200,0,0
1665982800,0,0
1665986400,0,0
1665990000,0,0
1665993600,0,0
1665997200,0,0
1666000800,0,0
1666004400,0,0
1666008000,0,0
1666011600,0,0
1666015200,0,0
1666018800,0,0
1666022400,0,0
1666026000,0,0
1666029600,0,0
1666033200,0,0
1666036800,0,0
1666040400,0,0
1666044000,0,0
1666047600,0,0
1666051200,0,0
1666054800,0,0
1666058400,0,0
1666062000,0,0
1666065600,0,0
1666069200,0,0
1666072800,0,0
1666076400,0,0
1666080000,0,0
1666083600,0,0
1666087200,0,0
1666090800,0,0
1666094400,0,0
1666098000,0,0
1666101600,0,0
1666105200,0,0
1666108800,0,0
1666112400,0,0
1666116000,0,0
1666119600,0,0
1666123200,0,0
1666126800,0,0
1666130400,0,0
1666134000,0,0
1666137600,0,0
1666141200,0,0
1666144800,0,0
1666148400,0,0
1666152000,0,0
1666155600,0,0
1666159200,0,0
1666162800,0,0
1666166400,0,0
1666170000,0,0
1666173600,0,0
1666177200,0,0
1666180800,0,0
1666184400,0,0
1666188000,0,0
1666191600,0,0
1666195200,0,0
1666198800,0,0
1666202400,0,0
1666206000,0,0
1666209600,0,0
1666213200,0,0
1666216800,0,0
1666220400,0,0
1666224000,0,0
1666227600,0,0
1666231200,0,0
1666234800,0,0
1666238400,0,0
1666242000,0,0
1666245600,0,0
1666249200,0,0
1666252800,0,0
1666256400,0,0
1666260000,0,0
1666263600,0,0
1666267200,0,0
1666270800,0,0
1666274400,0,0
1666278000,0,0
1666281600,0,0
1666285200,0,0
1666288800,0,0
1666292400,0,0
1666296000,0,0
1666299600,0,0
1666303200,0,0
1666306800,0,0
1666310400,0,0
1666314000,0,0
1666317600,0,0
1666321200,0,0
1666324800,0,0
1666328400,0,0
1666332000,0,0
1666335600,0,0
1666339200,0,0
1666342800,0,0
1666346400,0,0
1666350000,0,0
1666353600,0,0
1666357200,0,0
1666360800,0,0
1666364400,0,0
1666368000,0,0
1666371600,0,0
1666375200,0,0
1666378800,0,0
1666382400,0,0
1666386000,0,0
1666389600,0,0
1666393200,0,0
1666396800,0,0
1666400400,0,0
1666404000,0,0
1666580400,0,0
1666584000,0,0
1666587600,0,0
1666591200,0,0
1666594800,0,0
1666598400,0,0
1666602000,0,0
1666605600,0,0
1666609200,0,0
1666612800,0,0
1666616400,0,0
1666620000,0,0
1666623600,0,0
1666627200,0,0
1666630800,0,0
1666634400,0,0
1666638000,0,0
1666641600,0,0
1666645200,0,0
1666648800,0,0
1666652400,0,0
1666656000,0,0
1666659600,0,0
1666663200,0,0
1666666800,0,0
1666670400,0,0
1666674000,0,0
1666677600,0,0
1666681200,0,0
1666684800,0,0
1666688400,0,0
1666692000,0,0
1666695600,0,0
1666699200,0,0
1666702800,0,0
1666706400,0,0
1666710000,0,0
1666713600,0,0
1666717200,0,0
1666720800,0,0
1666724400,0,0
1666728000,0,0
1666731600,0,0
1666735200,0,0
1666738800,0,0
1666742400,0,0
1666746000,0,0
1666749600,0,0
1666753200,0,0
1666756800,0,0
1666760400,0,0
1666764000,0,0
1666767600,0,0
1666771200,0,0
1666774800,0,0
1666778400,0,0
1666782000,0,0
1666785600,0,0
1666789200,0,0
1666792800,0,0
1666796400,0,0
1666800000,0,0
1666803600,0,0
1666807200,0,0
1666810800,0,0
1666814400,0,0
1666818000,0,0
1666821600,0,0
1666825200,0,0
1666828800,0,0
1666832400,0,0
1666836000,0,0
1666839600,0,0
1666843200,0,0
1666846800,0,0
1666850400,0,0
1666854000,0,0
1666857600,0,0
1666861200,0,0
1666864800,0,0
1666868400,0,0
1666872000,0,0
1666875600,0,0
1666879200,0,0
1666882800,0,0
1666886400,0,0
1666890000,0,0
1666893600,0,0
1666897200,0,0
1666900800,0,0
1666904400,0,0
1666908000,0,0
1666911600,0,0
1666915200,0,0
1666918800,0,0
1666922400,0,0
1666926000,0,0
1666929600,0,0
1666933200,0,0
1666936800,0,0
1666940400,0,0
1666944000,0,0
1666947600,0,0
1666951200,0,0
1666954800,0,0
1666958400,0,0
1666962000,0,0
1666965600,0,0
1666969200,0,0
1666972800,0,0
1666976400,0,0
1666980000,0,0
1666983600,0,0
1666987200,0,0
1666990800,0,0
1666994400,0,0
1666998000,0,0
1667001600,0,0
1667005200,0,0
1667008800,0,0
1667185200,0,0
1667188800,0,0
1667192400,0,0
1667196000,0,0
1667199600,0,0
1667203200,0,0
1667206800,0,0
1667210400,0,0
1667214000,0,0
1667217600,0,0
1667221200,0,0
1667224800,0,0
1667228400,0,0
1667232000,0,0
1667235600,0,0
1667239200,0,0
1667242800,0,0
1667246400,0,0
1667250000,0,0
1667253600,0,0
1667257200,0,0
1667260800,0,0
1667264400,0,0
1667268000,0,0
1667271600,0,0
1667275200,0,0
1667278800,0,0
1667282400,0,0
1667286000,0,0
1667289600,0,0
1667293200,0,0
1667296800,0,0
1667300400,0,0
1667304000,0,0
1667307600,0,0
1667311200,0,0
1667314800,0,0
1667318400,0,0
1667322000,0,0
1667325600,0,0
1667329200,0,0
1667332800,0,0
1667336400,0,0
1667340000,0,0
1667343600,0,0
1667347200,0,0
1667350800,0,0
1667354400,0,0
1667358000,0,0
1667361600,0,0
1667365200,0,0
1667368800,0,0
1667372400,0,0
1667376000,0,0
1667379600,0,0
1667383200,0,0
1667386800,0,0
1667390400,0,0
1667394000,0,0
1667397600,0,0
1667401200,0,0
1667404800,0,0
1667408400,0,0
1667412000,0,0
1667415600,0,0
1667419200,0,0
1667422800,0,0
1667426400,0,0
1667430000,0,0
1667433600,0,0
1667437200,0,0
1667440800,0,0
1667444400,0,0
1667448000,0,0
1667451600,0,0
1667455200,0,0
1667458800,0,0
1667462400,0,0
1667466000,0,0
1667469600,0,0
1667473200,0,0
1667476800,0,0
1667480400,0,0
1667484000,0,0
1667487600,0,0
1667491200,0,0
1667494800,0,0
1667498400,0,0
1667502000,0,0
1667505600,0,0
1667509200,0,0
1667512800,0,0
1667516400,0,0
1667520000,0,0
1667523600,0,0
1667527200,0,0
1667530800,0,0
1667534400,0,0
1667538000,0,0
1667541600,0,0
1667545200,0,0
1667548800,0,0
1667552400,0,0
1667556000,0,0
1667559600,0,0
1667563200,0,0
1667566800,0,0
1667570400,0,0
1667574000,0,0
1667577600,0,0
1667581200,0,0
1667584800,0,0
1667588400,0,0
1667592000,0,0
1667595600,0,0
1667599200,0,0
1667602800,0,0
1667606400,0,0
1667610000,0,0
1667613600,0,0
1667790000,0,0
1667793600,0,0
1667797200,0,0
1667800800,0,0
1667804400,0,0
1667808000,0,0
1667811600,0,0
1667815200,0,0
1667818800,0,0
1667822400,0,0
1667826000,0,0
1667829600,0,0
1667833200,0,0
1667836800,0,0
1667840400,0,0
1667844000,0,0
1667847600,0,0
1667851200,0,0
1667854800,0,0
1667858400,0,0
1667862000,0,0
1667865600,0,0
1667869200,0,0
1667872800,0,0
1667876400,2,1
1667880000,2,1
1667883600,2,1
1667887200,2,1
1667890800,2,1
1667894400,2,1
1667898000,2,1
1667901600,2,1
1667905200,2,1
1667908800,2,1
1667912400,2,1
1667916000,2,1
1667919600,2,1
1667923200,2,1
1667926800,2,1
1667930400,2,1
1667934000,2,1
1667937600,2,1
1667941200,2,1
1667944800,2,1
1667948400,2,1
1667952000,2,1
1667955600,2,1
1667959200,2,1
1667962800,2,1
1667966400,2,1
1667970000,2,1
1667973600,2,1
1667977200,2,1
1667980800,2,1
1667984400,2,1
1667988000,2,1
1667991600,2,1
1667995200,2,1
1667998800,2,1
1668002400,2,1
1668006000,2,1
1668009600,2,1
1668013200,2,1
1668016800,2,1
1668020400,2,1
1668024000,2,1
1668027600,2,1
1668031200,2,1
1668034800,2,1
1668038400,2,1
1668042000,2,1
1668045600,2,1
1668049200,2,1
1668052800,2,1
1668056400,2,1
1668060000,2,1
1668063600,2,1
1668067200,2,1
1668070800,2,1
1668074400,2,1
1668078000,2,1
1668081600,2,1
1668085200,2,1
1668088800,2,1
1668092400,2,1
1668096000,2,1
1668099600,2,1
1668103200,2,1
1668106800,2,1
1668110400,2,1
1668114000,2,1
1668117600,2,1
1668121200,2,1
1668124800,2,1
1668128400,2,1
1668132000,2,1
1668135600,2,1
1668139200,2,1
1668142800,2,1
1668146400,2,1
1668150000,2,1
1668153600,2,1
1668157200,2,1
1668160800,2,1
1668164400,2,1
1668168000,2,1
1668171600,2,1
1668175200,2,1
1668178800,2,1
1668182400,2,1
1668186000,2,1
1668189600,2,1
1668193200,2,1
1668196800,2,1
1668200400,2,1
1668204000,2,1
1668207600,2,1
1668211200,2,1
1668214800,2,1
1668218400,2,1
1668394800,2,1
1668398400,2,1
1668402000,2,1
1668405600,2,1
1668409200,2,1
1668412800,2,1
1668416400,2,1
1668420000,2,1
1668423600,2,1
1668427200,2,1
1668430800,2,1
1668434400,2,1
1668438000,2,1
1668441600,2,1
1668445200,2,1
1668448800,2,1
1668452400,2,1
1668456000,2,1
1668459600,2,1
1668463200,2,1
1668466800,2,1
1668470400,2,1
1668474000,2,1
1668477600,2,1
1668481200,2,1
1668484800,2,1
1668488400,2,1
1668492000,2,1
1668495600,2,1
1668499200,2,1
1668502800,2,1
1668506400,2,1
1668510000,2,1
1668513600,2,1
1668517200,2,1
1668520800,2,1
1668524400,2,1
1668528000,2,1
1668531600,2,1
1668535200,2,1
1668538800,2,1
1668542400,2,1
1668546000,2,1
1668549600,2,1
1668553200,2,1
1668556800,2,1
1668560400,2,1
1668564000,2,1
1668567600,2,1
1668571200,2,1
1668574800,2,1
1668578400,2,1
1668582000,2,1
1668585600,2,1
1668589200,2,1
1668592800,2,1
1668596400,2,1
1668600000,2,1
1668603600,2,1
1668607200,2,1
1668610800,2,1
1668614400,2,1
1668618000,2,1
1668621600,2,1
1668625200,2,1
1668628800,2,1
1668632400,2,1
1668636000,2,1
1668639600,2,1
1668643200,2,1
1668646800,2,1
1668650400,2,1
1668654000,2,1
1668657600,2,1
1668661200,2,1
1668664800,2,1
1668668400,2,1
1668672000,2,1
1668675600,2,1
1668679200,2,1
1668682800,2,1
1668686400,2,1
1668690000,2,1
1668693600,2,1
1668697200,2,1
1668700800,2,1
1668704400,2,1
1668708000,2,1
1668711600,2,1
1668715200,2,1
1668718800,2,1
1668722400,2,1
1668726000,2,1
1668729600,2,1
1668733200,2,1
1668736800,2,1
1668740400,2,1
1668744000,2,1
1668747600,2,1
1668751200,2,1
1668754800,2,1
1668758400,2,1
1668762000,2,1
1668765600,2,1
1668769200,2,1
1668772800,2,1
1668776400,2,1
1668780000,2,1
1668783600,2,1
1668787200,2,1
1668790800,2,1
1668794400,2,1
1668798000,2,1
1668801600,2,1
1668805200,2,1
1668808800,2,1
1668812400,2,1
1668816000,2,1
1668819600,2,1
1668823200,2,1
1668999600,2,1
1669003200,2,1
1669006800,2,1
1669010400,2,1
1669014000,2,1
1669017600,2,1
1669021200,2,1
1669024800,2,1
1669028400,2,1
1669032000,2,1
1669035600,2,1
1669039200,2,1
1669042800,2,1
1669046400,2,1
1669050000,2,1
1669053600,2,1
1669057200,2,1
1669060800,2,1
1669064400,2,1
1669068000,2,1
1669071600,2,1
1669075200,2,1
1669078800,2,1
1669082400,2,1
1669086000,2,1
1669089600,2,1
1669093200,2,1
1669096800,2,1
1669100400,2,1
1669104000,2,1
1669107600,2,1
1669111200,2,1
1669114800,2,1
1669118400,2,1
1669122000,2,1
1669125600,2,1
1669129200,2,1
1669132800,2,1
1669136400,2,1
1669140000,2,1
1669143600,2,1
1669147200,2,1
1669150800,2,1
1669154400,2,1
1669158000,2,1
1669161600,2,1
1669165200,2,1
1669168800,2,1
1669172400,2,1
1669176000,2,1
1669179600,2,1
1669183200,2,1
1669186800,2,1
1669190400,2,1
1669194000,2,1
1669197600,2,1
1669201200,2,1
1669204800,2,1
1669208400,2,1
1669212000,2,1
1669215600,2,1
1669219200,2,1
1669222800,2,1
1669226400,2,1
1669230000,2,1
1669233600,2,1
1669237200,2,1
1669240800,2,1
1669244400,2,1
1669248000,2,1
1669251600,2,1
1669255200,2,1
1669345200,2,1
1669348800,2,1
1669352400,2,1
1669356000,2,1
1669359600,2,1
1669363200,2,1
1669366800,2,1
1669370400,2,1
1669374000,2,1
1669377600,2,1
1669381200,2,1
1669384800,2,1
1669388400,2,1
1669392000,2,1
1669395600,2,1
1669399200,2,1
1669402800,2,1
1669406400,2,1
1669410000,2,1
1669413600,2,1
1669417200,2,1
1669420800,2,1
1669424400,2,1
1669428000,2,1
1669604400,2,1
1669608000,2,1
1669611600,2,1
1669615200,2,1
1669618800,2,1
1669622400,2,1
1669626000,2,1
1669629600,2,1
1669633200,2,1
1669636800,2,1
1669640400,2,1
1669644000,2,1
1669647600,2,1
1669651200,2,1
1669654800,2,1
1669658400,2,1
1669662000,2,1
1669665600,2,1
1669669200,2,1
1669672800,2,1
1669676400,2,1
1669680000,2,1
1669683600,2,1
1669687200,2,1
1669690800,2,1
1669694400,2,1
1669698000,2,1
1669701600,2,1
1669705200,2,1
1669708800,2,1
1669712400,2,1
1669716000,2,1
1669719600,2,1
1669723200,2,1
1669726800,2,1
1669730400,2,1
1669734000,2,1
1669737600,2,1
1669741200,2,1
1669744800,2,1
1669748400,2,1
1669752000,2,1
1669755600,2,1
1669759200,2,1
1669762800,2,1
1669766400,2,1
1669770000,2,1
1669773600,2,1
1669777200,2,1
1669780800,2,1
1669784400,2,1
1669788000,2,1
1669791600,2,1
1669795200,2,1
1669798800,2,1
1669802400,2,1
1669806000,2,1
1669809600,2,1
1669813200,2,1
1669816800,2,1
1669820400,2,1
1669824000,2,1
1669827600,2,1
1669831200,2,1
1669834800,2,1
1669838400,2,1
1669842000,2,1
1669845600,2,1
1669849200,2,1
1669852800,2,1
1669856400,2,1
1669860000,2,1
1669863600,2,1
1669867200,2,1
1669870800,2,1
1669874400,2,1
1669878000,2,1
1669881600,2,1
1669885200,2,1
1669888800,2,1
1669892400,2,1
1669896000,2,1
1669899600,2,1
1669903200,2,1
1669906800,2,1
1669910400,2,1
1669914000,2,1
1669917600,2,1
1669921200,2,1
1669924800,2,1
1669928400,2,1
1669932000,2,1
1669935600,2,1
1669939200,2,1
1669942800,2,1
1669946400,2,1
1669950000,2,1
1669953600,2,1
1669957200,2,1
1669960800,2,1
1669964400,2,1
1669968000,2,1
1669971600,2,1
1669975200,2,1
1669978800,2,1
1669982400,2,1
1669986000,2,1
1669989600,2,1
1669993200,2,1
1669996800,2,1
1670000400,2,1
1670004000,2,1
1670007600,2,1
1670011200,2,1
1670014800,2,1
1670018400,2,1
1670022000,2,1
1670025600,2,1
1670029200,2,1
1670032800,2,1
1670209200,2,1
1670212800,2,1
1670216400,2,1
1670220000,2,1
1670223600,2,1
1670227200,2,1
1670230800,2,1
1670234400,2,1
1670238000,2,1
1670241600,2,1
1670245200,2,1
1670248800,2,1
1670252400,2,1
1670256000,2,1
1670259600,2,1
1670263200,2,1
1670266800,2,1
1670270400,2,1
1670274000,2,1
1670277600,2,1
1670281200,2,1
1670284800,2,1
1670288400,2,1
1670292000,2,1
1670295600,2,1
1670299200,2,1
1670302800,2,1
1670306400,2,1
1670310000,2,1
1670313600,2,1
1670317200,2,1
1670320800,2,1
1670324400,2,1
1670328000,2,1
1670331600,2,1
1670335200,2,1
1670338800,2,1
1670342400,2,1
1670346000,2,1
1670349600,2,1
1670353200,2,1
1670356800,2,1
1670360400,2,1
1670364000,2,1
1670367600,2,1
1670371200,2,1
1670374800,2,1
1670378400,2,1
1670382000,2,1
1670385600,2,1
1670389200,2,1
1670392800,2,1
1670396400,2,1
1670400000,2,1
1670403600,2,1
1670407200,2,1
1670410800,2,1
1670414400,2,1
1670418000,2,1
1670421600,2,1
1670425200,2,1
1670428800,2,1
1670432400,2,1
1670436000,2,1
1670439600,2,1
1670443200,2,1
1670446800,2,1
1670450400,2,1
1670454000,2,1
1670457600,2,1
1670461200,2,1
1670464800,2,1
1670468400,2,1
1670472000,2,1
1670475600,2,1
1670479200,2,1
1670482800,2,1
1670486400,2,1
1670490000,2,1
1670493600,2,1
1670497200,2,1
1670500800,2,1
1670504400,2,1
1670508000,2,1
1670511600,2,1
1670515200,2,1
1670518800,2,1
1670522400,2,1
1670526000,2,1
1670529600,2,1
1670533200,2,1
1670536800,2,1
1670540400,2,1
1670544000,2,1
1670547600,2,1
1670551200,2,1
1670554800,2,1
1670558400,2,1
1670562000,2,1
1670565600,2,1
1670569200,2,1
1670572800,2,1
1670576400,2,1
1670580000,2,1
1670583600,2,1
1670587200,2,1
1670590800,2,1
1670594400,2,1
1670598000,2,1
1670601600,2,1
1670605200,2,1
1670608800,2,1
1670612400,2,1
1670616000,2,1
1670619600,2,1
1670623200,2,1
1670626800,2,1
1670630400,2,1
1670634000,2,1
1670637600,2,1
1670814000,2,1
1670817600,2,1
1670821200,2,1
1670824800,2,1
1670828400,2,1
1670832000,2,1
1670835600,2,1
1670839200,2,1
1670842800,2,1
1670846400,2,1
1670850000,2,1
1670853600,2,1
1670857200,2,1
1670860800,2,1
1670864400,2,1
1670868000,2,1
1670871600,2,1
1670875200,2,1
1670878800,2,1
1670882400,2,1
1670886000,2,1
1670889600,2,1
1670893200,2,1
1670896800,2,1
1670900400,2,1
1670904000,2,1
1670907600,2,1
1670911200,2,1
1670914800,2,1
1670918400,2,1
1670922000,2,1
1670925600,2,1
1670929200,2,1
1670932800,2,1
1670936400,2,1
1670940000,2,1
1670943600,2,1
1670947200,2,1
1670950800,2,1
1670954400,2,1
1670958000,2,1
1670961600,2,1
1670965200,2,1
1670968800,2,1
1670972400,2,1
1670976000,2,1
1670979600,2,1
1670983200,2,1
1670986800,2,1
1670990400,2,1
1670994000,2,1
1670997600,2,1
1671001200,2,1
1671004800,2,1
1671008400,2,1
1671012000,2,1
1671015600,2,1
1671019200,2,1
1671022800,2,1
1671026400,2,1
1671030000,2,1
1671033600,2,1
1671037200,2,1
1671040800,2,1
1671044400,2,1
1671048000,2,1
1671051600,2,1
1671055200,2,1
1671058800,2,1
1671062400,2,1
1671066000,2,1
1671069600,2,1
1671073200,2,1
1671076800,2,1
1671080400,2,1
1671084000,2,1
1671087600,2,1
1671091200,2,1
1671094800,2,1
1671098400,2,1
1671102000,2,1
1671105600,2,1
1671109200,2,1
1671112800,2,1
1671116400,2,1
1671120000,2,1
1671123600,2,1
1671127200,2,1
1671130800,2,1
1671134400,2,1
1671138000,2,1
1671141600,2,1
1671145200,2,1
1671148800,2,1
1671152400,2,1
1671156000,2,1
1671159600,2,1
1671163200,2,1
1671166800,2,1
1671170400,2,1
1671174000,2,1
1671177600,2,1
1671181200,2,1
1671184800,2,1
1671188400,2,1
1671192000,2,1
1671195600,2,1
1671199200,2,1
1671202800,2,1
1671206400,2,1
1671210000,2,1
1671213600,2,1
1671217200,2,1
1671220800,2,1
1671224400,2,1
1671228000,2,1
1671231600,2,1
1671235200,2,1
1671238800,2,1
1671242400,2,1
1671418800,2,1
1671422400,2,1
1671426000,2,1
1671429600,2,1
1671433200,2,1
1671436800,2,1
1671440400,2,1
1671444000,2,1
1671447600,2,1
1671451200,2,1
1671454800,2,1
1671458400,2,1
1671462000,2,1
1671465600,2,1
1671469200,2,1
1671472800,2,1
1671476400,2,1
1671480000,2,1
1671483600,2,1
1671487200,2,1
1671490800,2,1
1671494400,2,1
1671498000,2,1
1671501600,2,1
1671505200,2,1
1671508800,2,1
1671512400,2,1
1671516000,2,1
1671519600,2,1
1671523200,2,1
1671526800,2,1
1671530400,2,1
1671534000,2,1
1671537600,2,1
1671541200,2,1
1671544800,2,1
1671548400,2,1
1671552000,2,1
1671555600,2,1
1671559200,2,1
1671562800,2,1
1671566400,2,1
1671570000,2,1
1671573600,2,1
1671577200,2,1
1671580800,2,1
1671584400,2,1
1671588000,2,1
1671591600,2,1
1671595200,2,1
1671598800,2,1
1671602400,2,1
1671606000,2,1
1671609600,2,1
1671613200,2,1
1671616800,2,1
1671620400,2,1
1671624000,2,1
1671627600,2,1
1671631200,2,1
1671634800,2,1
1671638400,2,1
1671642000,2,1
1671645600,2,1
1671649200,2,1
1671652800,2,1
1671656400,2,1
1671660000,2,1
1671663600,2,1
1671667200,2,1
1671670800,2,1
1671674400,2,1
1671678000,2,1
1671681600,2,1
1671685200,2,1
1671688800,2,1
1671692400,2,1
1671696000,2,1
1671699600,2,1
1671703200,2,1
1671706800,2,1
1671710400,2,1
1671714000,2,1
1671717600,2,1
1671721200,2,1
1671724800,2,1
1671728400,2,1
1671732000,2,1
1671735600,2,1
1671739200,2,1
1671742800,2,1
1671746400,2,1
1671750000,2,1
1671753600,2,1
1671757200,2,1
1671760800,2,1
1671764400,2,1
1671768000,2,1
1671771600,2,1
1671775200,2,1
1671778800,2,1
1671782400,2,1
1671786000,2,1
1671789600,2,1
1671793200,2,1
1671796800,2,1
1671800400,2,1
1671804000,2,1
1671807600,2,1
1671811200,2,1
1671814800,2,1
1671818400,2,1
1671822000,2,1
1671825600,2,1
1671829200,2,1
1671832800,2,1
1671836400,2,1
1671840000,2,1
1671843600,2,1
1671847200,2,1
1672110000,2,1
1672113600,2,1
1672117200,2,1
1672120800,2,1
1672124400,2,1
1672128000,2,1
1672131600,2,1
1672135200,2,1
1672138800,2,1
1672142400,2,1
1672146000,2,1
1672149600,2,1
1672153200,2,1
1672156800,2,1
1672160400,2,1
1672164000,2,1
1672167600,2,1
1672171200,2,1
1672174800,2,1
1672178400,2,1
1672182000,2,1
1672185600,2,1
1672189200,2,1
1672192800,2,1
1672196400,2,1
1672200000,2,1
1672203600,2,1
1672207200,2,1
1672210800,2,1
1672214400,2,1
1672218000,2,1
1672221600,2,1
1672225200,2,1
1672228800,2,1
1672232400,2,1
1672236000,2,1
1672239600,2,1
1672243200,2,1
1672246800,2,1
1672250400,2,1
1672254000,2,1
1672257600,2,1
1672261200,2,1
1672264800,2,1
1672268400,2,1
1672272000,2,1
1672275600,2,1
1672279200,2,1
1672282800,2,1
1672286400,2,1
1672290000,2,1
1672293600,2,1
1672297200,2,1
1672300800,2,1
1672304400,2,1
1672308000,2,1
1672311600,2,1
1672315200,2,1
1672318800,2,1
1672322400,2,1
1672326000,2,1
1672329600,2,1
1672333200,2,1
1672336800,2,1
1672340400,2,1
1672344000,2,1
1672347600,2,1
1672351200,2,1
1672354800,2,1
1672358400,2,1
1672362000,2,1
1672365600,2,1
1672369200,2,1
1672372800,2,1
1672376400,2,1
1672380000,2,1
1672383600,2,1
1672387200,2,1
1672390800,2,1
1672394400,2,1
1672398000,2,1
1672401600,2,1
1672405200,2,1
1672408800,2,1
1672412400,2,1
1672416000,2,1
1672419600,2,1
1672423200,2,1
1672426800,2,1
1672430400,2,1
1672434000,2,1
1672437600,2,1
1672441200,2,1
1672444800,2,1
1672448400,2,1
1672452000,2,1
1672714800,2,1
1672718400,2,1
1672722000,2,1
1672725600,2,1
1672729200,2,1
1672732800,2,1
1672736400,2,1
1672740000,2,1
1672743600,2,1
1672747200,2,1
1672750800,2,1
1672754400,2,1
1672758000,2,1
1672761600,2,1
1672765200,2,1
1672768800,2,1
1672772400,2,1
1672776000,2,1
1672779600,2,1
1672783200,2,1
1672786800,2,1
1672790400,2,1
1672794000,2,1
1672797600,2,1
1672801200,2,1
1672804800,2,1
1672808400,2,1
1672812000,2,1
1672815600,2,1
1672819200,2,1
1672822800,2,1
1672826400,2,1
1672830000,2,1
1672833600,2,1
1672837200,2,1
1672840800,2,1
1672844400,2,1
1672848000,2,1
1672851600,2,1
1672855200,2,1
1672858800,2,1
1672862400,2,1
1672866000,2,1
1672869600,2,1
1672873200,2,1
1672876800,2,1
1672880400,2,1
1672884000,2,1
1672887600,2,1
1672891200,2,1
1672894800,2,1
1672898400,2,1
1672902000,2,1
1672905600,2,1
1672909200,2,1
1672912800,2,1
1672916400,2,1
1672920000,2,1
1672923600,2,1
1672927200,2,1
1672930800,2,1
1672934400,2,1
1672938000,2,1
1672941600,2,1
1672945200,2,1
1672948800,2,1
1672952400,2,1
1672956000,2,1
1672959600,2,1
1672963200,2,1
1672966800,2,1
1672970400,2,1
1672974000,2,1
1672977600,2,1
1672981200,2,1
1672984800,2,1
1672988400,2,1
1672992000,2,1
1672995600,2,1
1672999200,2,1
1673002800,2,1
1673006400,2,1
1673010000,2,1
1673013600,2,1
1673017200,2,1
1673020800,2,1
1673024400,2,1
1673028000,2,1
1673031600,2,1
1673035200,2,1
1673038800,2,1
1673042400,2,1
1673046000,2,1
1673049600,2,1
1673053200,2,1
1673056800,2,1
1673233200,2,1
1673236800,2,1
1673240400,2,1
1673244000,2,1
1673247600,2,1
1673251200,2,1
1673254800,2,1
1673258400,2,1
1673262000,2,1
1673265600,2,1
1673269200,2,1
1673272800,2,1
1673276400,2,1
1673280000,2,1
1673283600,2,1
1673287200,2,1
1673290800,2,1
1673294400,2,1
1673298000,2,1
1673301600,2,1
1673305200,2,1
1673308800,2,1
1673312400,2,1
1673316000,2,1
1673319600,2,1
1673323200,2,1
1673326800,2,1
1673330400,2,1
1673334000,2,1
1673337600,2,1
1673341200,2,1
1673344800,2,1
1673348400,2,1
1673352000,2,1
1673355600,2,1
1673359200,2,1
1673362800,2,1
1673366400,2,1
1673370000,2,1
1673373600,2,1
1673377200,2,1
1673380800,2,1
1673384400,2,1
1673388000,2,1
1673391600,2,1
1673395200,2,1
1673398800,2,1
1673402400,2,1
1673406000,2,1
1673409600,2,1
1673413200,2,1
1673416800,2,1
1673420400,2,1
1673424000,2,1
1673427600,2,1
1673431200,2,1
1673434800,2,1
1673438400,2,1
1673442000,2,1
1673445600,2,1
1673449200,2,1
1673452800,2,1
1673456400,2,1
1673460000,2,1
1673463600,2,1
1673467200,2,1
1673470800,2,1
1673474400,2,1
1673478000,2,1
1673481600,2,1
1673485200,2,1
1673488800,2,1
1673492400,2,1
1673496000,2,1
1673499600,2,1
1673503200,2,1
1673506800,2,1
1673510400,2,1
1673514000,2,1
1673517600,2,1
1673521200,2,1
1673524800,2,1
1673528400,2,1
1673532000,2,1
1673535600,2,1
1673539200,2,1
1673542800,2,1
1673546400,2,1
1673550000,2,1
1673553600,2,1
1673557200,2,1
1673560800,2,1
1673564400,2,1
1673568000,2,1
1673571600,2,1
1673575200,2,1
1673578800,2,1
1673582400,2,1
1673586000,2,1
1673589600,2,1
1673593200,2,1
1673596800,2,1
1673600400,2,1
1673604000,2,1
1673607600,2,1
1673611200,2,1
1673614800,2,1
1673618400,2,1
1673622000,2,1
1673625600,2,1
1673629200,2,1
1673632800,2,1
1673636400,2,1
1673640000,2,1
1673643600,2,1
1673647200,2,1
1673650800,2,1
1673654400,2,1
1673658000,2,1
1673661600,2,1
1673924400,2,1
1673928000,2,1
1673931600,2,1
1673935200,2,1
1673938800,2,1
1673942400,2,1
1673946000,2,1
1673949600,2,1
1673953200,2,1
1673956800,2,1
1673960400,2,1
1673964000,2,1
1673967600,2,1
1673971200,2,1
1673974800,2,1
1673978400,2,1
1673982000,2,1
1673985600,2,1
1673989200,2,1
1673992800,2,1
1673996400,2,1
1674000000,2,1
1674003600,2,1
1674007200,2,1
1674010800,2,1
1674014400,2,1
1674018000,2,1
1674021600,2,1
1674025200,2,1
1674028800,2,1
1674032400,2,1
1674036000,2,1
1674039600,2,1
1674043200,2,1
1674046800,2,1
1674050400,2,1
1674054000,2,1
1674057600,2,1
1674061200,2,1
1674064800,2,1
1674068400,2,1
1674072000,2,1
1674075600,2,1
1674079200,2,1
1674082800,2,1
1674086400,2,1
1674090000,2,1
1674093600,2,1
1674097200,2,1
1674100800,2,1
1674104400,2,1
1674108000,2,1
1674111600,2,1
1674115200,2,1
1674118800,2,1
1674122400,2,1
1674126000,2,1
1674129600,2,1
1674133200,2,1
1674136800,2,1
1674140400,2,1
1674144000,2,1
1674147600,2,1
1674151200,2,1
1674154800,2,1
1674158400,2,1
1674162000,2,1
1674165600,2,1
1674169200,2,1
1674172800,2,1
1674176400,2,1
1674180000,2,1
1674183600,2,1
1674187200,2,1
1674190800,2,1
1674194400,2,1
1674198000,2,1
1674201600,2,1
1674205200,2,1
1674208800,2,1
1674212400,2,1
1674216000,2,1
1674219600,2,1
1674223200,2,1
1674226800,2,1
1674230400,2,1
1674234000,2,1
1674237600,2,1
1674241200,2,1
1674244800,2,1
1674248400,2,1
1674252000,2,1
1674255600,2,1
1674259200,2,1
1674262800,2,1
1674266400,2,1
1674442800,2,1
1674446400,2,1
1674450000,2,1
1674453600,2,1
1674457200,2,1
1674460800,2,1
1674464400,2,1
1674468000,2,1
1674471600,2,1
1674475200,2,1
1674478800,2,1
1674482400,2,1
1674486000,2,1
1674489600,2,1
1674493200,2,1
1674496800,2,1
1674500400,2,1
1674504000,2,1
1674507600,2,1
1674511200,2,1
1674514800,2,1
1674518400,2,1
1674522000,2,1
1674525600,2,1
1674529200,2,1
1674532800,2,1
1674536400,2,1
1674540000,2,1
1674543600,2,1
1674547200,2,1
1674550800,2,1
1674554400,2,1
1674558000,2,1
1674561600,2,1
1674565200,2,1
1674568800,2,1
1674572400,2,1
1674576000,2,1
1674579600,2,1
1674583200,2,1
1674586800,2,1
1674590400,2,1
1674594000,2,1
1674597600,2,1
1674601200,2,1
1674604800,2,1
1674608400,2,1
1674612000,2,1
1674615600,2,1
1674619200,2,1
1674622800,2,1
1674626400,2,1
1674630000,2,1
1674633600,2,1
1674637200,2,1
1674640800,2,1
1674644400,2,1
1674648000,2,1
1674651600,2,1
1674655200,2,1
1674658800,2,1
1674662400,2,1
1674666000,2,1
1674669600,2,1
1674673200,2,1
1674676800,2,1
1674680400,2,1
1674684000,2,1
1674687600,2,1
1674691200,2,1
1674694800,2,1
1674698400,2,1
1674702000,2,1
1674705600,2,1
1674709200,2,1
1674712800,2,1
1674716400,2,1
1674720000,2,1
1674723600,2,1
1674727200,2,1
1674730800,2,1
1674734400,2,1
1674738000,2,1
1674741600,2,1
1674745200,2,1
1674748800,2,1
1674752400,2,1
1674756000,2,1
1674759600,2,1
1674763200,2,1
1674766800,2,1
1674770400,2,1
1674774000,2,1
1674777600,2,1
1674781200,2,1
1674784800,2,1
1674788400,2,1
1674792000,2,1
1674795600,2,1
1674799200,2,1
1674802800,2,1
1674806400,2,1
1674810000,2,1
1674813600,2,1
1674817200,2,1
1674820800,2,1
1674824400,2,1
1674828000,2,1
1674831600,2,1
1674835200,2,1
1674838800,2,1
1674842400,2,1
1674846000,2,1
1674849600,2,1
1674853200,2,1
1674856800,2,1
1674860400,2,1
1674864000,2,1
1674867600,2,1
1674871200,2,1
1675047600,2,1
1675051200,2,1
1675054800,2,1
1675058400,2,1
1675062000,2,1
1675065600,2,1
1675069200,2,1
1675072800,2,1
1675076400,2,1
1675080000,2,1
1675083600,2,1
1675087200,2,1
1675090800,2,1
1675094400,2,1
1675098000,2,1
1675101600,2,1
1675105200,2,1
1675108800,2,1
1675112400,2,1
1675116000,2,1
1675119600,2,1
1675123200,2,1
1675126800,2,1
1675130400,2,1
1675134000,2,1
1675137600,2,1
1675141200,2,1
1675144800,2,1
1675148400,2,1
1675152000,2,1
1675155600,2,1
1675159200,2,1
1675162800,2,1
1675166400,2,1
1675170000,2,1
1675173600,2,1
1675177200,2,1
1675180800,2,1
1675184400,2,1
1675188000,2,1
1675191600,2,1
1675195200,2,1
1675198800,2,1
1675202400,2,1
1675206000,2,1
1675209600,2,1
1675213200,2,1
1675216800,2,1
1675220400,2,1
1675224000,2,1
1675227600,2,1
1675231200,2,1
1675234800,2,1
1675238400,2,1
1675242000,2,1
1675245600,2,1
1675249200,2,1
1675252800,2,1
1675256400,2,1
1675260000,2,1
1675263600,2,1
1675267200,2,1
1675270800,2,1
1675274400,2,1
1675278000,2,1
1675281600,2,1
1675285200,2,1
1675288800,2,1
1675292400,2,1
1675296000,2,1
1675299600,2,1
1675303200,2,1
1675306800,2,1
1675310400,2,1
1675314000,2,1
1675317600,2,1
1675321200,2,1
1675324800,2,1
1675328400,2,1
1675332000,2,1
1675335600,2,1
1675339200,2,1
1675342800,2,1
1675346400,2,1
1675350000,2,1
1675353600,2,1
1675357200,2,1
1675360800,2,1
1675364400,2,1
1675368000,2,1
1675371600,2,1
1675375200,2,1
1675378800,2,1
1675382400,2,1
1675386000,2,1
1675389600,2,1
1675393200,0,0
1675396800,0,0
1675400400,0,0
1675404000,0,0
1675407600,0,0
1675411200,0,0
1675414800,0,0
1675418400,0,0
1675422000,0,0
1675425600,0,0
1675429200,0,0
1675432800,0,0
1675436400,0,0
1675440000,0,0
1675443600,0,0
1675447200,0,0
1675450800,0,0
1675454400,0,0
1675458000,0,0
1675461600,0,0
1675465200,0,0
1675468800,0,0
1675472400,0,0
1675476000,0,0
1675652400,0,0
1675656000,0,0
1675659600,0,0
1675663200,0,0
1675666800,0,0
1675670400,0,0
1675674000,0,0
1675677600,0,0
1675681200,0,0
1675684800,0,0
1675688400,0,0
1675692000,0,0
1675695600,0,0
1675699200,0,0
1675702800,0,0
1675706400,0,0
1675710000,0,0
1675713600,0,0
1675717200,0,0
1675720800,0,0
1675724400,0,0
1675728000,0,0
1675731600,0,0
1675735200,0,0
1675738800,0,0
1675742400,0,0
1675746000,0,0
1675749600,0,0
1675753200,0,0
1675756800,0,0
1675760400,0,0
1675764000,0,0
1675767600,0,0
1675771200,0,0
1675774800,0,0
1675778400,0,0
1675782000,0,0
1675785600,0,0
1675789200,0,0
1675792800,0,0
1675796400,0,0
1675800000,0,0
1675803600,0,0
1675807200,0,0
1675810800,0,0
1675814400,0,0
1675818000,0,0
1675821600,0,0
1675825200,0,0
1675828800,0,0
1675832400,0,0
1675836000,0,0
1675839600,0,0
1675843200,0,0
1675846800,0,0
1675850400,0,0
1675854000,0,0
1675857600,0,0
1675861200,0,0
1675864800,0,0
1675868400,0,0
1675872000,0,0
1675875600,0,0
1675879200,0,0
1675882800,0,0
1675886400,0,0
1675890000,0,0
1675893600,0,0
1675897200,0,0
1675900800,0,0
1675904400,0,0
1675908000,0,0
1675911600,0,0
1675915200,0,0
1675918800,0,0
1675922400,0,0
1675926000,0,0
1675929600,0,0
1675933200,0,0
1675936800,0,0
1675940400,0,0
1675944000,0,0
1675947600,0,0
1675951200,0,0
1675954800,0,0
1675958400,0,0
1675962000,0,0
1675965600,0,0
1675969200,0,0
1675972800,0,0
1675976400,0,0
1675980000,0,0
1675983600,0,0
1675987200,0,0
1675990800,0,0
1675994400,0,0
1675998000,0,0
1676001600,0,0
1676005200,0,0
1676008800,0,0
1676012400,0,0
1676016000,0,0
1676019600,0,0
1676023200,0,0
1676026800,0,0
1676030400,0,0
1676034000,0,0
1676037600,0,0
1676041200,0,0
1676044800,0,0
1676048400,0,0
1676052000,0,0
1676055600,0,0
1676059200,0,0
1676062800,0,0
1676066400,0,0
1676070000,0,0
1676073600,0,0
1676077200,0,0
1676080800,0,0
1676257200,0,0
1676260800,0,0
1676264400,0,0
1676268000,0,0
1676271600,0,0
1676275200,0,0
1676278800,0,0
1676282400,0,0
1676286000,0,0
1676289600,0,0
1676293200,0,0
1676296800,0,0
1676300400,0,0
1676304000,0,0
1676307600,0,0
1676311200,0,0
1676314800,0,0
1676318400,0,0
1676322000,0,0
1676325600,0,0
1676329200,0,0
1676332800,0,0
1676336400,0,0
1676340000,0,0
1676343600,0,0
1676347200,0,0
1676350800,0,0
1676354400,0,0
1676358000,0,0
1676361600,0,0
1676365200,0,0
1676368800,0,0
1676372400,0,0
1676376000,0,0
1676379600,0,0
1676383200,0,0
1676386800,0,0
1676390400,0,0
1676394000,0,0
1676397600,0,0
1676401200,0,0
1676404800,0,0
1676408400,0,0
1676412000,0,0
1676415600,0,0
1676419200,0,0
1676422800,0,0
1676426400,0,0
1676430000,0,0
1676433600,0,0
1676437200,0,0
1676440800,0,0
1676444400,0,0
1676448000,0,0
1676451600,0,0
1676455200,0,0
1676458800,0,0
1676462400,0,0
1676466000,0,0
1676469600,0,0
1676473200,0,0
1676476800,0,0
1676480400,0,0
1676484000,0,0
1676487600,0,0
1676491200,0,0
1676494800,0,0
1676498400,0,0
1676502000,0,0
1676505600,0,0
1676509200,0,0
1676512800,0,0
1676516400,0,0
1676520000,0,0
1676523600,0,0
1676527200,0,0
1676530800,0,0
1676534400,0,0
1676538000,0,0
1676541600,0,0
1676545200,0,0
1676548800,0,0
1676552400,0,0
1676556000,0,0
1676559600,0,0
1676563200,0,0
1676566800,0,0
1676570400,0,0
1676574000,0,0
1676577600,0,0
1676581200,0,0
1676584800,0,0
1676588400,0,0
1676592000,0,0
1676595600,0,0
1676599200,0,0
1676602800,0,0
1676606400,0,0
1676610000,0,0
1676613600,0,0
1676617200,0,0
1676620800,0,0
1676624400,0,0
1676628000,0,0
1676631600,0,0
1676635200,0,0
1676638800,0,0
1676642400,0,0
1676646000,0,0
1676649600,0,0
1676653200,0,0
1676656800,0,0
1676660400,0,0
1676664000,0,0
1676667600,0,0
1676671200,0,0
1676674800,0,0
1676678400,0,0
1676682000,0,0
1676685600,0,0
1676948400,0,0
1676952000,0,0
1676955600,0,0
1676959200,0,0
1676962800,0,0
1676966400,0,0
1676970000,0,0
1676973600,0,0
1676977200,0,0
1676980800,0,0
1676984400,0,0
1676988000,0,0
1676991600,0,0
1676995200,0,0
1676998800,0,0
1677002400,0,0
1677006000,0,0
1677009600,0,0
1677013200,0,0
1677016800,0,0
1677020400,0,0
1677024000,0,0
1677027600,0,0
1677031200,0,0
1677034800,0,0
1677038400,0,0
1677042000,0,0
1677045600,0,0
1677049200,0,0
1677052800,0,0
1677056400,0,0
1677060000,0,0
1677063600,0,0
1677067200,0,0
1677070800,0,0
1677074400,0,0
1677078000,0,0
1677081600,0,0
1677085200,0,0
1677088800,0,0
1677092400,0,0
1677096000,0,0
1677099600,0,0
1677103200,0,0
1677106800,0,0
1677110400,0,0
1677114000,0,0
1677117600,0,0
1677121200,0,0
1677124800,0,0
1677128400,0,0
1677132000,0,0
1677135600,0,0
1677139200,0,0
1677142800,0,0
1677146400,0,0
1677150000,0,0
1677153600,0,0
1677157200,0,0
1677160800,0,0
1677164400,0,0
1677168000,0,0
1677171600,0,0
1677175200,0,0
1677178800,0,0
1677182400,0,0
1677186000,0,0
1677189600,0,0
1677193200,0,0
1677196800,0,0
1677200400,0,0
1677204000,0,0
1677207600,0,0
1677211200,0,0
1677214800,0,0
1677218400,0,0
1677222000,0,0
1677225600,0,0
1677229200,0,0
1677232800,0,0
1677236400,0,0
1677240000,0,0
1677243600,0,0
1677247200,0,0
1677250800,0,0
1677254400,0,0
1677258000,0,0
1677261600,0,0
1677265200,0,0
1677268800,0,0
1677272400,0,0
1677276000,0,0
1677279600,0,0
1677283200,0,0
1677286800,0,0
1677290400,0,0
1677466800,0,0
1677470400,0,0
1677474000,0,0
1677477600,0,0
1677481200,0,0
1677484800,0,0
1677488400,0,0
1677492000,0,0
1677495600,0,0
1677499200,0,0
1677502800,0,0
1677506400,0,0
1677510000,0,0
1677513600,0,0
1677517200,0,0
1677520800,0,0
1677524400,0,0
1677528000,0,0
1677531600,0,0
1677535200,0,0
1677538800,0,0
1677542400,0,0
1677546000,0,0
1677549600,0,0
1677553200,0,0
1677556800,0,0
1677560400,0,0
1677564000,0,0
1677567600,0,0
1677571200,0,0
1677574800,0,0
1677578400,0,0
1677582000,0,0
1677585600,0,0
1677589200,0,0
1677592800,0,0
1677596400,0,0
1677600000,0,0
1677603600,0,0
1677607200,0,0
1677610800,0,0
1677614400,0,0
1677618000,0,0
1677621600,0,0
1677625200,0,0
1677628800,0,0
1677632400,0,0
1677636000,0,0
1677639600,0,0
1677643200,0,0
1677646800,0,0
1677650400,0,0
1677654000,0,0
1677657600,0,0
1677661200,0,0
1677664800,0,0
1677668400,0,0
1677672000,0,0
1677675600,0,0
1677679200,0,0
1677682800,0,0
1677686400,0,0
1677690000,0,0
1677693600,0,0
1677697200,0,0
1677700800,0,0
1677704400,0,0
1677708000,0,0
1677711600,0,0
1677715200,0,0
1677718800,0,0
1677722400,0,0
1677726000,0,0
1677729600,0,0
1677733200,0,0
1677736800,0,0
1677740400,0,0
1677744000,0,0
1677747600,0,0
1677751200,0,0
1677754800,0,0
1677758400,0,0
1677762000,0,0
1677765600,0,0
1677769200,0,0
1677772800,0,0
1677776400,0,0
1677780000,0,0
1677783600,0,0
1677787200,0,0
1677790800,0,0
1677794400,0,0
1677798000,0,0
1677801600,0,0
1677805200,0,0
1677808800,0,0
1677812400,0,0
1677816000,0,0
1677819600,0,0
1677823200,0,0
1677826800,0,0
1677830400,0,0
1677834000,0,0
1677837600,0,0
1677841200,0,0
1677844800,0,0
1677848400,0,0
1677852000,0,0
1677855600,0,0
1677859200,0,0
1677862800,0,0
1677866400,0,0
1677870000,0,0
1677873600,0,0
1677877200,0,0
1677880800,0,0
1677884400,0,0
1677888000,0,0
1677891600,0,0
1677895200,0,0
1678071600,0,0
1678075200,0,0
1678078800,0,0
1678082400,0,0
1678086000,0,0
1678089600,0,0
1678093200,0,0
1678096800,0,0
1678100400,0,0
1678104000,0,0
1678107600,0,0
1678111200,0,0
1678114800,0,0
1678118400,0,0
1678122000,0,0
1678125600,0,0
1678129200,0,0
1678132800,0,0
1678136400,0,0
1678140000,0,0
1678143600,0,0
1678147200,0,0
1678150800,0,0
1678154400,0,0
1678158000,0,0
1678161600,0,0
1678165200,0,0
1678168800,0,0
1678172400,0,0
1678176000,0,0
1678179600,0,0
1678183200,0,0
1678186800,0,0
1678190400,0,0
1678194000,0,0
1678197600,0,0
1678201200,0,0
1678204800,0,0
1678208400,0,0
1678212000,0,0
1678215600,0,0
1678219200,0,0
1678222800,0,0
1678226400,0,0
1678230000,0,0
1678233600,0,0
1678237200,0,0
1678240800,0,0
1678244400,0,0
1678248000,0,0
1678251600,0,0
1678255200,0,0
1678258800,0,0
1678262400,0,0
1678266000,0,0
1678269600,0,0
1678273200,0,0
1678276800,0,0
1678280400,0,0
1678284000,0,0
1678287600,0,0
1678291200,0,0
1678294800,0,0
1678298400,0,0
1678302000,0,0
1678305600,0,0
1678309200,0,0
1678312800,0,0
1678316400,0,0
1678320000,0,0
1678323600,0,0
1678327200,0,0
1678330800,0,0
1678334400,0,0
1678338000,0,0
1678341600,0,0
1678345200,0,0
1678348800,0,0
1678352400,0,0
1678356000,0,0
1678359600,0,0
1678363200,0,0
1678366800,0,0
1678370400,0,0
1678374000,0,0
1678377600,0,0
1678381200,0,0
1678384800,0,0
1678388400,0,0
1678392000,0,0
1678395600,0,0
1678399200,0,0
1678402800,0,0
1678406400,0,0
1678410000,0,0
1678413600,0,0
1678417200,0,0
1678420800,0,0
1678424400,0,0
1678428000,0,0
1678431600,0,0
1678435200,0,0
1678438800,0,0
1678442400,0,0
1678446000,0,0
1678449600,0,0
1678453200,0,0
1678456800,0,0
1678460400,0,0
1678464000,0,0
1678467600,0,0
1678471200,0,0
1678474800,0,0
1678478400,0,0
1678482000,0,0
1678485600,0,0
1678489200,0,0
1678492800,0,0
1678496400,0,0
1678500000,0,0
1678676400,2,1
1678680000,2,1
1678683600,2,1
1678687200,2,1
1678690800,2,1
1678694400,2,1
1678698000,2,1
1678701600,2,1
1678705200,2,1
1678708800,2,1
1678712400,2,1
1678716000,2,1
1678719600,2,1
1678723200,2,1
1678726800,2,1
1678730400,2,1
1678734000,2,1
1678737600,2,1
1678741200,2,1
1678744800,2,1
1678748400,2,1
1678752000,2,1
1678755600,2,1
1678759200,2,1
1678762800,2,1
1678766400,2,1
1678770000,2,1
1678773600,2,1
1678777200,2,1
1678780800,2,1
1678784400,2,1
1678788000,2,1
1678791600,2,1
1678795200,2,1
1678798800,2,1
1678802400,2,1
1678806000,2,1
1678809600,2,1
1678813200,2,1
1678816800,2,1
1678820400,2,1
1678824000,2,1
1678827600,2,1
1678831200,2,1
1678834800,2,1
1678838400,2,1
1678842000,2,1
1678845600,2,1
1678849200,2,1
1678852800,2,1
1678856400,2,1
1678860000,2,1
1678863600,2,1
1678867200,2,1
1678870800,2,1
1678874400,2,1
1678878000,2,1
1678881600,2,1
1678885200,2,1
1678888800,2,1
1678892400,2,1
1678896000,2,1
1678899600,2,1
1678903200,2,1
1678906800,2,1
1678910400,2,1
1678914000,2,1
1678917600,2,1
1678921200,2,1
1678924800,2,1
1678928400,2,1
1678932000,2,1
1678935600,2,1
1678939200,2,1
1678942800,2,1
1678946400,2,1
1678950000,2,1
1678953600,2,1
1678957200,2,1
1678960800,2,1
1678964400,2,1
1678968000,2,1
1678971600,2,1
1678975200,2,1
1678978800,2,1
1678982400,2,1
1678986000,2,1
1678989600,2,1
1678993200,2,1
1678996800,2,1
1679000400,2,1
1679004000,2,1
1679007600,2,1
1679011200,2,1
1679014800,2,1
1679018400,2,1
1679022000,2,1
1679025600,2,1
1679029200,2,1
1679032800,2,1
1679036400,2,1
1679040000,2,1
1679043600,2,1
1679047200,2,1
1679050800,2,1
1679054400,2,1
1679058000,2,1
1679061600,2,1
1679065200,2,1
1679068800,2,1
1679072400,2,1
1679076000,2,1
1679079600,2,1
1679083200,2,1
1679086800,2,1
1679090400,2,1
1679094000,2,1
1679097600,2,1
1679101200,2,1
1679104800,2,1
1679281200,2,1
1679284800,2,1
1679288400,2,1
1679292000,2,1
1679295600,2,1
1679299200,2,1
1679302800,2,1
1679306400,2,1
1679310000,2,1
1679313600,2,1
1679317200,2,1
1679320800,2,1
1679324400,2,1
1679328000,2,1
1679331600,2,1
1679335200,2,1
1679338800,2,1
1679342400,2,1
1679346000,2,1
1679349600,2,1
1679353200,2,1
1679356800,2,1
1679360400,2,1
1679364000,2,1
1679367600,2,1
1679371200,2,1
1679374800,2,1
1679378400,2,1
1679382000,2,1
1679385600,2,1
1679389200,2,1
1679392800,2,1
1679396400,2,1
1679400000,2,1
1679403600,2,1
1679407200,2,1
1679410800,2,1
1679414400,2,1
1679418000,2,1
1679421600,2,1
1679425200,2,1
1679428800,2,1
1679432400,2,1
1679436000,2,1
1679439600,2,1
1679443200,2,1
1679446800,2,1
1679450400,2,1
1679454000,2,1
1679457600,2,1
1679461200,2,1
1679464800,2,1
1679468400,2,1
1679472000,2,1
1679475600,2,1
1679479200,2,1
1679482800,2,1
1679486400,2,1
1679490000,2,1
1679493600,2,1
1679497200,2,1
1679500800,2,1
1679504400,2,1
1679508000,2,1
1679511600,2,1
1679515200,2,1
1679518800,2,1
1679522400,2,1
1679526000,2,1
1679529600,2,1
1679533200,2,1
1679536800,2,1
1679540400,2,1
1679544000,2,1
1679547600,2,1
1679551200,2,1
1679554800,2,1
1679558400,2,1
1679562000,2,1
1679565600,2,1
1679569200,2,1
1679572800,2,1
1679576400,2,1
1679580000,2,1
1679583600,2,1
1679587200,2,1
1679590800,2,1
1679594400,2,1
1679598000,2,1
1679601600,2,1
1679605200,2,1
1679608800,2,1
1679612400,2,1
1679616000,2,1
1679619600,2,1
1679623200,2,1
1679626800,2,1
1679630400,2,1
1679634000,2,1
1679637600,2,1
1679641200,2,1
1679644800,2,1
1679648400,2,1
1679652000,2,1
1679655600,2,1
1679659200,2,1
1679662800,2,1
1679666400,2,1
1679670000,2,1
1679673600,2,1
1679677200,2,1
1679680800,2,1
1679684400,2,1
1679688000,2,1
1679691600,2,1
1679695200,2,1
1679698800,2,1
1679702400,2,1
1679706000,2,1
1679709600,2,1
1679886000,2,1
1679889600,2,1
1679893200,2,1
1679896800,2,1
1679900400,2,1
1679904000,2,1
1679907600,2,1
1679911200,2,1
1679914800,2,1
1679918400,2,1
1679922000,2,1
1679925600,2,1
1679929200,2,1
1679932800,2,1
1679936400,2,1
1679940000,2,1
1679943600,2,1
1679947200,2,1
1679950800,2,1
1679954400,2,1
1679958000,2,1
1679961600,2,1
1679965200,2,1
1679968800,2,1
1679972400,2,1
1679976000,2,1
1679979600,2,1
1679983200,2,1
1679986800,2,1
1679990400,2,1
1679994000,2,1
1679997600,2,1
1680001200,2,1
1680004800,2,1
1680008400,2,1
1680012000,2,1
1680015600,2,1
1680019200,2,1
1680022800,2,1
1680026400,2,1
1680030000,2,1
1680033600,2,1
1680037200,2,1
1680040800,2,1
1680044400,2,1
1680048000,2,1
1680051600,2,1
1680055200,2,1
1680058800,2,1
1680062400,2,1
1680066000,2,1
1680069600,2,1
1680073200,2,1
1680076800,2,1
1680080400,2,1
1680084000,2,1
1680087600,2,1
1680091200,2,1
1680094800,2,1
1680098400,2,1
1680102000,2,1
1680105600,2,1
1680109200,2,1
1680112800,2,1
1680116400,2,1
1680120000,2,1
1680123600,2,1
1680127200,2,1
1680130800,2,1
1680134400,2,1
1680138000,2,1
1680141600,2,1
1680145200,2,1
1680148800,2,1
1680152400,2,1
1680156000,2,1
1680159600,2,1
1680163200,2,1
1680166800,2,1
1680170400,2,1
1680174000,2,1
1680177600,2,1
1680181200,2,1
1680184800,2,1
1680188400,2,1
1680192000,2,1
1680195600,2,1
1680199200,2,1
1680202800,2,1
1680206400,2,1
1680210000,2,1
1680213600,2,1
1680217200,2,1
1680220800,2,1
1680224400,2,1
1680228000,2,1
1680231600,2,1
1680235200,2,1
1680238800,2,1
1680242400,2,1
1680246000,2,1
1680249600,2,1
1680253200,2,1
1680256800,2,1
1680260400,2,1
1680264000,2,1
1680267600,2,1
1680271200,2,1
1680274800,2,1
1680278400,2,1
1680282000,2,1
1680285600,2,1
1680289200,2,1
1680292800,2,1
1680296400,2,1
1680300000,2,1
1680303600,2,1
1680307200,2,1
1680310800,2,1
1680314400,2,1
1680490800,2,1
1680494400,2,1
1680498000,2,1
1680501600,2,1
1680505200,2,1
1680508800,2,1
1680512400,2,1
1680516000,2,1
1680519600,2,1
1680523200,2,1
1680526800,2,1
1680530400,2,1
1680534000,2,1
1680537600,2,1
1680541200,2,1
1680544800,2,1
1680548400,2,1
1680552000,2,1
1680555600,2,1
1680559200,2,1
1680562800,2,1
1680566400,2,1
1680570000,2,1
1680573600,2,1
1680577200,2,1
1680580800,2,1
1680584400,2,1
1680588000,2,1
1680591600,2,1
1680595200,2,1
1680598800,2,1
1680602400,2,1
1680606000,2,1
1680609600,2,1
1680613200,2,1
1680616800,2,1
1680620400,2,1
1680624000,2,1
1680627600,2,1
1680631200,2,1
1680634800,2,1
1680638400,2,1
1680642000,2,1
1680645600,2,1
1680649200,2,1
1680652800,2,1
1680656400,2,1
1680660000,2,1
1680663600,2,1
1680667200,2,1
1680670800,2,1
1680674400,2,1
1680678000,2,1
1680681600,2,1
1680685200,2,1
1680688800,2,1
1680692400,2,1
1680696000,2,1
1680699600,2,1
1680703200,2,1
1680706800,2,1
1680710400,2,1
1680714000,2,1
1680717600,2,1
1680721200,2,1
1680724800,2,1
1680728400,2,1
1680732000,2,1
1680735600,2,1
1680739200,2,1
1680742800,2,1
1680746400,2,1
1680750000,2,1
1680753600,2,1
1680757200,2,1
1680760800,2,1
1680764400,2,1
1680768000,2,1
1680771600,2,1
1680775200,2,1
1680778800,2,1
1680782400,2,1
1680786000,2,1
1680789600,2,1
1680793200,2,1
1680796800,2,1
1680800400,2,1
1680804000,2,1
1680807600,2,1
1680811200,2,1
1680814800,2,1
1680818400,2,1
1680822000,2,1
1680825600,2,1
1680829200,2,1
1680832800,2,1
1681095600,2,1
1681099200,2,1
1681102800,2,1
1681106400,2,1
1681110000,2,1
1681113600,2,1
1681117200,2,1
1681120800,2,1
1681124400,2,1
1681128000,2,1
1681131600,2,1
1681135200,2,1
1681138800,2,1
1681142400,2,1
1681146000,2,1
1681149600,2,1
1681153200,2,1
1681156800,2,1
1681160400,2,1
1681164000,2,1
1681167600,2,1
1681171200,2,1
1681174800,2,1
1681178400,2,1
1681182000,2,1
1681185600,2,1
1681189200,2,1
1681192800,2,1
1681196400,2,1
1681200000,2,1
1681203600,2,1
1681207200,2,1
1681210800,2,1
1681214400,2,1
1681218000,2,1
1681221600,2,1
1681225200,2,1
1681228800,2,1
1681232400,2,1
1681236000,2,1
1681239600,2,1
1681243200,2,1
1681246800,2,1
1681250400,2,1
1681254000,2,1
1681257600,2,1
1681261200,2,1
1681264800,2,1
1681268400,2,1
1681272000,2,1
1681275600,2,1
1681279200,2,1
1681282800,2,1
1681286400,2,1
1681290000,2,1
1681293600,2,1
1681297200,2,1
1681300800,2,1
1681304400,2,1
1681308000,2,1
1681311600,2,1
1681315200,2,1
1681318800,2,1
1681322400,2,1
1681326000,2,1
1681329600,2,1
1681333200,2,1
1681336800,2,1
1681340400,2,1
1681344000,2,1
1681347600,2,1
1681351200,2,1
1681354800,2,1
1681358400,2,1
1681362000,2,1
1681365600,2,1
1681369200,2,1
1681372800,2,1
1681376400,2,1
1681380000,2,1
1681383600,2,1
1681387200,2,1
1681390800,2,1
1681394400,2,1
1681398000,2,1
1681401600,2,1
1681405200,2,1
1681408800,2,1
1681412400,2,1
1681416000,2,1
1681419600,2,1
1681423200,2,1
1681426800,2,1
1681430400,2,1
1681434000,2,1
1681437600,2,1
1681441200,2,1
1681444800,2,1
1681448400,2,1
1681452000,2,1
1681455600,2,1
1681459200,2,1
1681462800,2,1
1681466400,2,1
1681470000,2,1
1681473600,2,1
1681477200,2,1
1681480800,2,1
1681484400,2,1
1681488000,2,1
1681491600,2,1
1681495200,2,1
1681498800,2,1
1681502400,2,1
1681506000,2,1
1681509600,2,1
1681513200,2,1
1681516800,2,1
1681520400,2,1
1681524000,2,1
1681700400,2,1
1681704000,2,1
1681707600,2,1
1681711200,2,1
1681714800,2,1
1681718400,2,1
1681722000,2,1
1681725600,2,1
1681729200,2,1
1681732800,2,1
1681736400,2,1
1681740000,2,1
1681743600,2,1
1681747200,2,1
1681750800,2,1
1681754400,2,1
1681758000,2,1
1681761600,2,1
1681765200,2,1
1681768800,2,1
1681772400,2,1
1681776000,2,1
1681779600,2,1
1681783200,2,1
1681786800,2,1
1681790400,2,1
1681794000,2,1
1681797600,2,1
1681801200,2,1
1681804800,2,1
1681808400,2,1
1681812000,2,1
1681815600,2,1
1681819200,2,1
1681822800,2,1
1681826400,2,1
1681830000,2,1
1681833600,2,1
1681837200,2,1
1681840800,2,1
1681844400,2,1
1681848000,2,1
1681851600,2,1
1681855200,2,1
1681858800,2,1
1681862400,2,1
1681866000,2,1
1681869600,2,1
1681873200,2,1
1681876800,2,1
1681880400,2,1
1681884000,2,1
1681887600,2,1
1681891200,2,1
1681894800,2,1
1681898400,2,1
1681902000,2,1
1681905600,2,1
1681909200,2,1
1681912800,2,1
1681916400,2,1
1681920000,2,1
1681923600,2,1
1681927200,2,1
1681930800,2,1
1681934400,2,1
1681938000,2,1
1681941600,2,1
1681945200,2,1
1681948800,2,1
1681952400,2,1
1681956000,2,1
1681959600,2,1
1681963200,2,1
1681966800,2,1
1681970400,2,1
1681974000,2,1
1681977600,2,1
1681981200,2,1
1681984800,2,1
1681988400,2,1
1681992000,2,1
1681995600,2,1
1681999200,2,1
1682002800,2,1
1682006400,2,1
1682010000,2,1
1682013600,2,1
1682017200,2,1
1682020800,2,1
1682024400,2,1
1682028000,2,1
1682031600,2,1
1682035200,2,1
1682038800,2,1
1682042400,2,1
1682046000,2,1
1682049600,2,1
1682053200,2,1
1682056800,2,1
1682060400,2,1
1682064000,2,1
1682067600,2,1
1682071200,2,1
1682074800,2,1
1682078400,2,1
1682082000,2,1
1682085600,2,1
1682089200,2,1
1682092800,2,1
1682096400,2,1
1682100000,2,1
1682103600,2,1
1682107200,2,1
1682110800,2,1
1682114400,2,1
1682118000,2,1
1682121600,2,1
1682125200,2,1
1682128800,2,1
1682305200,2,1
1682308800,2,1
1682312400,2,1
1682316000,2,1
1682319600,2,1
1682323200,2,1
1682326800,2,1
1682330400,2,1
1682334000,2,1
1682337600,2,1
1682341200,2,1
1682344800,2,1
1682348400,2,1
1682352000,2,1
1682355600,2,1
1682359200,2,1
1682362800,2,1
1682366400,2,1
1682370000,2,1
1682373600,2,1
1682377200,2,1
1682380800,2,1
1682384400,2,1
1682388000,2,1
1682391600,2,1
1682395200,2,1
1682398800,2,1
1682402400,2,1
1682406000,2,1
1682409600,2,1
1682413200,2,1
1682416800,2,1
1682420400,2,1
1682424000,2,1
1682427600,2,1
1682431200,2,1
1682434800,2,1
1682438400,2,1
1682442000,2,1
1682445600,2,1
1682449200,2,1
1682452800,2,1
1682456400,2,1
1682460000,2,1
1682463600,2,1
1682467200,2,1
1682470800,2,1
1682474400,2,1
1682478000,2,1
1682481600,2,1
1682485200,2,1
1682488800,2,1
1682492400,2,1
1682496000,2,1
1682499600,2,1
1682503200,2,1
1682506800,2,1
1682510400,2,1
1682514000,2,1
1682517600,2,1
1682521200,2,1
1682524800,2,1
1682528400,2,1
1682532000,2,1
1682535600,2,1
1682539200,2,1
1682542800,2,1
1682546400,2,1
1682550000,2,1
1682553600,2,1
1682557200,2,1
1682560800,2,1
1682564400,2,1
1682568000,2,1
1682571600,2,1
1682575200,2,1
1682578800,2,1
1682582400,2,1
1682586000,2,1
1682589600,2,1
1682593200,2,1
1682596800,2,1
1682600400,2,1
1682604000,2,1
1682607600,2,1
1682611200,2,1
1682614800,2,1
1682618400,2,1
1682622000,2,1
1682625600,2,1
1682629200,2,1
1682632800,2,1
1682636400,2,1
1682640000,2,1
1682643600,2,1
1682647200,2,1
1682650800,2,1
1682654400,2,1
1682658000,2,1
1682661600,2,1
1682665200,2,1
1682668800,2,1
1682672400,2,1
1682676000,2,1
1682679600,2,1
1682683200,2,1
1682686800,2,1
1682690400,2,1
1682694000,2,1
1682697600,2,1
1682701200,2,1
1682704800,2,1
1682708400,2,1
1682712000,2,1
1682715600,2,1
1682719200,2,1
1682722800,2,1
1682726400,2,1
1682730000,2,1
1682733600,2,1
1682910000,2,1
1682913600,2,1
1682917200,2,1
1682920800,2,1
1682924400,2,1
1682928000,2,1
1682931600,2,1
1682935200,2,1
1682938800,2,1
1682942400,2,1
1682946000,2,1
1682949600,2,1
1682953200,2,1
1682956800,2,1
1682960400,2,1
1682964000,2,1
1682967600,2,1
1682971200,2,1
1682974800,2,1
1682978400,2,1
1682982000,2,1
1682985600,2,1
1682989200,2,1
1682992800,2,1
1682996400,2,1
1683000000,2,1
1683003600,2,1
1683007200,2,1
1683010800,2,1
1683014400,2,1
1683018000,2,1
1683021600,2,1
1683025200,2,1
1683028800,2,1
1683032400,2,1
1683036000,2,1
1683039600,2,1
1683043200,2,1
1683046800,2,1
1683050400,2,1
1683054000,2,1
1683057600,2,1
1683061200,2,1
1683064800,2,1
1683068400,2,1
1683072000,2,1
1683075600,2,1
1683079200,2,1
1683082800,2,1
1683086400,2,1
1683090000,2,1
1683093600,2,1
1683097200,2,1
1683100800,2,1
1683104400,2,1
1683108000,2,1
1683111600,2,1
1683115200,2,1
1683118800,2,1
1683122400,2,1
1683126000,2,1
1683129600,2,1
1683133200,2,1
1683136800,2,1
1683140400,2,1
1683144000,2,1
1683147600,2,1
1683151200,2,1
1683154800,2,1
1683158400,2,1
1683162000,2,1
1683165600,2,1
1683169200,2,1
1683172800,2,1
1683176400,2,1
1683180000,2,1
1683183600,2,1
1683187200,2,1
1683190800,2,1
1683194400,2,1
1683198000,2,1
1683201600,2,1
1683205200,2,1
1683208800,2,1
1683212400,2,1
1683216000,2,1
1683219600,2,1
1683223200,2,1
1683226800,2,1
1683230400,2,1
1683234000,2,1
1683237600,2,1
1683241200,2,1
1683244800,2,1
1683248400,2,1
1683252000,2,1
1683255600,2,1
1683259200,2,1
1683262800,2,1
1683266400,2,1
1683270000,2,1
1683273600,2,1
1683277200,2,1
1683280800,2,1
1683284400,2,1
1683288000,2,1
1683291600,2,1
1683295200,2,1
1683298800,2,1
1683302400,2,1
1683306000,2,1
1683309600,2,1
1683313200,2,1
1683316800,2,1
1683320400,2,1
1683324000,2,1
1683327600,2,1
1683331200,2,1
1683334800,2,1
1683338400,2,1
1683514800,2,1
1683518400,2,1
1683522000,2,1
1683525600,2,1
1683529200,2,1
1683532800,2,1
1683536400,2,1
1683540000,2,1
1683543600,2,1
1683547200,2,1
1683550800,2,1
1683554400,2,1
1683558000,2,1
1683561600,2,1
1683565200,2,1
1683568800,2,1
1683572400,2,1
1683576000,2,1
1683579600,2,1
1683583200,2,1
1683586800,2,1
1683590400,2,1
1683594000,2,1
1683597600,2,1
1683601200,2,1
1683604800,2,1
1683608400,2,1
1683612000,2,1
1683615600,2,1
1683619200,2,1
1683622800,2,1
1683626400,2,1
1683630000,2,1
1683633600,2,1
1683637200,2,1
1683640800,2,1
1683644400,2,1
1683648000,2,1
1683651600,2,1
1683655200,2,1
1683658800,2,1
1683662400,2,1
1683666000,2,1
1683669600,2,1
1683673200,2,1
1683676800,2,1
1683680400,2,1
1683684000,2,1
1683687600,2,1
1683691200,2,1
1683694800,2,1
1683698400,2,1
1683702000,2,1
1683705600,2,1
1683709200,2,1
1683712800,2,1
1683716400,2,1
1683720000,2,1
1683723600,2,1
1683727200,2,1
1683730800,2,1
1683734400,2,1
1683738000,2,1
1683741600,2,1
1683745200,2,1
1683748800,2,1
1683752400,2,1
1683756000,2,1
1683759600,2,1
1683763200,2,1
1683766800,2,1
1683770400,2,1
1683774000,2,1
1683777600,2,1
1683781200,2,1
1683784800,2,1
1683788400,2,1
1683792000,2,1
1683795600,2,1
1683799200,2,1
1683802800,2,1
1683806400,2,1
1683810000,2,1
1683813600,2,1
1683817200,2,1
1683820800,2,1
1683824400,2,1
1683828000,2,1
1683831600,2,1
1683835200,2,1
1683838800,2,1
1683842400,2,1
1683846000,2,1
1683849600,2,1
1683853200,2,1
1683856800,2,1
1683860400,2,1
1683864000,2,1
1683867600,2,1
1683871200,2,1
1683874800,2,1
1683878400,2,1
1683882000,2,1
1683885600,2,1
1683889200,2,1
1683892800,2,1
1683896400,2,1
1683900000,2,1
1683903600,2,1
1683907200,2,1
1683910800,2,1
1683914400,2,1
1683918000,2,1
1683921600,2,1
1683925200,2,1
1683928800,2,1
1683932400,2,1
1683936000,2,1
1683939600,2,1
1683943200,2,1
1684119600,2,1
1684123200,2,1
1684126800,2,1
1684130400,2,1
1684134000,2,1
1684137600,2,1
1684141200,2,1
1684144800,2,1
1684148400,2,1
1684152000,2,1
1684155600,2,1
1684159200,2,1
1684162800,2,1
1684166400,2,1
1684170000,2,1
1684173600,2,1
1684177200,2,1
1684180800,2,1
1684184400,2,1
1684188000,2,1
1684191600,2,1
1684195200,2,1
1684198800,2,1
1684202400,2,1
1684206000,0,0
1684209600,0,0
1684213200,0,0
1684216800,0,0
1684220400,0,0
1684224000,0,0
1684227600,0,0
1684231200,0,0
1684234800,0,0
1684238400,0,0
1684242000,0,0
1684245600,0,0
1684249200,0,0
1684252800,0,0
1684256400,0,0
1684260000,0,0
1684263600,0,0
1684267200,0,0
1684270800,0,0
1684274400,0,0
1684278000,0,0
1684281600,0,0
1684285200,0,0
1684288800,0,0
1684292400,0,0
1684296000,0,0
1684299600,0,0
1684303200,0,0
1684306800,0,0
1684310400,0,0
1684314000,0,0
1684317600,0,0
1684321200,0,0
1684324800,0,0
1684328400,0,0
1684332000,0,0
1684335600,0,0
1684339200,0,0
1684342800,0,0
1684346400,0,0
1684350000,0,0
1684353600,0,0
1684357200,0,0
1684360800,0,0
1684364400,0,0
1684368000,0,0
1684371600,0,0
1684375200,0,0
1684378800,0,0
1684382400,0,0
1684386000,0,0
1684389600,0,0
1684393200,0,0
1684396800,0,0
1684400400,0,0
1684404000,0,0
1684407600,0,0
1684411200,0,0
1684414800,0,0
1684418400,0,0
1684422000,0,0
1684425600,0,0
1684429200,0,0
1684432800,0,0
1684436400,0,0
1684440000,0,0
1684443600,0,0
1684447200,0,0
1684450800,0,0
1684454400,0,0
1684458000,0,0
1684461600,0,0
1684465200,0,0
1684468800,0,0
1684472400,0,0
1684476000,0,0
1684479600,0,0
1684483200,0,0
1684486800,0,0
1684490400,0,0
1684494000,0,0
1684497600,0,0
1684501200,0,0
1684504800,0,0
1684508400,0,0
1684512000,0,0
1684515600,0,0
1684519200,0,0
1684522800,0,0
1684526400,0,0
1684530000,0,0
1684533600,0,0
1684537200,0,0
1684540800,0,0
1684544400,0,0
1684548000,0,0
1684724400,0,0
1684728000,0,0
1684731600,0,0
1684735200,0,0
1684738800,0,0
1684742400,0,0
1684746000,0,0
1684749600,0,0
1684753200,0,0
1684756800,0,0
1684760400,0,0
1684764000,0,0
1684767600,0,0
1684771200,0,0
1684774800,0,0
1684778400,0,0
1684782000,0,0
1684785600,0,0
1684789200,0,0
1684792800,0,0
1684796400,0,0
1684800000,0,0
1684803600,0,0
1684807200,0,0
1684810800,0,0
1684814400,0,0
1684818000,0,0
1684821600,0,0
1684825200,0,0
1684828800,0,0
1684832400,0,0
1684836000,0,0
1684839600,0,0
1684843200,0,0
1684846800,0,0
1684850400,0,0
1684854000,0,0
1684857600,0,0
1684861200,0,0
1684864800,0,0
1684868400,0,0
1684872000,0,0
1684875600,0,0
1684879200,0,0
1684882800,0,0
1684886400,0,0
1684890000,0,0
1684893600,0,0
1684897200,0,0
1684900800,0,0
1684904400,0,0
1684908000,0,0
1684911600,0,0
1684915200,0,0
1684918800,0,0
1684922400,0,0
1684926000,0,0
1684929600,0,0
1684933200,0,0
1684936800,0,0
1684940400,0,0
1684944000,0,0
1684947600,0,0
1684951200,0,0
1684954800,0,0
1684958400,0,0
1684962000,0,0
1684965600,0,0
1684969200,0,0
1684972800,0,0
1684976400,0,0
1684980000,0,0
1684983600,0,0
1684987200,0,0
1684990800,0,0
1684994400,0,0
1684998000,0,0
1685001600,0,0
1685005200,0,0
1685008800,0,0
1685012400,0,0
1685016000,0,0
1685019600,0,0
1685023200,0,0
1685026800,0,0
1685030400,0,0
1685034000,0,0
1685037600,0,0
1685041200,0,0
1685044800,0,0
1685048400,0,0
1685052000,0,0
1685055600,0,0
1685059200,0,0
1685062800,0,0
1685066400,0,0
1685070000,0,0
1685073600,0,0
1685077200,0,0
1685080800,0,0
1685084400,0,0
1685088000,0,0
1685091600,0,0
1685095200,0,0
1685098800,0,0
1685102400,0,0
1685106000,0,0
1685109600,0,0
1685113200,0,0
1685116800,0,0
1685120400,0,0
1685124000,0,0
1685127600,0,0
1685131200,0,0
1685134800,0,0
1685138400,0,0
1685142000,0,0
1685145600,0,0
1685149200,0,0
1685152800,0,0
1685415600,0,0
1685419200,0,0
1685422800,0,0
1685426400,0,0
1685430000,0,0
1685433600,0,0
1685437200,0,0
1685440800,0,0
1685444400,0,0
1685448000,0,0
1685451600,0,0
1685455200,0,0
1685458800,0,0
1685462400,0,0
1685466000,0,0
1685469600,0,0
1685473200,0,0
1685476800,0,0
1685480400,0,0
1685484000,0,0
1685487600,0,0
1685491200,0,0
1685494800,0,0
1685498400,0,0
1685502000,0,0
1685505600,0,0
1685509200,0,0
1685512800,0,0
1685516400,0,0
1685520000,0,0
1685523600,0,0
1685527200,0,0
1685530800,0,0
1685534400,0,0
1685538000,0,0
1685541600,0,0
1685545200,0,0
1685548800,0,0
1685552400,0,0
1685556000,0,0
1685559600,0,0
1685563200,0,0
1685566800,0,0
1685570400,0,0
1685574000,0,0
1685577600,0,0
1685581200,0,0
1685584800,0,0
1685588400,0,0
1685592000,0,0
1685595600,0,0
1685599200,0,0
1685602800,0,0
1685606400,0,0
1685610000,0,0
1685613600,0,0
1685617200,0,0
1685620800,0,0
1685624400,0,0
1685628000,0,0
1685631600,0,0
1685635200,0,0
1685638800,0,0
1685642400,0,0
1685646000,0,0
1685649600,0,0
1685653200,0,0
1685656800,0,0
1685660400,0,0
1685664000,0,0
1685667600,0,0
1685671200,0,0
1685674800,0,0
1685678400,0,0
1685682000,0,0
1685685600,0,0
1685689200,0,0
1685692800,0,0
1685696400,0,0
1685700000,0,0
1685703600,0,0
1685707200,0,0
1685710800,0,0
1685714400,0,0
1685718000,0,0
1685721600,0,0
1685725200,0,0
1685728800,0,0
1685732400,0,0
1685736000,0,0
1685739600,0,0
1685743200,0,0
1685746800,0,0
1685750400,0,0
1685754000,0,0
1685757600,0,0
1685934000,0,0
1685937600,0,0
1685941200,0,0
1685944800,0,0
1685948400,0,0
1685952000,0,0
1685955600,0,0
1685959200,0,0
1685962800,0,0
1685966400,0,0
1685970000,0,0
1685973600,0,0
1685977200,0,0
1685980800,0,0
1685984400,0,0
1685988000,0,0
1685991600,0,0
1685995200,0,0
1685998800,0,0
1686002400,0,0
1686006000,0,0
1686009600,0,0
1686013200,0,0
1686016800,0,0
1686020400,0,0
1686024000,0,0
1686027600,0,0
1686031200,0,0
1686034800,0,0
1686038400,0,0
1686042000,0,0
1686045600,0,0
1686049200,0,0
1686052800,0,0
1686056400,0,0
1686060000,0,0
1686063600,0,0
1686067200,0,0
1686070800,0,0
1686074400,0,0
1686078000,0,0
1686081600,0,0
1686085200,0,0
1686088800,0,0
1686092400,0,0
1686096000,0,0
1686099600,0,0
1686103200,0,0
1686106800,0,0
1686110400,0,0
1686114000,0,0
1686117600,0,0
1686121200,0,0
1686124800,0,0
1686128400,0,0
1686132000,0,0
1686135600,0,0
1686139200,0,0
1686142800,0,0
1686146400,0,0
1686150000,0,0
1686153600,0,0
1686157200,0,0
1686160800,0,0
1686164400,0,0
1686168000,0,0
1686171600,0,0
1686175200,0,0
1686178800,0,0
1686182400,0,0
1686186000,0,0
1686189600,0,0
1686193200,0,0
1686196800,0,0
1686200400,0,0
1686204000,0,0
1686207600,0,0
1686211200,0,0
1686214800,0,0
1686218400,0,0
1686222000,0,0
1686225600,0,0
1686229200,0,0
1686232800,0,0
1686236400,0,0
1686240000,0,0
1686243600,0,0
1686247200,0,0
1686250800,0,0
1686254400,0,0
1686258000,0,0
1686261600,0,0
1686265200,0,0
1686268800,0,0
1686272400,0,0
1686276000,0,0
1686279600,0,0
1686283200,0,0
1686286800,0,0
1686290400,0,0
1686294000,0,0
1686297600,0,0
1686301200,0,0
1686304800,0,0
1686308400,0,0
1686312000,0,0
1686315600,0,0
1686319200,0,0
1686322800,0,0
1686326400,0,0
1686330000,0,0
1686333600,0,0
1686337200,0,0
1686340800,0,0
1686344400,0,0
1686348000,0,0
1686351600,0,0
1686355200,0,0
1686358800,0,0
1686362400,0,0
1686538800,0,0
1686542400,0,0
1686546000,0,0
1686549600,0,0
1686553200,0,0
1686556800,0,0
1686560400,0,0
1686564000,0,0
1686567600,0,0
1686571200,0,0
1686574800,0,0
1686578400,0,0
1686582000,0,0
1686585600,0,0
1686589200,0,0
1686592800,0,0
1686596400,0,0
1686600000,0,0
1686603600,0,0
1686607200,0,0
1686610800,0,0
1686614400,0,0
1686618000,0,0
1686621600,0,0
1686625200,0,0
1686628800,0,0
1686632400,0,0
1686636000,0,0
1686639600,0,0
1686643200,0,0
1686646800,0,0
1686650400,0,0
1686654000,0,0
1686657600,0,0
1686661200,0,0
1686664800,0,0
1686668400,0,0
1686672000,0,0
1686675600,0,0
1686679200,0,0
1686682800,0,0
1686686400,0,0
1686690000,0,0
1686693600,0,0
1686697200,0,0
1686700800,0,0
1686704400,0,0
1686708000,0,0
1686711600,0,0
1686715200,0,0
1686718800,0,0
1686722400,0,0
1686726000,0,0
1686729600,0,0
1686733200,0,0
1686736800,0,0
1686740400,0,0
1686744000,0,0
1686747600,0,0
1686751200,0,0
1686754800,0,0
1686758400,0,0
1686762000,0,0
1686765600,0,0
1686769200,0,0
1686772800,0,0
1686776400,0,0
1686780000,0,0
1686783600,0,0
1686787200,0,0
1686790800,0,0
1686794400,0,0
1686798000,0,0
1686801600,0,0
1686805200,0,0
1686808800,0,0
1686812400,0,0
1686816000,0,0
1686819600,0,0
1686823200,0,0
1686826800,0,0
1686830400,0,0
1686834000,0,0
1686837600,0,0
1686841200,0,0
1686844800,0,0
1686848400,0,0
1686852000,0,0
1686855600,0,0
1686859200,0,0
1686862800,0,0
1686866400,0,0
1686870000,0,0
1686873600,0,0
1686877200,0,0
1686880800,0,0
1686884400,0,0
1686888000,0,0
1686891600,0,0
1686895200,0,0
1686898800,0,0
1686902400,0,0
1686906000,0,0
1686909600,0,0
1686913200,0,0
1686916800,0,0
1686920400,0,0
1686924000,0,0
1686927600,0,0
1686931200,0,0
1686934800,0,0
1686938400,0,0
1686942000,0,0
1686945600,0,0
1686949200,0,0
1686952800,0,0
1686956400,0,0
1686960000,0,0
1686963600,0,0
1686967200,0,0
1687230000,0,0
1687233600,0,0
1687237200,0,0
1687240800,0,0
1687244400,0,0
1687248000,0,0
1687251600,0,0
1687255200,0,0
1687258800,0,0
1687262400,0,0
1687266000,0,0
1687269600,0,0
1687273200,0,0
1687276800,0,0
1687280400,0,0
1687284000,0,0
1687287600,0,0
1687291200,0,0
1687294800,0,0
1687298400,0,0
1687302000,0,0
1687305600,0,0
1687309200,0,0
1687312800,0,0
1687316400,0,0
1687320000,0,0
1687323600,0,0
1687327200,0,0
1687330800,0,0
1687334400,0,0
1687338000,0,0
1687341600,0,0
1687345200,0,0
1687348800,0,0
1687352400,0,0
1687356000,0,0
1687359600,0,0
1687363200,0,0
1687366800,0,0
1687370400,0,0
1687374000,0,0
1687377600,0,0
1687381200,0,0
1687384800,0,0
1687388400,0,0
1687392000,0,0
1687395600,0,0
1687399200,0,0
1687402800,0,0
1687406400,0,0
1687410000,0,0
1687413600,0,0
1687417200,0,0
1687420800,0,0
1687424400,0,0
1687428000,0,0
1687431600,0,0
1687435200,0,0
1687438800,0,0
1687442400,0,0
1687446000,0,0
1687449600,0,0
1687453200,0,0
1687456800,0,0
1687460400,0,0
1687464000,0,0
1687467600,0,0
1687471200,0,0
1687474800,0,0
1687478400,0,0
1687482000,0,0
1687485600,0,0
1687489200,0,0
1687492800,0,0
1687496400,0,0
1687500000,0,0
1687503600,0,0
1687507200,0,0
1687510800,0,0
1687514400,0,0
1687518000,0,0
1687521600,0,0
1687525200,0,0
1687528800,0,0
1687532400,0,0
1687536000,0,0
1687539600,0,0
1687543200,0,0
1687546800,0,0
1687550400,0,0
1687554000,0,0
1687557600,0,0
1687561200,0,0
1687564800,0,0
1687568400,0,0
1687572000,0,0
1687748400,0,0
1687752000,0,0
1687755600,0,0
1687759200,0,0
1687762800,0,0
1687766400,0,0
1687770000,0,0
1687773600,0,0
1687777200,0,0
1687780800,0,0
1687784400,0,0
1687788000,0,0
1687791600,0,0
1687795200,0,0
1687798800,0,0
1687802400,0,0
1687806000,0,0
1687809600,0,0
1687813200,0,0
1687816800,0,0
1687820400,0,0
1687824000,0,0
1687827600,0,0
1687831200,0,0
1687834800,0,0
1687838400,0,0
1687842000,0,0
1687845600,0,0
1687849200,0,0
1687852800,0,0
1687856400,0,0
1687860000,0,0
1687863600,0,0
1687867200,0,0
1687870800,0,0
1687874400,0,0
1687878000,0,0
1687881600,0,0
1687885200,0,0
1687888800,0,0
1687892400,0,0
1687896000,0,0
1687899600,0,0
1687903200,0,0
1687906800,0,0
1687910400,0,0
1687914000,0,0
1687917600,0,0
1687921200,0,0
1687924800,0,0
1687928400,0,0
1687932000,0,0
1687935600,0,0
1687939200,0,0
1687942800,0,0
1687946400,0,0
1687950000,0,0
1687953600,0,0
1687957200,0,0
1687960800,0,0
1687964400,0,0
1687968000,0,0
1687971600,0,0
1687975200,0,0
1687978800,0,0
1687982400,0,0
1687986000,0,0
1687989600,0,0
1687993200,0,0
1687996800,0,0
1688000400,0,0
1688004000,0,0
1688007600,0,0
1688011200,0,0
1688014800,0,0
1688018400,0,0
1688022000,0,0
1688025600,0,0
1688029200,0,0
1688032800,0,0
1688036400,0,0
1688040000,0,0
1688043600,0,0
1688047200,0,0
1688050800,0,0
1688054400,0,0
1688058000,0,0
1688061600,0,0
1688065200,0,0
1688068800,0,0
1688072400,0,0
1688076000,0,0
1688079600,0,0
1688083200,0,0
1688086800,0,0
1688090400,0,0
1688094000,0,0
1688097600,0,0
1688101200,0,0
1688104800,0,0
1688108400,0,0
1688112000,0,0
1688115600,0,0
1688119200,0,0
1688122800,0,0
1688126400,0,0
1688130000,0,0
1688133600,0,0
1688137200,0,0
1688140800,0,0
1688144400,0,0
1688148000,0,0
1688151600,0,0
1688155200,0,0
1688158800,0,0
1688162400,0,0
1688166000,0,0
1688169600,0,0
1688173200,0,0
1688176800,0,0
1688353200,0,0
1688356800,0,0
1688360400,0,0
1688364000,0,0
1688367600,0,0
1688371200,0,0
1688374800,0,0
1688378400,0,0
1688382000,0,0
1688385600,0,0
1688389200,0,0
1688392800,0,0
1688396400,0,0
1688400000,0,0
1688403600,0,0
1688407200,0,0
1688410800,0,0
1688414400,0,0
1688418000,0,0
1688421600,0,0
1688425200,0,0
1688428800,0,0
1688432400,0,0
1688436000,0,0
1688526000,0,0
1688529600,0,0
1688533200,0,0
1688536800,0,0
1688540400,0,0
1688544000,0,0
1688547600,0,0
1688551200,0,0
1688554800,0,0
1688558400,0,0
1688562000,0,0
1688565600,0,0
1688569200,0,0
1688572800,0,0
1688576400,0,0
1688580000,0,0
1688583600,0,0
1688587200,0,0
1688590800,0,0
1688594400,0,0
1688598000,0,0
1688601600,0,0
1688605200,0,0
1688608800,0,0
1688612400,0,0
1688616000,0,0
1688619600,0,0
1688623200,0,0
1688626800,0,0
1688630400,0,0
1688634000,0,0
1688637600,0,0
1688641200,0,0
1688644800,0,0
1688648400,0,0
1688652000,0,0
1688655600,0,0
1688659200,0,0
1688662800,0,0
1688666400,0,0
1688670000,0,0
1688673600,0,0
1688677200,0,0
1688680800,0,0
1688684400,0,0
1688688000,0,0
1688691600,0,0
1688695200,0,0
1688698800,0,0
1688702400,0,0
1688706000,0,0
1688709600,0,0
1688713200,0,0
1688716800,0,0
1688720400,0,0
1688724000,0,0
1688727600,0,0
1688731200,0,0
1688734800,0,0
1688738400,0,0
1688742000,0,0
1688745600,0,0
1688749200,0,0
1688752800,0,0
1688756400,0,0
1688760000,0,0
1688763600,0,0
1688767200,0,0
1688770800,0,0
1688774400,0,0
1688778000,0,0
1688781600,0,0
1688958000,0,0
1688961600,0,0
1688965200,0,0
1688968800,0,0
1688972400,0,0
1688976000,0,0
1688979600,0,0
1688983200,0,0
1688986800,0,0
1688990400,0,0
1688994000,0,0
1688997600,0,0
1689001200,0,0
1689004800,0,0
1689008400,0,0
1689012000,0,0
1689015600,0,0
1689019200,0,0
1689022800,0,0
1689026400,0,0
1689030000,0,0
1689033600,0,0
1689037200,0,0
1689040800,0,0
1689044400,0,0
1689048000,0,0
1689051600,0,0
1689055200,0,0
1689058800,0,0
1689062400,0,0
1689066000,0,0
1689069600,0,0
1689073200,0,0
1689076800,0,0
1689080400,0,0
1689084000,0,0
1689087600,0,0
1689091200,0,0
1689094800,0,0
1689098400,0,0
1689102000,0,0
1689105600,0,0
1689109200,0,0
1689112800,0,0
1689116400,0,0
1689120000,0,0
1689123600,0,0
1689127200,0,0
1689130800,0,0
1689134400,0,0
1689138000,0,0
1689141600,0,0
1689145200,0,0
1689148800,0,0
1689152400,0,0
1689156000,0,0
1689159600,0,0
1689163200,0,0
1689166800,0,0
1689170400,0,0
1689174000,0,0
1689177600,0,0
1689181200,0,0
1689184800,0,0
1689188400,0,0
1689192000,0,0
1689195600,0,0
1689199200,0,0
1689202800,0,0
1689206400,0,0
1689210000,0,0
1689213600,0,0
1689217200,0,0
1689220800,0,0
1689224400,0,0
1689228000,0,0
1689231600,0,0
1689235200,0,0
1689238800,0,0
1689242400,0,0
1689246000,0,0
1689249600,0,0
1689253200,0,0
1689256800,0,0
1689260400,0,0
1689264000,0,0
1689267600,0,0
1689271200,0,0
1689274800,0,0
1689278400,0,0
1689282000,0,0
1689285600,0,0
1689289200,0,0
1689292800,0,0
1689296400,0,0
1689300000,0,0
1689303600,0,0
1689307200,0,0
1689310800,0,0
1689314400,0,0
1689318000,0,0
1689321600,0,0
1689325200,0,0
1689328800,0,0
1689332400,0,0
1689336000,0,0
1689339600,0,0
1689343200,0,0
1689346800,0,0
1689350400,0,0
1689354000,0,0
1689357600,0,0
1689361200,0,0
1689364800,0,0
1689368400,0,0
1689372000,0,0
1689375600,0,0
1689379200,0,0
1689382800,0,0
1689386400,0,0
1689562800,0,0
1689566400,0,0
1689570000,0,0
1689573600,0,0
1689577200,0,0
1689580800,0,0
1689584400,0,0
1689588000,0,0
1689591600,0,0
1689595200,0,0
1689598800,0,0
1689602400,0,0
1689606000,0,0
1689609600,0,0
1689613200,0,0
1689616800,0,0
1689620400,0,0
1689624000,0,0
1689627600,0,0
1689631200,0,0
1689634800,0,0
1689638400,0,0
1689642000,0,0
1689645600,0,0
1689649200,0,0
1689652800,0,0
1689656400,0,0
1689660000,0,0
1689663600,0,0
1689667200,0,0
1689670800,0,0
1689674400,0,0
1689678000,0,0
1689681600,0,0
1689685200,0,0
1689688800,0,0
1689692400,0,0
1689696000,0,0
1689699600,0,0
1689703200,0,0
1689706800,0,0
1689710400,0,0
1689714000,0,0
1689717600,0,0
1689721200,0,0
1689724800,0,0
1689728400,0,0
1689732000,0,0
1689735600,0,0
1689739200,0,0
1689742800,0,0
1689746400,0,0
1689750000,0,0
1689753600,0,0
1689757200,0,0
1689760800,0,0
1689764400,0,0
1689768000,0,0
1689771600,0,0
1689775200,0,0
1689778800,0,0
1689782400,0,0
1689786000,0,0
1689789600,0,0
1689793200,0,0
1689796800,0,0
1689800400,0,0
1689804000,0,0
1689807600,0,0
1689811200,0,0
1689814800,0,0
1689818400,0,0
1689822000,0,0
1689825600,0,0
1689829200,0,0
1689832800,0,0
1689836400,0,0
1689840000,0,0
1689843600,0,0
1689847200,0,0
1689850800,0,0
1689854400,0,0
1689858000,0,0
1689861600,0,0
1689865200,0,0
1689868800,0,0
1689872400,0,0
1689876000,0,0
1689879600,0,0
1689883200,0,0
1689886800,0,0
1689890400,0,0
1689894000,0,0
1689897600,0,0
1689901200,0,0
1689904800,0,0
1689908400,0,0
1689912000,0,0
1689915600,0,0
1689919200,0,0
1689922800,0,0
1689926400,0,0
1689930000,0,0
1689933600,0,0
1689937200,0,0
1689940800,0,0
1689944400,0,0
1689948000,0,0
1689951600,0,0
1689955200,0,0
1689958800,0,0
1689962400,0,0
1689966000,0,0
1689969600,0,0
1689973200,0,0
1689976800,0,0
1689980400,0,0
1689984000,0,0
1689987600,0,0
1689991200,0,0
1690167600,0,0
1690171200,0,0
1690174800,0,0
1690178400,0,0
1690182000,0,0
1690185600,0,0
1690189200,0,0
1690192800,0,0
1690196400,0,0
1690200000,0,0
1690203600,0,0
1690207200,0,0
1690210800,0,0
1690214400,0,0
1690218000,0,0
1690221600,0,0
1690225200,0,0
1690228800,0,0
1690232400,0,0
1690236000,0,0
1690239600,0,0
1690243200,0,0
1690246800,0,0
1690250400,0,0
1690254000,0,0
1690257600,0,0
1690261200,0,0
1690264800,0,0
1690268400,0,0
1690272000,0,0
1690275600,0,0
1690279200,0,0
1690282800,0,0
1690286400,0,0
1690290000,0,0
1690293600,0,0
1690297200,0,0
1690300800,0,0
1690304400,0,0
1690308000,0,0
1690311600,0,0
1690315200,0,0
1690318800,0,0
1690322400,0,0
1690326000,0,0
1690329600,0,0
1690333200,0,0
1690336800,0,0
1690340400,0,0
1690344000,0,0
1690347600,0,0
1690351200,0,0
1690354800,0,0
1690358400,0,0
1690362000,0,0
1690365600,0,0
1690369200,0,0
1690372800,0,0
1690376400,0,0
1690380000,0,0
1690383600,0,0
1690387200,0,0
1690390800,0,0
1690394400,0,0
1690398000,0,0
1690401600,0,0
1690405200,0,0
1690408800,0,0
1690412400,0,0
1690416000,0,0
1690419600,0,0
1690423200,0,0
1690426800,0,0
1690430400,0,0
1690434000,0,0
1690437600,0,0
1690441200,0,0
1690444800,0,0
1690448400,0,0
1690452000,0,0
1690455600,0,0
1690459200,0,0
1690462800,0,0
1690466400,0,0
1690470000,0,0
1690473600,0,0
1690477200,0,0
1690480800,0,0
1690484400,0,0
1690488000,0,0
1690491600,0,0
1690495200,0,0
1690498800,0,0
1690502400,0,0
1690506000,0,0
1690509600,0,0
1690513200,0,0
1690516800,0,0
1690520400,0,0
1690524000,0,0
1690527600,0,0
1690531200,0,0
1690534800,0,0
1690538400,0,0
1690542000,0,0
1690545600,0,0
1690549200,0,0
1690552800,0,0
1690556400,0,0
1690560000,0,0
1690563600,0,0
1690567200,0,0
1690570800,0,0
1690574400,0,0
1690578000,0,0
1690581600,0,0
1690585200,0,0
1690588800,0,0
1690592400,0,0
1690596000,0,0
1690772400,0,0
1690776000,0,0
1690779600,0,0
1690783200,0,0
1690786800,0,0
1690790400,0,0
1690794000,0,0
1690797600,0,0
1690801200,0,0
1690804800,0,0
1690808400,0,0
1690812000,0,0
1690815600,0,0
1690819200,0,0
1690822800,0,0
1690826400,0,0
1690830000,0,0
1690833600,0,0
1690837200,0,0
1690840800,0,0
1690844400,0,0
1690848000,0,0
1690851600,0,0
1690855200,0,0
1690858800,0,0
1690862400,0,0
1690866000,0,0
1690869600,0,0
1690873200,0,0
1690876800,0,0
1690880400,0,0
1690884000,0,0
1690887600,0,0
1690891200,0,0
1690894800,0,0
1690898400,0,0
1690902000,0,0
1690905600,0,0
1690909200,0,0
1690912800,0,0
1690916400,0,0
1690920000,0,0
1690923600,0,0
1690927200,0,0
1690930800,0,0
1690934400,0,0
1690938000,0,0
1690941600,0,0
1690945200,0,0
1690948800,0,0
1690952400,0,0
1690956000,0,0
1690959600,0,0
1690963200,0,0
1690966800,0,0
1690970400,0,0
1690974000,0,0
1690977600,0,0
1690981200,0,0
1690984800,0,0
1690988400,0,0
1690992000,0,0
1690995600,0,0
1690999200,0,0
1691002800,0,0
1691006400,0,0
1691010000,0,0
1691013600,0,0
1691017200,0,0
1691020800,0,0
1691024400,0,0
1691028000,0,0
1691031600,0,0
1691035200,0,0
1691038800,0,0
1691042400,0,0
1691046000,0,0
1691049600,0,0
1691053200,0,0
1691056800,0,0
1691060400,0,0
1691064000,0,0
1691067600,0,0
1691071200,0,0
1691074800,0,0
1691078400,0,0
1691082000,0,0
1691085600,0,0
1691089200,0,0
1691092800,0,0
1691096400,0,0
1691100000,0,0
1691103600,0,0
1691107200,0,0
1691110800,0,0
1691114400,0,0
1691118000,0,0
1691121600,0,0
1691125200,0,0
1691128800,0,0
1691132400,0,0
1691136000,0,0
1691139600,0,0
1691143200,0,0
1691146800,0,0
1691150400,0,0
1691154000,0,0
1691157600,0,0
1691161200,0,0
1691164800,0,0
1691168400,0,0
1691172000,0,0
1691175600,0,0
1691179200,0,0
1691182800,0,0
1691186400,0,0
1691190000,0,0
1691193600,0,0
1691197200,0,0
1691200800,0,0
1691377200,0,0
1691380800,0,0
1691384400,0,0
1691388000,0,0
1691391600,0,0
1691395200,0,0
1691398800,0,0
1691402400,0,0
1691406000,0,0
1691409600,0,0
1691413200,0,0
1691416800,0,0
1691420400,0,0
1691424000,0,0
1691427600,0,0
1691431200,0,0
1691434800,0,0
1691438400,0,0
1691442000,0,0
1691445600,0,0
1691449200,0,0
1691452800,0,0
1691456400,0,0
1691460000,0,0
1691463600,0,0
1691467200,0,0
1691470800,0,0
1691474400,0,0
1691478000,0,0
1691481600,0,0
1691485200,0,0
1691488800,0,0
1691492400,0,0
1691496000,0,0
1691499600,0,0
1691503200,0,0
1691506800,0,0
1691510400,0,0
1691514000,0,0
1691517600,0,0
1691521200,0,0
1691524800,0,0
1691528400,0,0
1691532000,0,0
1691535600,0,0
1691539200,0,0
1691542800,0,0
1691546400,0,0
1691550000,0,0
1691553600,0,0
1691557200,0,0
1691560800,0,0
1691564400,0,0
1691568000,0,0
1691571600,0,0
1691575200,0,0
1691578800,0,0
1691582400,0,0
1691586000,0,0
1691589600,0,0
1691593200,0,0
1691596800,0,0
1691600400,0,0
1691604000,0,0
1691607600,0,0
1691611200,0,0
1691614800,0,0
1691618400,0,0
1691622000,0,0
1691625600,0,0
1691629200,0,0
1691632800,0,0
1691636400,0,0
1691640000,0,0
1691643600,0,0
1691647200,0,0
1691650800,0,0
1691654400,0,0
1691658000,0,0
1691661600,0,0
1691665200,0,0
1691668800,0,0
1691672400,0,0
1691676000,0,0
1691679600,0,0
1691683200,0,0
1691686800,0,0
1691690400,0,0
1691694000,0,0
1691697600,0,0
1691701200,0,0
1691704800,0,0
1691708400,0,0
1691712000,0,0
1691715600,0,0
1691719200,0,0
1691722800,0,0
1691726400,0,0
1691730000,0,0
1691733600,0,0
1691737200,0,0
1691740800,0,0
1691744400,0,0
1691748000,0,0
1691751600,0,0
1691755200,0,0
1691758800,0,0
1691762400,0,0
1691766000,0,0
1691769600,0,0
1691773200,0,0
1691776800,0,0
1691780400,0,0
1691784000,0,0
1691787600,0,0
1691791200,0,0
1691794800,0,0
1691798400,0,0
1691802000,0,0
1691805600,0,0
1691982000,0,0
1691985600,0,0
1691989200,0,0
1691992800,0,0
1691996400,0,0
1692000000,0,0
1692003600,0,0
1692007200,0,0
1692010800,0,0
1692014400,0,0
1692018000,0,0
1692021600,0,0
1692025200,0,0
1692028800,0,0
1692032400,0,0
1692036000,0,0
1692039600,0,0
1692043200,0,0
1692046800,0,0
1692050400,0,0
1692054000,0,0
1692057600,0,0
1692061200,0,0
1692064800,0,0
1692068400,0,0
1692072000,0,0
1692075600,0,0
1692079200,0,0
1692082800,0,0
1692086400,0,0
1692090000,0,0
1692093600,0,0
1692097200,0,0
1692100800,0,0
1692104400,0,0
1692108000,0,0
1692111600,0,0
1692115200,0,0
1692118800,0,0
1692122400,0,0
1692126000,0,0
1692129600,0,0
1692133200,0,0
1692136800,0,0
1692140400,0,0
1692144000,0,0
1692147600,0,0
1692151200,0,0
1692154800,0,0
1692158400,0,0
1692162000,0,0
1692165600,0,0
1692169200,0,0
1692172800,0,0
1692176400,0,0
1692180000,0,0
1692183600,0,0
1692187200,0,0
1692190800,0,0
1692194400,0,0
1692198000,0,0
1692201600,0,0
1692205200,0,0
1692208800,0,0
1692212400,0,0
1692216000,0,0
1692219600,0,0
1692223200,0,0
1692226800,0,0
1692230400,0,0
1692234000,0,0
1692237600,0,0
1692241200,0,0
1692244800,0,0
1692248400,0,0
1692252000,0,0
1692255600,0,0
1692259200,0,0
1692262800,0,0
1692266400,0,0
1692270000,0,0
1692273600,0,0
1692277200,0,0
1692280800,0,0
1692284400,0,0
1692288000,0,0
1692291600,0,0
1692295200,0,0
1692298800,0,0
1692302400,0,0
1692306000,0,0
1692309600,0,0
1692313200,0,0
1692316800,0,0
1692320400,0,0
1692324000,0,0
1692327600,0,0
1692331200,0,0
1692334800,0,0
1692338400,0,0
1692342000,0,0
1692345600,0,0
1692349200,0,0
1692352800,0,0
1692356400,0,0
1692360000,0,0
1692363600,0,0
1692367200,0,0
1692370800,0,0
1692374400,0,0
1692378000,0,0
1692381600,0,0
1692385200,0,0
1692388800,0,0
1692392400,0,0
1692396000,0,0
1692399600,0,0
1692403200,0,0
1692406800,0,0
1692410400,0,0
1692586800,0,0
1692590400,0,0
1692594000,0,0
1692597600,0,0
1692601200,0,0
1692604800,0,0
1692608400,0,0
1692612000,0,0
1692615600,0,0
1692619200,0,0
1692622800,0,0
1692626400,0,0
1692630000,0,0
1692633600,0,0
1692637200,0,0
1692640800,0,0
1692644400,0,0
1692648000,0,0
1692651600,0,0
1692655200,0,0
1692658800,0,0
1692662400,0,0
1692666000,0,0
1692669600,0,0
1692673200,0,0
1692676800,0,0
1692680400,0,0
1692684000,0,0
1692687600,0,0
1692691200,0,0
1692694800,0,0
1692698400,0,0
1692702000,0,0
1692705600,0,0
1692709200,0,0
1692712800,0,0
1692716400,0,0
1692720000,0,0
1692723600,0,0
1692727200,0,0
1692730800,0,0
1692734400,0,0
1692738000,0,0
1692741600,0,0
1692745200,0,0
1692748800,0,0
1692752400,0,0
1692756000,0,0
1692759600,0,0
1692763200,0,0
1692766800,0,0
1692770400,0,0
1692774000,0,0
1692777600,0,0
1692781200,0,0
1692784800,0,0
1692788400,0,0
1692792000,0,0
1692795600,0,0
1692799200,0,0
1692802800,0,0
1692806400,0,0
1692810000,0,0
1692813600,0,0
1692817200,0,0
1692820800,0,0
1692824400,0,0
1692828000,0,0
1692831600,0,0
1692835200,0,0
1692838800,0,0
1692842400,0,0
1692846000,0,0
1692849600,0,0
1692853200,0,0
1692856800,0,0
1692860400,0,0
1692864000,0,0
1692867600,0,0
1692871200,0,0
1692874800,0,0
1692878400,0,0
1692882000,0,0
1692885600,0,0
1692889200,0,0
1692892800,0,0
1692896400,0,0
1692900000,0,0
1692903600,0,0
1692907200,0,0
1692910800,0,0
1692914400,0,0
1692918000,0,0
1692921600,0,0
1692925200,0,0
1692928800,0,0
1692932400,0,0
1692936000,0,0
1692939600,0,0
1692943200,0,0
1692946800,0,0
1692950400,0,0
1692954000,0,0
1692957600,0,0
1692961200,0,0
1692964800,0,0
1692968400,0,0
1692972000,0,0
1692975600,0,0
1692979200,0,0
1692982800,0,0
1692986400,0,0
1692990000,0,0
1692993600,0,0
1692997200,0,0
1693000800,0,0
1693004400,0,0
1693008000,0,0
1693011600,0,0
1693015200,0,0
1693191600,0,0
1693195200,0,0
1693198800,0,0
1693202400,0,0
1693206000,0,0
1693209600,0,0
1693213200,0,0
1693216800,0,0
1693220400,0,0
1693224000,0,0
1693227600,0,0
1693231200,0,0
1693234800,0,0
1693238400,0,0
1693242000,0,0
1693245600,0,0
1693249200,0,0
1693252800,0,0
1693256400,0,0
1693260000,0,0
1693263600,0,0
1693267200,0,0
1693270800,0,0
1693274400,0,0
1693278000,0,0
1693281600,0,0
1693285200,0,0
1693288800,0,0
1693292400,0,0
1693296000,0,0
1693299600,0,0
1693303200,0,0
1693306800,0,0
1693310400,0,0
1693314000,0,0
1693317600,0,0
1693321200,0,0
1693324800,0,0
1693328400,0,0
1693332000,0,0
1693335600,0,0
1693339200,0,0
1693342800,0,0
1693346400,0,0
1693350000,0,0
1693353600,0,0
1693357200,0,0
1693360800,0,0
1693364400,0,0
1693368000,0,0
1693371600,0,0
1693375200,0,0
1693378800,0,0
1693382400,0,0
1693386000,0,0
1693389600,0,0
1693393200,0,0
1693396800,0,0
1693400400,0,0
1693404000,0,0
1693407600,0,0
1693411200,0,0
1693414800,0,0
1693418400,0,0
1693422000,0,0
1693425600,0,0
1693429200,0,0
1693432800,0,0
1693436400,0,0
1693440000,0,0
1693443600,0,0
1693447200,0,0
1693450800,0,0
1693454400,0,0
1693458000,0,0
1693461600,0,0
1693465200,0,0
1693468800,0,0
1693472400,0,0
1693476000,0,0
1693479600,0,0
1693483200,0,0
1693486800,0,0
1693490400,0,0
1693494000,0,0
1693497600,0,0
1693501200,0,0
1693504800,0,0
1693508400,0,0
1693512000,0,0
1693515600,0,0
1693519200,0,0
1693522800,0,0
1693526400,0,0
1693530000,0,0
1693533600,0,0
1693537200,0,0
1693540800,0,0
1693544400,0,0
1693548000,0,0
1693551600,0,0
1693555200,0,0
1693558800,0,0
1693562400,0,0
1693566000,0,0
1693569600,0,0
1693573200,0,0
1693576800,0,0
1693580400,0,0
1693584000,0,0
1693587600,0,0
1693591200,0,0
1693594800,0,0
1693598400,0,0
1693602000,0,0
1693605600,0,0
1693609200,0,0
1693612800,0,0
1693616400,0,0
1693620000,0,0
1693882800,0,0
1693886400,0,0
1693890000,0,0
1693893600,0,0
1693897200,0,0
1693900800,0,0
1693904400,0,0
1693908000,0,0
1693911600,0,0
1693915200,0,0
1693918800,0,0
1693922400,0,0
1693926000,0,0
1693929600,0,0
1693933200,0,0
1693936800,0,0
1693940400,0,0
1693944000,0,0
1693947600,0,0
1693951200,0,0
1693954800,0,0
1693958400,0,0
1693962000,0,0
1693965600,0,0
1693969200,0,0
1693972800,0,0
1693976400,0,0
1693980000,0,0
1693983600,0,0
1693987200,0,0
1693990800,0,0
1693994400,0,0
1693998000,0,0
1694001600,0,0
1694005200,0,0
1694008800,0,0
1694012400,0,0
1694016000,0,0
1694019600,0,0
1694023200,0,0
1694026800,0,0
1694030400,0,0
1694034000,0,0
1694037600,0,0
1694041200,0,0
1694044800,0,0
1694048400,0,0
1694052000,0,0
1694055600,0,0
1694059200,0,0
1694062800,0,0
1694066400,0,0
1694070000,0,0
1694073600,0,0
1694077200,0,0
1694080800,0,0
1694084400,0,0
1694088000,0,0
1694091600,0,0
1694095200,0,0
1694098800,0,0
1694102400,0,0
1694106000,0,0
1694109600,0,0
1694113200,0,0
1694116800,0,0
1694120400,0,0
1694124000,0,0
1694127600,0,0
1694131200,0,0
1694134800,0,0
1694138400,0,0
1694142000,0,0
1694145600,0,0
1694149200,0,0
1694152800,0,0
1694156400,0,0
1694160000,0,0
1694163600,0,0
1694167200,0,0
1694170800,0,0
1694174400,0,0
1694178000,0,0
1694181600,0,0
1694185200,0,0
1694188800,0,0
1694192400,0,0
1694196000,0,0
1694199600,0,0
1694203200,0,0
1694206800,0,0
1694210400,0,0
1694214000,0,0
1694217600,0,0
1694221200,0,0
1694224800,0,0
1694401200,0,0
1694404800,0,0
1694408400,0,0
1694412000,0,0
1694415600,0,0
1694419200,0,0
1694422800,0,0
1694426400,0,0
1694430000,0,0
1694433600,0,0
1694437200,0,0
1694440800,0,0
1694444400,0,0
1694448000,0,0
1694451600,0,0
1694455200,0,0
1694458800,0,0
1694462400,0,0
1694466000,0,0
1694469600,0,0
1694473200,0,0
1694476800,0,0
1694480400,0,0
1694484000,0,0
1694487600,0,0
1694491200,0,0
1694494800,0,0
1694498400,0,0
1694502000,0,0
1694505600,0,0
1694509200,0,0
1694512800,0,0
1694516400,0,0
1694520000,0,0
1694523600,0,0
1694527200,0,0
1694530800,0,0
1694534400,0,0
1694538000,0,0
1694541600,0,0
1694545200,0,0
1694548800,0,0
1694552400,0,0
1694556000,0,0
1694559600,0,0
1694563200,0,0
1694566800,0,0
1694570400,0,0
1694574000,0,0
1694577600,0,0
1694581200,0,0
1694584800,0,0
1694588400,0,0
1694592000,0,0
1694595600,0,0
1694599200,0,0
1694602800,0,0
1694606400,0,0
1694610000,0,0
1694613600,0,0
1694617200,0,0
1694620800,0,0
1694624400,0,0
1694628000,0,0
1694631600,0,0
1694635200,0,0
1694638800,0,0
1694642400,0,0
1694646000,0,0
1694649600,0,0
1694653200,0,0
1694656800,0,0
1694660400,0,0
1694664000,0,0
1694667600,0,0
1694671200,0,0
1694674800,0,0
1694678400,0,0
1694682000,0,0
1694685600,0,0
1694689200,0,0
1694692800,0,0
1694696400,0,0
1694700000,0,0
1694703600,0,0
1694707200,0,0
1694710800,0,0
1694714400,0,0
1694718000,0,0
1694721600,0,0
1694725200,0,0
1694728800,0,0
1694732400,0,0
1694736000,0,0
1694739600,0,0
1694743200,0,0
1694746800,0,0
1694750400,0,0
1694754000,0,0
1694757600,0,0
1694761200,0,0
1694764800,0,0
1694768400,0,0
1694772000,0,0
1694775600,0,0
1694779200,0,0
1694782800,0,0
1694786400,0,0
1694790000,0,0
1694793600,0,0
1694797200,0,0
1694800800,0,0
1694804400,0,0
1694808000,0,0
1694811600,0,0
1694815200,0,0
1694818800,0,0
1694822400,0,0
1694826000,0,0
1694829600,0,0
1695006000,0,0
1695009600,0,0
1695013200,0,0
1695016800,0,0
1695020400,0,0
1695024000,0,0
1695027600,0,0
1695031200,0,0
1695034800,0,0
1695038400,0,0
1695042000,0,0
1695045600,0,0
1695049200,0,0
1695052800,0,0
1695056400,0,0
1695060000,0,0
1695063600,0,0
1695067200,0,0
1695070800,0,0
1695074400,0,0
1695078000,0,0
1695081600,0,0
1695085200,0,0
1695088800,0,0
1695092400,0,0
1695096000,0,0
1695099600,0,0
1695103200,0,0
1695106800,0,0
1695110400,0,0
1695114000,0,0
1695117600,0,0
1695121200,0,0
1695124800,0,0
1695128400,0,0
1695132000,0,0
1695135600,0,0
1695139200,0,0
1695142800,0,0
1695146400,0,0
1695150000,0,0
1695153600,0,0
1695157200,0,0
1695160800,0,0
1695164400,0,0
1695168000,0,0
1695171600,0,0
1695175200,0,0
1695178800,0,0
1695182400,0,0
1695186000,0,0
1695189600,0,0
1695193200,0,0
1695196800,0,0
1695200400,0,0
1695204000,0,0
1695207600,0,0
1695211200,0,0
1695214800,0,0
1695218400,0,0
1695222000,0,0
1695225600,0,0
1695229200,0,0
1695232800,0,0
1695236400,0,0
1695240000,0,0
1695243600,0,0
1695247200,0,0
1695250800,0,0
1695254400,0,0
1695258000,0,0
1695261600,0,0
1695265200,0,0
1695268800,0,0
1695272400,0,0
1695276000,0,0
1695279600,0,0
1695283200,0,0
1695286800,0,0
1695290400,0,0
1695294000,0,0
1695297600,0,0
1695301200,0,0
1695304800,0,0
1695308400,0,0
1695312000,0,0
1695315600,0,0
1695319200,0,0
1695322800,0,0
1695326400,0,0
1695330000,0,0
1695333600,0,0
1695337200,0,0
1695340800,0,0
1695344400,0,0
1695348000,0,0
1695351600,0,0
1695355200,0,0
1695358800,0,0
1695362400,0,0
1695366000,0,0
1695369600,0,0
1695373200,0,0
1695376800,0,0
1695380400,0,0
1695384000,0,0
1695387600,0,0
1695391200,0,0
1695394800,0,0
1695398400,0,0
1695402000,0,0
1695405600,0,0
1695409200,0,0
1695412800,0,0
1695416400,0,0
1695420000,0,0
1695423600,0,0
1695427200,0,0
1695430800,0,0
1695434400,0,0
1695610800,0,0
1695614400,0,0
1695618000,0,0
1695621600,0,0
1695625200,0,0
1695628800,0,0
1695632400,0,0
1695636000,0,0
1695639600,0,0
1695643200,0,0
1695646800,0,0
1695650400,0,0
1695654000,0,0
1695657600,0,0
1695661200,0,0
1695664800,0,0
1695668400,0,0
1695672000,0,0
1695675600,0,0
1695679200,0,0
1695682800,0,0
1695686400,0,0
1695690000,0,0
1695693600,0,0
1695697200,0,0
1695700800,0,0
1695704400,0,0
1695708000,0,0
1695711600,0,0
1695715200,0,0
1695718800,0,0
1695722400,0,0
1695726000,0,0
1695729600,0,0
1695733200,0,0
1695736800,0,0
1695740400,0,0
1695744000,0,0
1695747600,0,0
1695751200,0,0
1695754800,0,0
1695758400,0,0
1695762000,0,0
1695765600,0,0
1695769200,0,0
1695772800,0,0
1695776400,0,0
1695780000,0,0
1695783600,0,0
1695787200,0,0
1695790800,0,0
1695794400,0,0
1695798000,0,0
1695801600,0,0
1695805200,0,0
1695808800,0,0
1695812400,0,0
1695816000,0,0
1695819600,0,0
1695823200,0,0
1695826800,0,0
1695830400,0,0
1695834000,0,0
1695837600,0,0
1695841200,0,0
1695844800,0,0
1695848400,0,0
1695852000,0,0
1695855600,0,0
1695859200,0,0
1695862800,0,0
1695866400,0,0
1695870000,0,0
1695873600,0,0
1695877200,0,0
1695880800,0,0
1695884400,0,0
1695888000,0,0
1695891600,0,0
1695895200,0,0
1695898800,0,0
1695902400,0,0
1695906000,0,0
1695909600,0,0
1695913200,0,0
1695916800,0,0
1695920400,0,0
1695924000,0,0
1695927600,0,0
1695931200,0,0
1695934800,0,0
1695938400,0,0
1695942000,0,0
1695945600,0,0
1695949200,0,0
1695952800,0,0
1695956400,0,0
1695960000,0,0
1695963600,0,0
1695967200,0,0
1695970800,0,0
1695974400,0,0
1695978000,0,0
1695981600,0,0
1695985200,0,0
1695988800,0,0
1695992400,0,0
1695996000,0,0
1695999600,0,0
1696003200,0,0
1696006800,0,0
1696010400,0,0
1696014000,0,0
1696017600,0,0
1696021200,0,0
1696024800,0,0
1696028400,0,0
1696032000,0,0
1696035600,0,0
1696039200,0,0
1696215600,0,0
1696219200,0,0
1696222800,0,0
1696226400,0,0
1696230000,0,0
1696233600,0,0
1696237200,0,0
1696240800,0,0
1696244400,0,0
1696248000,0,0
1696251600,0,0
1696255200,0,0
1696258800,0,0
1696262400,0,0
1696266000,0,0
1696269600,0,0
1696273200,0,0
1696276800,0,0
1696280400,0,0
1696284000,0,0
1696287600,0,0
1696291200,0,0
1696294800,0,0
1696298400,0,0
1696302000,0,0
1696305600,0,0
1696309200,0,0
1696312800,0,0
1696316400,0,0
1696320000,0,0
1696323600,0,0
1696327200,0,0
1696330800,0,0
1696334400,0,0
1696338000,0,0
1696341600,0,0
1696345200,0,0
1696348800,0,0
1696352400,0,0
1696356000,0,0
1696359600,0,0
1696363200,0,0
1696366800,0,0
1696370400,0,0
1696374000,0,0
1696377600,0,0
1696381200,0,0
1696384800,0,0
1696388400,0,0
1696392000,0,0
1696395600,0,0
1696399200,0,0
1696402800,0,0
1696406400,0,0
1696410000,0,0
1696413600,0,0
1696417200,0,0
1696420800,0,0
1696424400,0,0
1696428000,0,0
1696431600,0,0
1696435200,0,0
1696438800,0,0
1696442400,0,0
1696446000,0,0
1696449600,0,0
1696453200,0,0
1696456800,0,0
1696460400,0,0
1696464000,0,0
1696467600,0,0
1696471200,0,0
1696474800,0,0
1696478400,0,0
1696482000,0,0
1696485600,0,0
1696489200,0,0
1696492800,0,0
1696496400,0,0
1696500000,0,0
1696503600,0,0
1696507200,0,0
1696510800,0,0
1696514400,0,0
1696518000,0,0
1696521600,0,0
1696525200,0,0
1696528800,0,0
1696532400,0,0
1696536000,0,0
1696539600,0,0
1696543200,0,0
1696546800,0,0
1696550400,0,0
1696554000,0,0
1696557600,0,0
1696561200,0,0
1696564800,0,0
1696568400,0,0
1696572000,0,0
1696575600,0,0
1696579200,0,0
1696582800,0,0
1696586400,0,0
1696590000,0,0
1696593600,0,0
1696597200,0,0
1696600800,0,0
1696604400,0,0
1696608000,0,0
1696611600,0,0
1696615200,0,0
1696618800,0,0
1696622400,0,0
1696626000,0,0
1696629600,0,0
1696633200,0,0
1696636800,0,0
1696640400,0,0
1696644000,0,0
1696820400,0,0
1696824000,0,0
1696827600,0,0
1696831200,0,0
1696834800,0,0
1696838400,0,0
1696842000,0,0
1696845600,0,0
1696849200,0,0
1696852800,0,0
1696856400,0,0
1696860000,0,0
1696863600,0,0
1696867200,0,0
1696870800,0,0
1696874400,0,0
1696878000,0,0
1696881600,0,0
1696885200,0,0
1696888800,0,0
1696892400,0,0
1696896000,0,0
1696899600,0,0
1696903200,0,0
1696906800,0,0
1696910400,0,0
1696914000,0,0
1696917600,0,0
1696921200,0,0
1696924800,0,0
1696928400,0,0
1696932000,0,0
1696935600,0,0
1696939200,0,0
1696942800,0,0
1696946400,0,0
1696950000,0,0
1696953600,0,0
1696957200,0,0
1696960800,0,0
1696964400,0,0
1696968000,0,0
1696971600,0,0
1696975200,0,0
1696978800,0,0
1696982400,0,0
1696986000,0,0
1696989600,0,0
1696993200,0,0
1696996800,0,0
1697000400,0,0
1697004000,0,0
1697007600,0,0
1697011200,0,0
1697014800,0,0
1697018400,0,0
1697022000,0,0
1697025600,0,0
1697029200,0,0
1697032800,0,0
1697036400,0,0
1697040000,0,0
1697043600,0,0
1697047200,0,0
1697050800,0,0
1697054400,0,0
1697058000,0,0
1697061600,0,0
1697065200,0,0
1697068800,0,0
1697072400,0,0
1697076000,0,0
1697079600,0,0
1697083200,0,0
1697086800,0,0
1697090400,0,0
1697094000,0,0
1697097600,0,0
1697101200,0,0
1697104800,0,0
1697108400,0,0
1697112000,0,0
1697115600,0,0
1697119200,0,0
1697122800,0,0
1697126400,0,0
1697130000,0,0
1697133600,0,0
1697137200,0,0
1697140800,0,0
1697144400,0,0
1697148000,0,0
1697151600,0,0
1697155200,0,0
1697158800,0,0
1697162400,0,0
1697166000,2,1
1697169600,2,1
1697173200,2,1
1697176800,2,1
1697180400,2,1
1697184000,2,1
1697187600,2,1
1697191200,2,1
1697194800,2,1
1697198400,2,1
1697202000,2,1
1697205600,2,1
1697209200,2,1
1697212800,2,1
1697216400,2,1
1697220000,2,1
1697223600,2,1
1697227200,2,1
1697230800,2,1
1697234400,2,1
1697238000,2,1
1697241600,2,1
1697245200,2,1
1697248800,2,1
1697425200,2,1
1697428800,2,1
1697432400,2,1
1697436000,2,1
1697439600,2,1
1697443200,2,1
1697446800,2,1
1697450400,2,1
1697454000,2,1
1697457600,2,1
1697461200,2,1
1697464800,2,1
1697468400,2,1
1697472000,2,1
1697475600,2,1
1697479200,2,1
1697482800,2,1
1697486400,2,1
1697490000,2,1
1697493600,2,1
1697497200,2,1
1697500800,2,1
1697504400,2,1
1697508000,2,1
1697511600,2,1
1697515200,2,1
1697518800,2,1
1697522400,2,1
1697526000,2,1
1697529600,2,1
1697533200,2,1
1697536800,2,1
1697540400,2,1
1697544000,2,1
1697547600,2,1
1697551200,2,1
1697554800,2,1
1697558400,2,1
1697562000,2,1
1697565600,2,1
1697569200,2,1
1697572800,2,1
1697576400,2,1
1697580000,2,1
1697583600,2,1
1697587200,2,1
1697590800,2,1
1697594400,2,1
1697598000,2,1
1697601600,2,1
1697605200,2,1
1697608800,2,1
1697612400,2,1
1697616000,2,1
1697619600,2,1
1697623200,2,1
1697626800,2,1
1697630400,2,1
1697634000,2,1
1697637600,2,1
1697641200,2,1
1697644800,2,1
1697648400,2,1
1697652000,2,1
1697655600,2,1
1697659200,2,1
1697662800,2,1
1697666400,2,1
1697670000,2,1
1697673600,2,1
1697677200,2,1
1697680800,2,1
1697684400,2,1
1697688000,2,1
1697691600,2,1
1697695200,2,1
1697698800,2,1
1697702400,2,1
1697706000,2,1
1697709600,2,1
1697713200,2,1
1697716800,2,1
1697720400,2,1
1697724000,2,1
1697727600,2,1
1697731200,2,1
1697734800,2,1
1697738400,2,1
1697742000,2,1
1697745600,2,1
1697749200,2,1
1697752800,2,1
1697756400,2,1
1697760000,2,1
1697763600,2,1
1697767200,2,1
1697770800,2,1
1697774400,2,1
1697778000,2,1
1697781600,2,1
1697785200,2,1
1697788800,2,1
1697792400,2,1
1697796000,2,1
1697799600,2,1
1697803200,2,1
1697806800,2,1
1697810400,2,1
1697814000,2,1
1697817600,2,1
1697821200,2,1
1697824800,2,1
1697828400,2,1
1697832000,2,1
1697835600,2,1
1697839200,2,1
1697842800,2,1
1697846400,2,1
1697850000,2,1
1697853600,2,1
1698030000,2,1
1698033600,2,1
1698037200,2,1
1698040800,2,1
1698044400,2,1
1698048000,2,1
1698051600,2,1
1698055200,2,1
1698058800,2,1
1698062400,2,1
1698066000,2,1
1698069600,2,1
1698073200,2,1
1698076800,2,1
1698080400,2,1
1698084000,2,1
1698087600,2,1
1698091200,2,1
1698094800,2,1
1698098400,2,1
1698102000,2,1
1698105600,2,1
1698109200,2,1
1698112800,2,1
1698116400,2,1
1698120000,2,1
1698123600,2,1
1698127200,2,1
1698130800,2,1
1698134400,2,1
1698138000,2,1
1698141600,2,1
1698145200,2,1
1698148800,2,1
1698152400,2,1
1698156000,2,1
1698159600,2,1
1698163200,2,1
1698166800,2,1
1698170400,2,1
1698174000,2,1
1698177600,2,1
1698181200,2,1
1698184800,2,1
1698188400,2,1
1698192000,2,1
1698195600,2,1
1698199200,2,1
1698202800,2,1
1698206400,2,1
1698210000,2,1
1698213600,2,1
1698217200,2,1
1698220800,2,1
1698224400,2,1
1698228000,2,1
1698231600,2,1
1698235200,2,1
1698238800,2,1
1698242400,2,1
1698246000,2,1
1698249600,2,1
1698253200,2,1
1698256800,2,1
1698260400,2,1
1698264000,2,1
1698267600,2,1
1698271200,2,1
1698274800,2,1
1698278400,2,1
1698282000,2,1
1698285600,2,1
1698289200,2,1
1698292800,2,1
1698296400,2,1
1698300000,2,1
1698303600,2,1
1698307200,2,1
1698310800,2,1
1698314400,2,1
1698318000,2,1
1698321600,2,1
1698325200,2,1
1698328800,2,1
1698332400,2,1
1698336000,2,1
1698339600,2,1
1698343200,2,1
1698346800,2,1
1698350400,2,1
1698354000,2,1
1698357600,2,1
1698361200,2,1
1698364800,2,1
1698368400,2,1
1698372000,2,1
1698375600,2,1
1698379200,2,1
1698382800,2,1
1698386400,2,1
1698390000,2,1
1698393600,2,1
1698397200,2,1
1698400800,2,1
1698404400,2,1
1698408000,2,1
1698411600,2,1
1698415200,2,1
1698418800,2,1
1698422400,2,1
1698426000,2,1
1698429600,2,1
1698433200,2,1
1698436800,2,1
1698440400,2,1
1698444000,2,1
1698447600,2,1
1698451200,2,1
1698454800,2,1
1698458400,2,1
1698634800,2,1
1698638400,2,1
1698642000,2,1
1698645600,2,1
1698649200,2,1
1698652800,2,1
1698656400,2,1
1698660000,2,1
1698663600,2,1
1698667200,2,1
1698670800,2,1
1698674400,2,1
1698678000,2,1
1698681600,2,1
1698685200,2,1
1698688800,2,1
1698692400,2,1
1698696000,2,1
1698699600,2,1
1698703200,2,1
1698706800,2,1
1698710400,2,1
1698714000,2,1
1698717600,2,1
1698721200,2,1
1698724800,2,1
1698728400,2,1
1698732000,2,1
1698735600,2,1
1698739200,2,1
1698742800,2,1
1698746400,2,1
1698750000,2,1
1698753600,2,1
1698757200,2,1
1698760800,2,1
1698764400,2,1
1698768000,2,1
1698771600,2,1
1698775200,2,1
1698778800,2,1
1698782400,2,1
1698786000,2,1
1698789600,2,1
1698793200,2,1
1698796800,2,1
1698800400,2,1
1698804000,2,1
1698807600,2,1
1698811200,2,1
1698814800,2,1
1698818400,2,1
1698822000,2,1
1698825600,2,1
1698829200,2,1
1698832800,2,1
1698836400,2,1
1698840000,2,1
1698843600,2,1
1698847200,2,1
1698850800,2,1
1698854400,2,1
1698858000,2,1
1698861600,2,1
1698865200,2,1
1698868800,2,1
1698872400,2,1
1698876000,2,1
1698879600,2,1
1698883200,2,1
1698886800,2,1
1698890400,2,1
1698894000,2,1
1698897600,2,1
1698901200,2,1
1698904800,2,1
1698908400,2,1
1698912000,2,1
1698915600,2,1
1698919200,2,1
1698922800,2,1
1698926400,2,1
1698930000,2,1
1698933600,2,1
1698937200,2,1
1698940800,2,1
1698944400,2,1
1698948000,2,1
1698951600,2,1
1698955200,2,1
1698958800,2,1
1698962400,2,1
1698966000,2,1
1698969600,2,1
1698973200,2,1
1698976800,2,1
1698980400,2,1
1698984000,2,1
1698987600,2,1
1698991200,2,1
1698994800,2,1
1698998400,2,1
1699002000,2,1
1699005600,2,1
1699009200,2,1
1699012800,2,1
1699016400,2,1
1699020000,2,1
1699023600,2,1
1699027200,2,1
1699030800,2,1
1699034400,2,1
1699038000,2,1
1699041600,2,1
1699045200,2,1
1699048800,2,1
1699052400,2,1
1699056000,2,1
1699059600,2,1
1699063200,2,1
1699239600,0,0
1699243200,0,0
1699246800,0,0
1699250400,0,0
1699254000,0,0
1699257600,0,0
1699261200,0,0
1699264800,0,0
1699268400,0,0
1699272000,0,0
1699275600,0,0
1699279200,0,0
1699282800,0,0
1699286400,0,0
1699290000,0,0
1699293600,0,0
1699297200,0,0
1699300800,0,0
1699304400,0,0
1699308000,0,0
1699311600,0,0
1699315200,0,0
1699318800,0,0
1699322400,0,0
1699326000,0,0
1699329600,0,0
1699333200,0,0
1699336800,0,0
1699340400,0,0
1699344000,0,0
1699347600,0,0
1699351200,0,0
1699354800,0,0
1699358400,0,0
1699362000,0,0
1699365600,0,0
1699369200,0,0
1699372800,0,0
1699376400,0,0
1699380000,0,0
1699383600,0,0
1699387200,0,0
1699390800,0,0
1699394400,0,0
1699398000,0,0
1699401600,0,0
1699405200,0,0
1699408800,0,0
1699412400,0,0
1699416000,0,0
1699419600,0,0
1699423200,0,0
1699426800,0,0
1699430400,0,0
1699434000,0,0
1699437600,0,0
1699441200,0,0
1699444800,0,0
1699448400,0,0
1699452000,0,0
1699455600,0,0
1699459200,0,0
1699462800,0,0
1699466400,0,0
1699470000,0,0
1699473600,0,0
1699477200,0,0
1699480800,0,0
1699484400,0,0
1699488000,0,0
1699491600,0,0
1699495200,0,0
1699498800,0,0
1699502400,0,0
1699506000,0,0
1699509600,0,0
1699513200,0,0
1699516800,0,0
1699520400,0,0
1699524000,0,0
1699527600,0,0
1699531200,0,0
1699534800,0,0
1699538400,0,0
1699542000,0,0
1699545600,0,0
1699549200,0,0
1699552800,0,0
1699556400,0,0
1699560000,0,0
1699563600,0,0
1699567200,0,0
1699570800,0,0
1699574400,0,0
1699578000,0,0
1699581600,0,0
1699585200,0,0
1699588800,0,0
1699592400,0,0
1699596000,0,0
1699599600,0,0
1699603200,0,0
1699606800,0,0
1699610400,0,0
1699614000,0,0
1699617600,0,0
1699621200,0,0
1699624800,0,0
1699628400,0,0
1699632000,0,0
1699635600,0,0
1699639200,0,0
1699642800,0,0
1699646400,0,0
1699650000,0,0
1699653600,0,0
1699657200,0,0
1699660800,0,0
1699664400,0,0
1699668000,0,0
1699844400,0,0
1699848000,0,0
1699851600,0,0
1699855200,0,0
1699858800,0,0
1699862400,0,0
1699866000,0,0
1699869600,0,0
1699873200,0,0
1699876800,0,0
1699880400,0,0
1699884000,0,0
1699887600,0,0
1699891200,0,0
1699894800,0,0
1699898400,0,0
1699902000,0,0
1699905600,0,0
1699909200,0,0
1699912800,0,0
1699916400,0,0
1699920000,0,0
1699923600,0,0
1699927200,0,0
1699930800,0,0
1699934400,0,0
1699938000,0,0
1699941600,0,0
1699945200,0,0
1699948800,0,0
1699952400,0,0
1699956000,0,0
1699959600,0,0
1699963200,0,0
1699966800,0,0
1699970400,0,0
1699974000,0,0
1699977600,0,0
1699981200,0,0
1699984800,0,0
1699988400,0,0
1699992000,0,0
1699995600,0,0
1699999200,0,0
1700002800,0,0
1700006400,0,0
1700010000,0,0
1700013600,0,0
1700017200,0,0
1700020800,0,0
1700024400,0,0
1700028000,0,0
1700031600,0,0
1700035200,0,0
1700038800,0,0
1700042400,0,0
1700046000,0,0
1700049600,0,0
1700053200,0,0
1700056800,0,0
1700060400,0,0
1700064000,0,0
1700067600,0,0
1700071200,0,0
1700074800,0,0
1700078400,0,0
1700082000,0,0
1700085600,0,0
1700089200,0,0
1700092800,0,0
1700096400,0,0
1700100000,0,0
1700103600,0,0
1700107200,0,0
1700110800,0,0
1700114400,0,0
1700118000,0,0
1700121600,0,0
1700125200,0,0
1700128800,0,0
1700132400,0,0
1700136000,0,0
1700139600,0,0
1700143200,0,0
1700146800,0,0
1700150400,0,0
1700154000,0,0
1700157600,0,0
1700161200,0,0
1700164800,0,0
1700168400,0,0
1700172000,0,0
1700175600,0,0
1700179200,0,0
1700182800,0,0
1700186400,0,0
1700190000,0,0
1700193600,0,0
1700197200,0,0
1700200800,0,0
1700204400,0,0
1700208000,0,0
1700211600,0,0
1700215200,0,0
1700218800,0,0
1700222400,0,0
1700226000,0,0
1700229600,0,0
1700233200,0,0
1700236800,0,0
1700240400,0,0
1700244000,0,0
1700247600,0,0
1700251200,0,0
1700254800,0,0
1700258400,0,0
1700262000,0,0
1700265600,0,0
1700269200,0,0
1700272800,0,0
1700449200,0,0
1700452800,0,0
1700456400,0,0
1700460000,0,0
1700463600,0,0
1700467200,0,0
1700470800,0,0
1700474400,0,0
1700478000,0,0
1700481600,0,0
1700485200,0,0
1700488800,0,0
1700492400,0,0
1700496000,0,0
1700499600,0,0
1700503200,0,0
1700506800,0,0
1700510400,0,0
1700514000,0,0
1700517600,0,0
1700521200,0,0
1700524800,0,0
1700528400,0,0
1700532000,0,0
1700535600,2,1
1700539200,2,1
1700542800,2,1
1700546400,2,1
1700550000,2,1
1700553600,2,1
1700557200,2,1
1700560800,2,1
1700564400,2,1
1700568000,2,1
1700571600,2,1
1700575200,2,1
1700578800,2,1
1700582400,2,1
1700586000,2,1
1700589600,2,1
1700593200,2,1
1700596800,2,1
1700600400,2,1
1700604000,2,1
1700607600,2,1
1700611200,2,1
1700614800,2,1
1700618400,2,1
1700622000,2,1
1700625600,2,1
1700629200,2,1
1700632800,2,1
1700636400,2,1
1700640000,2,1
1700643600,2,1
1700647200,2,1
1700650800,2,1
1700654400,2,1
1700658000,2,1
1700661600,2,1
1700665200,2,1
1700668800,2,1
1700672400,2,1
1700676000,2,1
1700679600,2,1
1700683200,2,1
1700686800,2,1
1700690400,2,1
1700694000,2,1
1700697600,2,1
1700701200,2,1
1700704800,2,1
1700794800,2,1
1700798400,2,1
1700802000,2,1
1700805600,2,1
1700809200,2,1
1700812800,2,1
1700816400,2,1
1700820000,2,1
1700823600,2,1
1700827200,2,1
1700830800,2,1
1700834400,2,1
1700838000,2,1
1700841600,2,1
1700845200,2,1
1700848800,2,1
1700852400,2,1
1700856000,2,1
1700859600,2,1
1700863200,2,1
1700866800,2,1
1700870400,2,1
1700874000,2,1
1700877600,2,1
1701054000,2,1
1701057600,2,1
1701061200,2,1
1701064800,2,1
1701068400,2,1
1701072000,2,1
1701075600,2,1
1701079200,2,1
1701082800,2,1
1701086400,2,1
1701090000,2,1
1701093600,2,1
1701097200,2,1
1701100800,2,1
1701104400,2,1
1701108000,2,1
1701111600,2,1
1701115200,2,1
1701118800,2,1
1701122400,2,1
1701126000,2,1
1701129600,2,1
1701133200,2,1
1701136800,2,1
1701140400,2,1
1701144000,2,1
1701147600,2,1
1701151200,2,1
1701154800,2,1
1701158400,2,1
1701162000,2,1
1701165600,2,1
1701169200,2,1
1701172800,2,1
1701176400,2,1
1701180000,2,1
1701183600,2,1
1701187200,2,1
1701190800,2,1
1701194400,2,1
1701198000,2,1
1701201600,2,1
1701205200,2,1
1701208800,2,1
1701212400,2,1
1701216000,2,1
1701219600,2,1
1701223200,2,1
1701226800,2,1
1701230400,2,1
1701234000,2,1
1701237600,2,1
1701241200,2,1
1701244800,2,1
1701248400,2,1
1701252000,2,1
1701255600,2,1
1701259200,2,1
1701262800,2,1
1701266400,2,1
1701270000,2,1
1701273600,2,1
1701277200,2,1
1701280800,2,1
1701284400,2,1
1701288000,2,1
1701291600,2,1
1701295200,2,1
1701298800,2,1
1701302400,2,1
1701306000,2,1
1701309600,2,1
1701313200,2,1
1701316800,2,1
1701320400,2,1
1701324000,2,1
1701327600,2,1
1701331200,2,1
1701334800,2,1
1701338400,2,1
1701342000,2,1
1701345600,2,1
1701349200,2,1
1701352800,2,1
1701356400,2,1
1701360000,2,1
1701363600,2,1
1701367200,2,1
1701370800,2,1
1701374400,2,1
1701378000,2,1
1701381600,2,1
1701385200,2,1
1701388800,2,1
1701392400,2,1
1701396000,2,1
1701399600,2,1
1701403200,2,1
1701406800,2,1
1701410400,2,1
1701414000,2,1
1701417600,2,1
1701421200,2,1
1701424800,2,1
1701428400,2,1
1701432000,2,1
1701435600,2,1
1701439200,2,1
1701442800,2,1
1701446400,2,1
1701450000,2,1
1701453600,2,1
1701457200,2,1
1701460800,2,1
1701464400,2,1
1701468000,2,1
1701471600,2,1
1701475200,2,1
1701478800,2,1
1701482400,2,1
1701658800,1,1
1701662400,1,1
1701666000,1,1
1701669600,1,1
1701673200,1,1
1701676800,1,1
1701680400,1,1
1701684000,1,1
1701687600,1,1
1701691200,1,1
1701694800,1,1
1701698400,1,1
1701702000,1,1
1701705600,1,1
1701709200,1,1
1701712800,1,1
1701716400,1,1
1701720000,1,1
1701723600,1,1
1701727200,1,1
1701730800,1,1
1701734400,1,1
1701738000,1,1
1701741600,1,1
1701745200,2,1
1701748800,2,1
1701752400,2,1
1701756000,2,1
1701759600,2,1
1701763200,2,1
1701766800,2,1
1701770400,2,1
1701774000,2,1
1701777600,2,1
1701781200,2,1
1701784800,2,1
1701788400,2,1
1701792000,2,1
1701795600,2,1
1701799200,2,1
1701802800,2,1
1701806400,2,1
1701810000,2,1
1701813600,2,1
1701817200,2,1
1701820800,2,1
1701824400,2,1
1701828000,2,1
1701831600,2,1
1701835200,2,1
1701838800,2,1
1701842400,2,1
1701846000,2,1
1701849600,2,1
1701853200,2,1
1701856800,2,1
1701860400,2,1
1701864000,2,1
1701867600,2,1
1701871200,2,1
1701874800,2,1
1701878400,2,1
1701882000,2,1
1701885600,2,1
1701889200,2,1
1701892800,2,1
1701896400,2,1
1701900000,2,1
1701903600,2,1
1701907200,2,1
1701910800,2,1
1701914400,2,1
1701918000,2,1
1701921600,2,1
1701925200,2,1
1701928800,2,1
1701932400,2,1
1701936000,2,1
1701939600,2,1
1701943200,2,1
1701946800,2,1
1701950400,2,1
1701954000,2,1
1701957600,2,1
1701961200,2,1
1701964800,2,1
1701968400,2,1
1701972000,2,1
1701975600,2,1
1701979200,2,1
1701982800,2,1
1701986400,2,1
1701990000,2,1
1701993600,2,1
1701997200,2,1
1702000800,2,1
1702004400,0,0
1702008000,0,0
1702011600,0,0
1702015200,0,0
1702018800,0,0
1702022400,0,0
1702026000,0,0
1702029600,0,0
1702033200,0,0
1702036800,0,0
1702040400,0,0
1702044000,0,0
1702047600,0,0
1702051200,0,0
1702054800,0,0
1702058400,0,0
1702062000,0,0
1702065600,0,0
1702069200,0,0
1702072800,0,0
1702076400,0,0
1702080000,0,0
1702083600,0,0
1702087200,0,0
1702263600,0,0
1702267200,0,0
1702270800,0,0
1702274400,0,0
1702278000,0,0
1702281600,0,0
1702285200,0,0
1702288800,0,0
1702292400,0,0
1702296000,0,0
1702299600,0,0
1702303200,0,0
1702306800,0,0
1702310400,0,0
1702314000,0,0
1702317600,0,0
1702321200,0,0
1702324800,0,0
1702328400,0,0
1702332000,0,0
1702335600,0,0
1702339200,0,0
1702342800,0,0
1702346400,0,0
1702350000,0,0
1702353600,0,0
1702357200,0,0
1702360800,0,0
1702364400,0,0
1702368000,0,0
1702371600,0,0
1702375200,0,0
1702378800,0,0
1702382400,0,0
1702386000,0,0
1702389600,0,0
1702393200,0,0
1702396800,0,0
1702400400,0,0
1702404000,0,0
1702407600,0,0
1702411200,0,0
1702414800,0,0
1702418400,0,0
1702422000,0,0
1702425600,0,0
1702429200,0,0
1702432800,0,0
1702436400,0,0
1702440000,0,0
1702443600,0,0
1702447200,0,0
1702450800,0,0
1702454400,0,0
1702458000,0,0
1702461600,0,0
1702465200,0,0
1702468800,0,0
1702472400,0,0
1702476000,0,0
1702479600,0,0
1702483200,0,0
1702486800,0,0
1702490400,0,0
1702494000,0,0
1702497600,0,0
1702501200,0,0
1702504800,0,0
1702508400,0,0
1702512000,0,0
1702515600,0,0
1702519200,0,0
1702522800,2,1
1702526400,2,1
1702530000,2,1
1702533600,2,1
1702537200,2,1
1702540800,2,1
1702544400,2,1
1702548000,2,1
1702551600,2,1
1702555200,2,1
1702558800,2,1
1702562400,2,1
1702566000,2,1
1702569600,2,1
1702573200,2,1
1702576800,2,1
1702580400,2,1
1702584000,2,1
1702587600,2,1
1702591200,2,1
1702594800,2,1
1702598400,2,1
1702602000,2,1
1702605600,2,1
1702609200,2,1
1702612800,2,1
1702616400,2,1
1702620000,2,1
1702623600,2,1
1702627200,2,1
1702630800,2,1
1702634400,2,1
1702638000,2,1
1702641600,2,1
1702645200,2,1
1702648800,2,1
1702652400,2,1
1702656000,2,1
1702659600,2,1
1702663200,2,1
1702666800,2,1
1702670400,2,1
1702674000,2,1
1702677600,2,1
1702681200,2,1
1702684800,2,1
1702688400,2,1
1702692000,2,1
1702868400,2,1
1702872000,2,1
1702875600,2,1
1702879200,2,1
1702882800,2,1
1702886400,2,1
1702890000,2,1
1702893600,2,1
1702897200,2,1
1702900800,2,1
1702904400,2,1
1702908000,2,1
1702911600,2,1
1702915200,2,1
1702918800,2,1
1702922400,2,1
1702926000,2,1
1702929600,2,1
1702933200,2,1
1702936800,2,1
1702940400,2,1
1702944000,2,1
1702947600,2,1
1702951200,2,1
1702954800,2,1
1702958400,2,1
1702962000,2,1
1702965600,2,1
1702969200,2,1
1702972800,2,1
1702976400,2,1
1702980000,2,1
1702983600,2,1
1702987200,2,1
1702990800,2,1
1702994400,2,1
1702998000,2,1
1703001600,2,1
1703005200,2,1
1703008800,2,1
1703012400,2,1
1703016000,2,1
1703019600,2,1
1703023200,2,1
1703026800,2,1
1703030400,2,1
1703034000,2,1
1703037600,2,1
1703041200,2,1
1703044800,2,1
1703048400,2,1
1703052000,2,1
1703055600,2,1
1703059200,2,1
1703062800,2,1
1703066400,2,1
1703070000,2,1
1703073600,2,1
1703077200,2,1
1703080800,2,1
1703084400,2,1
1703088000,2,1
1703091600,2,1
1703095200,2,1
1703098800,2,1
1703102400,2,1
1703106000,2,1
1703109600,2,1
1703113200,2,1
1703116800,2,1
1703120400,2,1
1703124000,2,1
1703127600,2,1
1703131200,2,1
1703134800,2,1
1703138400,2,1
1703142000,2,1
1703145600,2,1
1703149200,2,1
1703152800,2,1
1703156400,2,1
1703160000,2,1
1703163600,2,1
1703167200,2,1
1703170800,2,1
1703174400,2,1
1703178000,2,1
1703181600,2,1
1703185200,2,1
1703188800,2,1
1703192400,2,1
1703196000,2,1
1703199600,2,1
1703203200,2,1
1703206800,2,1
1703210400,2,1
1703214000,2,1
1703217600,2,1
1703221200,2,1
1703224800,2,1
1703228400,2,1
1703232000,2,1
1703235600,2,1
1703239200,2,1
1703242800,2,1
1703246400,2,1
1703250000,2,1
1703253600,2,1
1703257200,2,1
1703260800,2,1
1703264400,2,1
1703268000,2,1
1703271600,2,1
1703275200,2,1
1703278800,2,1
1703282400,2,1
1703286000,2,1
1703289600,2,1
1703293200,2,1
1703296800,2,1
1703559600,2,1
1703563200,2,1
1703566800,2,1
1703570400,2,1
1703574000,2,1
1703577600,2,1
1703581200,2,1
1703584800,2,1
1703588400,2,1
1703592000,2,1
1703595600,2,1
1703599200,2,1
1703602800,2,1
1703606400,2,1
1703610000,2,1
1703613600,2,1
1703617200,2,1
1703620800,2,1
1703624400,2,1
1703628000,2,1
1703631600,2,1
1703635200,2,1
1703638800,2,1
1703642400,2,1
1703646000,2,1
1703649600,2,1
1703653200,2,1
1703656800,2,1
1703660400,2,1
1703664000,2,1
1703667600,2,1
1703671200,2,1
1703674800,2,1
1703678400,2,1
1703682000,2,1
1703685600,2,1
1703689200,2,1
1703692800,2,1
1703696400,2,1
1703700000,2,1
1703703600,2,1
1703707200,2,1
1703710800,2,1
1703714400,2,1
1703718000,2,1
1703721600,2,1
1703725200,2,1
1703728800,2,1
1703732400,2,1
1703736000,2,1
1703739600,2,1
1703743200,2,1
1703746800,2,1
1703750400,2,1
1703754000,2,1
1703757600,2,1
1703761200,2,1
1703764800,2,1
1703768400,2,1
1703772000,2,1
1703775600,2,1
1703779200,2,1
1703782800,2,1
1703786400,2,1
1703790000,2,1
1703793600,2,1
1703797200,2,1
1703800800,2,1
1703804400,2,1
1703808000,2,1
1703811600,2,1
1703815200,2,1
1703818800,2,1
1703822400,2,1
1703826000,2,1
1703829600,2,1
1703833200,2,1
1703836800,2,1
1703840400,2,1
1703844000,2,1
1703847600,2,1
1703851200,2,1
1703854800,2,1
1703858400,2,1
1703862000,2,1
1703865600,2,1
1703869200,2,1
1703872800,2,1
1703876400,2,1
1703880000,2,1
1703883600,2,1
1703887200,2,1
1703890800,2,1
1703894400,2,1
1703898000,2,1
1703901600,2,1
1704164400,2,1
1704168000,2,1
1704171600,2,1
1704175200,2,1
1704178800,2,1
1704182400,2,1
1704186000,2,1
1704189600,2,1
1704193200,2,1
1704196800,2,1
1704200400,2,1
1704204000,2,1
1704207600,2,1
1704211200,2,1
1704214800,2,1
1704218400,2,1
1704222000,2,1
1704225600,2,1
1704229200,2,1
1704232800,2,1
1704236400,2,1
1704240000,2,1
1704243600,2,1
1704247200,2,1
1704250800,0,0
1704254400,0,0
1704258000,0,0
1704261600,0,0
1704265200,0,0
1704268800,0,0
1704272400,0,0
1704276000,0,0
1704279600,0,0
1704283200,0,0
1704286800,0,0
1704290400,0,0
1704294000,0,0
1704297600,0,0
1704301200,0,0
1704304800,0,0
1704308400,0,0
1704312000,0,0
1704315600,0,0
1704319200,0,0
1704322800,0,0
1704326400,0,0
1704330000,0,0
1704333600,0,0
1704337200,0,0
1704340800,0,0
1704344400,0,0
1704348000,0,0
1704351600,0,0
1704355200,0,0
1704358800,0,0
1704362400,0,0
1704366000,0,0
1704369600,0,0
1704373200,0,0
1704376800,0,0
1704380400,0,0
1704384000,0,0
1704387600,0,0
1704391200,0,0
1704394800,0,0
1704398400,0,0
1704402000,0,0
1704405600,0,0
1704409200,0,0
1704412800,0,0
1704416400,0,0
1704420000,0,0
1704423600,0,0
1704427200,0,0
1704430800,0,0
1704434400,0,0
1704438000,0,0
1704441600,0,0
1704445200,0,0
1704448800,0,0
1704452400,0,0
1704456000,0,0
1704459600,0,0
1704463200,0,0
1704466800,0,0
1704470400,0,0
1704474000,0,0
1704477600,0,0
1704481200,0,0
1704484800,0,0
1704488400,0,0
1704492000,0,0
1704495600,0,0
1704499200,0,0
1704502800,0,0
1704506400,0,0
1704682800,0,0
1704686400,0,0
1704690000,0,0
1704693600,0,0
1704697200,0,0
1704700800,0,0
1704704400,0,0
1704708000,0,0
1704711600,0,0
1704715200,0,0
1704718800,0,0
1704722400,0,0
1704726000,0,0
1704729600,0,0
1704733200,0,0
1704736800,0,0
1704740400,0,0
1704744000,0,0
1704747600,0,0
1704751200,0,0
1704754800,0,0
1704758400,0,0
1704762000,0,0
1704765600,0,0
1704769200,0,0
1704772800,0,0
1704776400,0,0
1704780000,0,0
1704783600,0,0
1704787200,0,0
1704790800,0,0
1704794400,0,0
1704798000,0,0
1704801600,0,0
1704805200,0,0
1704808800,0,0
1704812400,0,0
1704816000,0,0
1704819600,0,0
1704823200,0,0
1704826800,0,0
1704830400,0,0
1704834000,0,0
1704837600,0,0
1704841200,0,0
1704844800,0,0
1704848400,0,0
1704852000,0,0
1704855600,0,0
1704859200,0,0
1704862800,0,0
1704866400,0,0
1704870000,0,0
1704873600,0,0
1704877200,0,0
1704880800,0,0
1704884400,0,0
1704888000,0,0
1704891600,0,0
1704895200,0,0
1704898800,0,0
1704902400,0,0
1704906000,0,0
1704909600,0,0
1704913200,0,0
1704916800,0,0
1704920400,0,0
1704924000,0,0
1704927600,0,0
1704931200,0,0
1704934800,0,0
1704938400,0,0
1704942000,0,0
1704945600,0,0
1704949200,0,0
1704952800,0,0
1704956400,0,0
1704960000,0,0
1704963600,0,0
1704967200,0,0
1704970800,0,0
1704974400,0,0
1704978000,0,0
1704981600,0,0
1704985200,0,0
1704988800,0,0
1704992400,0,0
1704996000,0,0
1704999600,0,0
1705003200,0,0
1705006800,0,0
1705010400,0,0
1705014000,0,0
1705017600,0,0
1705021200,0,0
1705024800,0,0
1705028400,0,0
1705032000,0,0
1705035600,0,0
1705039200,0,0
1705042800,0,0
1705046400,0,0
1705050000,0,0
1705053600,0,0
1705057200,0,0
1705060800,0,0
1705064400,0,0
1705068000,0,0
1705071600,0,0
1705075200,0,0
1705078800,0,0
1705082400,0,0
1705086000,0,0
1705089600,0,0
1705093200,0,0
1705096800,0,0
1705100400,0,0
1705104000,0,0
1705107600,0,0
1705111200,0,0
1705374000,0,0
1705377600,0,0
1705381200,0,0
1705384800,0,0
1705388400,0,0
1705392000,0,0
1705395600,0,0
1705399200,0,0
1705402800,0,0
1705406400,0,0
1705410000,0,0
1705413600,0,0
1705417200,0,0
1705420800,0,0
1705424400,0,0
1705428000,0,0
1705431600,0,0
1705435200,0,0
1705438800,0,0
1705442400,0,0
1705446000,0,0
1705449600,0,0
1705453200,0,0
1705456800,0,0
1705460400,0,0
1705464000,0,0
1705467600,0,0
1705471200,0,0
1705474800,0,0
1705478400,0,0
1705482000,0,0
1705485600,0,0
1705489200,0,0
1705492800,0,0
1705496400,0,0
1705500000,0,0
1705503600,0,0
1705507200,0,0
1705510800,0,0
1705514400,0,0
1705518000,0,0
1705521600,0,0
1705525200,0,0
1705528800,0,0
1705532400,0,0
1705536000,0,0
1705539600,0,0
1705543200,0,0
1705546800,0,0
1705550400,0,0
1705554000,0,0
1705557600,0,0
1705561200,0,0
1705564800,0,0
1705568400,0,0
1705572000,0,0
1705575600,0,0
1705579200,0,0
1705582800,0,0
1705586400,0,0
1705590000,0,0
1705593600,0,0
1705597200,0,0
1705600800,0,0
1705604400,0,0
1705608000,0,0
1705611600,0,0
1705615200,0,0
1705618800,0,0
1705622400,0,0
1705626000,0,0
1705629600,0,0
1705633200,0,0
1705636800,0,0
1705640400,0,0
1705644000,0,0
1705647600,0,0
1705651200,0,0
1705654800,0,0
1705658400,0,0
1705662000,0,0
1705665600,0,0
1705669200,0,0
1705672800,0,0
1705676400,0,0
1705680000,0,0
1705683600,0,0
1705687200,0,0
1705690800,0,0
1705694400,0,0
1705698000,0,0
1705701600,0,0
1705705200,0,0
1705708800,0,0
1705712400,0,0
1705716000,0,0
1705892400,0,0
1705896000,0,0
1705899600,0,0
1705903200,0,0
1705906800,0,0
1705910400,0,0
1705914000,0,0
1705917600,0,0
1705921200,0,0
1705924800,0,0
1705928400,0,0
1705932000,0,0
1705935600,0,0
1705939200,0,0
1705942800,0,0
1705946400,0,0
1705950000,0,0
1705953600,0,0
1705957200,0,0
1705960800,0,0
1705964400,0,0
1705968000,0,0
1705971600,0,0
1705975200,0,0
1705978800,0,0
1705982400,0,0
1705986000,0,0
1705989600,0,0
1705993200,0,0
1705996800,0,0
1706000400,0,0
1706004000,0,0
1706007600,0,0
1706011200,0,0
1706014800,0,0
1706018400,0,0
1706022000,0,0
1706025600,0,0
1706029200,0,0
1706032800,0,0
1706036400,0,0
1706040000,0,0
1706043600,0,0
1706047200,0,0
1706050800,0,0
1706054400,0,0
1706058000,0,0
1706061600,0,0
1706065200,0,0
1706068800,0,0
1706072400,0,0
1706076000,0,0
1706079600,0,0
1706083200,0,0
1706086800,0,0
1706090400,0,0
1706094000,0,0
1706097600,0,0
1706101200,0,0
1706104800,0,0
1706108400,0,0
1706112000,0,0
1706115600,0,0
1706119200,0,0
1706122800,0,0
1706126400,0,0
1706130000,0,0
1706133600,0,0
1706137200,0,0
1706140800,0,0
1706144400,0,0
1706148000,0,0
1706151600,0,0
1706155200,0,0
1706158800,0,0
1706162400,0,0
1706166000,0,0
1706169600,0,0
1706173200,0,0
1706176800,0,0
1706180400,0,0
1706184000,0,0
1706187600,0,0
1706191200,0,0
1706194800,0,0
1706198400,0,0
1706202000,0,0
1706205600,0,0
1706209200,0,0
1706212800,0,0
1706216400,0,0
1706220000,0,0
1706223600,0,0
1706227200,0,0
1706230800,0,0
1706234400,0,0
1706238000,0,0
1706241600,0,0
1706245200,0,0
1706248800,0,0
1706252400,0,0
1706256000,0,0
1706259600,0,0
1706263200,0,0
1706266800,0,0
1706270400,0,0
1706274000,0,0
1706277600,0,0
1706281200,0,0
1706284800,0,0
1706288400,0,0
1706292000,0,0
1706295600,0,0
1706299200,0,0
1706302800,0,0
1706306400,0,0
1706310000,0,0
1706313600,0,0
1706317200,0,0
1706320800,0,0
1706497200,0,0
1706500800,0,0
1706504400,0,0
1706508000,0,0
1706511600,0,0
1706515200,0,0
1706518800,0,0
1706522400,0,0
1706526000,0,0
1706529600,0,0
1706533200,0,0
1706536800,0,0
1706540400,0,0
1706544000,0,0
1706547600,0,0
1706551200,0,0
1706554800,0,0
1706558400,0,0
1706562000,0,0
1706565600,0,0
1706569200,0,0
1706572800,0,0
1706576400,0,0
1706580000,0,0
1706583600,0,0
1706587200,0,0
1706590800,0,0
1706594400,0,0
1706598000,0,0
1706601600,0,0
1706605200,0,0
1706608800,0,0
1706612400,0,0
1706616000,0,0
1706619600,0,0
1706623200,0,0
1706626800,0,0
1706630400,0,0
1706634000,0,0
1706637600,0,0
1706641200,0,0
1706644800,0,0
1706648400,0,0
1706652000,0,0
1706655600,0,0
1706659200,0,0
1706662800,0,0
1706666400,0,0
1706670000,0,0
1706673600,0,0
1706677200,0,0
1706680800,0,0
1706684400,0,0
1706688000,0,0
1706691600,0,0
1706695200,0,0
1706698800,0,0
1706702400,0,0
1706706000,0,0
1706709600,0,0
1706713200,0,0
1706716800,0,0
1706720400,0,0
1706724000,0,0
1706727600,0,0
1706731200,0,0
1706734800,0,0
1706738400,0,0
1706742000,0,0
1706745600,0,0
1706749200,0,0
1706752800,0,0
1706756400,0,0
1706760000,0,0
1706763600,0,0
1706767200,0,0
1706770800,0,0
1706774400,0,0
1706778000,0,0
1706781600,0,0
1706785200,0,0
1706788800,0,0
1706792400,0,0
1706796000,0,0
1706799600,0,0
1706803200,0,0
1706806800,0,0
1706810400,0,0
1706814000,0,0
1706817600,0,0
1706821200,0,0
1706824800,0,0
1706828400,0,0
1706832000,0,0
1706835600,0,0
1706839200,0,0
1706842800,0,0
1706846400,0,0
1706850000,0,0
1706853600,0,0
1706857200,0,0
1706860800,0,0
1706864400,0,0
1706868000,0,0
1706871600,0,0
1706875200,0,0
1706878800,0,0
1706882400,0,0
1706886000,0,0
1706889600,0,0
1706893200,0,0
1706896800,0,0
1706900400,0,0
1706904000,0,0
1706907600,0,0
1706911200,0,0
1706914800,0,0
1706918400,0,0
1706922000,0,0
1706925600,0,0
1707102000,0,0
1707105600,0,0
1707109200,0,0
1707112800,0,0
1707116400,0,0
1707120000,0,0
1707123600,0,0
1707127200,0,0
1707130800,0,0
1707134400,0,0
1707138000,0,0
1707141600,0,0
1707145200,0,0
1707148800,0,0
1707152400,0,0
1707156000,0,0
1707159600,0,0
1707163200,0,0
1707166800,0,0
1707170400,0,0
1707174000,0,0
1707177600,0,0
1707181200,0,0
1707184800,0,0
1707188400,0,0
1707192000,0,0
1707195600,0,0
1707199200,0,0
1707202800,0,0
1707206400,0,0
1707210000,0,0
1707213600,0,0
1707217200,0,0
1707220800,0,0
1707224400,0,0
1707228000,0,0
1707231600,0,0
1707235200,0,0
1707238800,0,0
1707242400,0,0
1707246000,0,0
1707249600,0,0
1707253200,0,0
1707256800,0,0
1707260400,0,0
1707264000,0,0
1707267600,0,0
1707271200,0,0
1707274800,0,0
1707278400,0,0
1707282000,0,0
1707285600,0,0
1707289200,0,0
1707292800,0,0
1707296400,0,0
1707300000,0,0
1707303600,0,0
1707307200,0,0
1707310800,0,0
1707314400,0,0
1707318000,0,0
1707321600,0,0
1707325200,0,0
1707328800,0,0
1707332400,0,0
1707336000,0,0
1707339600,0,0
1707343200,0,0
1707346800,0,0
1707350400,0,0
1707354000,0,0
1707357600,0,0
1707361200,0,0
1707364800,0,0
1707368400,0,0
1707372000,0,0
1707375600,0,0
1707379200,0,0
1707382800,0,0
1707386400,0,0
1707390000,0,0
1707393600,0,0
1707397200,0,0
1707400800,0,0
1707404400,0,0
1707408000,0,0
1707411600,0,0
1707415200,0,0
1707418800,0,0
1707422400,0,0
1707426000,0,0
1707429600,0,0
1707433200,0,0
1707436800,0,0
1707440400,0,0
1707444000,0,0
1707447600,0,0
1707451200,0,0
1707454800,0,0
1707458400,0,0
1707462000,0,0
1707465600,0,0
1707469200,0,0
1707472800,0,0
1707476400,0,0
1707480000,0,0
1707483600,0,0
1707487200,0,0
1707490800,0,0
1707494400,0,0
1707498000,0,0
1707501600,0,0
1707505200,0,0
1707508800,0,0
1707512400,0,0
1707516000,0,0
1707519600,0,0
1707523200,0,0
1707526800,0,0
1707530400,0,0
1707706800,0,0
1707710400,0,0
1707714000,0,0
1707717600,0,0
1707721200,0,0
1707724800,0,0
1707728400,0,0
1707732000,0,0
1707735600,0,0
1707739200,0,0
1707742800,0,0
1707746400,0,0
1707750000,0,0
1707753600,0,0
1707757200,0,0
1707760800,0,0
1707764400,0,0
1707768000,0,0
1707771600,0,0
1707775200,0,0
1707778800,0,0
1707782400,0,0
1707786000,0,0
1707789600,0,0
1707793200,0,0
1707796800,0,0
1707800400,0,0
1707804000,0,0
1707807600,0,0
1707811200,0,0
1707814800,0,0
1707818400,0,0
1707822000,0,0
1707825600,0,0
1707829200,0,0
1707832800,0,0
1707836400,0,0
1707840000,0,0
1707843600,0,0
1707847200,0,0
1707850800,0,0
1707854400,0,0
1707858000,0,0
1707861600,0,0
1707865200,0,0
1707868800,0,0
1707872400,0,0
1707876000,0,0
1707879600,0,0
1707883200,0,0
1707886800,0,0
1707890400,0,0
1707894000,0,0
1707897600,0,0
1707901200,0,0
1707904800,0,0
1707908400,0,0
1707912000,0,0
1707915600,0,0
1707919200,0,0
1707922800,0,0
1707926400,0,0
1707930000,0,0
1707933600,0,0
1707937200,0,0
1707940800,0,0
1707944400,0,0
1707948000,0,0
1707951600,0,0
1707955200,0,0
1707958800,0,0
1707962400,0,0
1707966000,0,0
1707969600,0,0
1707973200,0,0
1707976800,0,0
1707980400,0,0
1707984000,0,0
1707987600,0,0
1707991200,0,0
1707994800,0,0
1707998400,0,0
1708002000,0,0
1708005600,0,0
1708009200,0,0
1708012800,0,0
1708016400,0,0
1708020000,0,0
1708023600,0,0
1708027200,0,0
1708030800,0,0
1708034400,0,0
1708038000,0,0
1708041600,0,0
1708045200,0,0
1708048800,0,0
1708052400,0,0
1708056000,0,0
1708059600,0,0
1708063200,0,0
1708066800,0,0
1708070400,0,0
1708074000,0,0
1708077600,0,0
1708081200,0,0
1708084800,0,0
1708088400,0,0
1708092000,0,0
1708095600,0,0
1708099200,0,0
1708102800,0,0
1708106400,0,0
1708110000,0,0
1708113600,0,0
1708117200,0,0
1708120800,0,0
1708124400,0,0
1708128000,0,0
1708131600,0,0
1708135200,0,0
1708398000,0,0
1708401600,0,0
1708405200,0,0
1708408800,0,0
1708412400,0,0
1708416000,0,0
1708419600,0,0
1708423200,0,0
1708426800,0,0
1708430400,0,0
1708434000,0,0
1708437600,0,0
1708441200,0,0
1708444800,0,0
1708448400,0,0
1708452000,0,0
1708455600,0,0
1708459200,0,0
1708462800,0,0
1708466400,0,0
1708470000,0,0
1708473600,0,0
1708477200,0,0
1708480800,0,0
1708484400,0,0
1708488000,0,0
1708491600,0,0
1708495200,0,0
1708498800,0,0
1708502400,0,0
1708506000,0,0
1708509600,0,0
1708513200,0,0
1708516800,0,0
1708520400,0,0
1708524000,0,0
1708527600,0,0
1708531200,0,0
1708534800,0,0
1708538400,0,0
1708542000,0,0
1708545600,0,0
1708549200,0,0
1708552800,0,0
1708556400,0,0
1708560000,0,0
1708563600,0,0
1708567200,0,0
1708570800,0,0
1708574400,0,0
1708578000,0,0
1708581600,0,0
1708585200,0,0
1708588800,0,0
1708592400,0,0
1708596000,0,0
1708599600,0,0
1708603200,0,0
1708606800,0,0
1708610400,0,0
1708614000,0,0
1708617600,0,0
1708621200,0,0
1708624800,0,0
1708628400,0,0
1708632000,0,0
1708635600,0,0
1708639200,0,0
1708642800,0,0
1708646400,0,0
1708650000,0,0
1708653600,0,0
1708657200,0,0
1708660800,0,0
1708664400,0,0
1708668000,0,0
1708671600,0,0
1708675200,0,0
1708678800,0,0
1708682400,0,0
1708686000,0,0
1708689600,0,0
1708693200,0,0
1708696800,0,0
1708700400,0,0
1708704000,0,0
1708707600,0,0
1708711200,0,0
1708714800,0,0
1708718400,0,0
1708722000,0,0
1708725600,0,0
1708729200,0,0
1708732800,0,0
1708736400,0,0
1708740000,0,0
1708916400,0,0
1708920000,0,0
1708923600,0,0
1708927200,0,0
1708930800,0,0
1708934400,0,0
1708938000,0,0
1708941600,0,0
1708945200,0,0
1708948800,0,0
1708952400,0,0
1708956000,0,0
1708959600,0,0
1708963200,0,0
1708966800,0,0
1708970400,0,0
1708974000,0,0
1708977600,0,0
1708981200,0,0
1708984800,0,0
1708988400,0,0
1708992000,0,0
1708995600,0,0
1708999200,0,0
1709002800,0,0
1709006400,0,0
1709010000,0,0
1709013600,0,0
1709017200,0,0
1709020800,0,0
1709024400,0,0
1709028000,0,0
1709031600,0,0
1709035200,0,0
1709038800,0,0
1709042400,0,0
1709046000,0,0
1709049600,0,0
1709053200,0,0
1709056800,0,0
1709060400,0,0
1709064000,0,0
1709067600,0,0
1709071200,0,0
1709074800,0,0
1709078400,0,0
1709082000,0,0
1709085600,0,0
1709089200,0,0
1709092800,0,0
1709096400,0,0
1709100000,0,0
1709103600,0,0
1709107200,0,0
1709110800,0,0
1709114400,0,0
1709118000,0,0
1709121600,0,0
1709125200,0,0
1709128800,0,0
1709132400,0,0
1709136000,0,0
1709139600,0,0
1709143200,0,0
1709146800,0,0
1709150400,0,0
1709154000,0,0
1709157600,0,0
1709161200,0,0
1709164800,0,0
1709168400,0,0
1709172000,0,0
1709175600,0,0
1709179200,0,0
1709182800,0,0
1709186400,0,0
1709190000,0,0
1709193600,0,0
1709197200,0,0
1709200800,0,0
1709204400,0,0
1709208000,0,0
1709211600,0,0
1709215200,0,0
1709218800,0,0
1709222400,0,0
1709226000,0,0
1709229600,0,0
1709233200,0,0
1709236800,0,0
1709240400,0,0
1709244000,0,0
1709247600,0,0
1709251200,0,0
1709254800,0,0
1709258400,0,0
1709262000,2,1
1709265600,2,1
1709269200,2,1
1709272800,2,1
1709276400,2,1
1709280000,2,1
1709283600,2,1
1709287200,2,1
1709290800,2,1
1709294400,2,1
1709298000,2,1
1709301600,2,1
1709305200,2,1
1709308800,2,1
1709312400,2,1
1709316000,2,1
1709319600,2,1
1709323200,2,1
1709326800,2,1
1709330400,2,1
1709334000,2,1
1709337600,2,1
1709341200,2,1
1709344800,2,1
1709521200,2,1
1709524800,2,1
1709528400,2,1
1709532000,2,1
1709535600,2,1
1709539200,2,1
1709542800,2,1
1709546400,2,1
1709550000,2,1
1709553600,2,1
1709557200,2,1
1709560800,2,1
1709564400,2,1
1709568000,2,1
1709571600,2,1
1709575200,2,1
1709578800,2,1
1709582400,2,1
1709586000,2,1
1709589600,2,1
1709593200,2,1
1709596800,2,1
1709600400,2,1
1709604000,2,1
1709607600,2,1
1709611200,2,1
1709614800,2,1
1709618400,2,1
1709622000,2,1
1709625600,2,1
1709629200,2,1
1709632800,2,1
1709636400,2,1
1709640000,2,1
1709643600,2,1
1709647200,2,1
1709650800,2,1
1709654400,2,1
1709658000,2,1
1709661600,2,1
1709665200,2,1
1709668800,2,1
1709672400,2,1
1709676000,2,1
1709679600,2,1
1709683200,2,1
1709686800,2,1
1709690400,2,1
1709694000,2,1
1709697600,2,1
1709701200,2,1
1709704800,2,1
1709708400,2,1
1709712000,2,1
1709715600,2,1
1709719200,2,1
1709722800,2,1
1709726400,2,1
1709730000,2,1
1709733600,2,1
1709737200,2,1
1709740800,2,1
1709744400,2,1
1709748000,2,1
1709751600,2,1
1709755200,2,1
1709758800,2,1
1709762400,2,1
1709766000,2,1
1709769600,2,1
1709773200,2,1
1709776800,2,1
1709780400,2,1
1709784000,2,1
1709787600,2,1
1709791200,2,1
1709794800,2,1
1709798400,2,1
1709802000,2,1
1709805600,2,1
1709809200,2,1
1709812800,2,1
1709816400,2,1
1709820000,2,1
1709823600,2,1
1709827200,2,1
1709830800,2,1
1709834400,2,1
1709838000,2,1
1709841600,2,1
1709845200,2,1
1709848800,2,1
1709852400,2,1
1709856000,2,1
1709859600,2,1
1709863200,2,1
1709866800,2,1
1709870400,2,1
1709874000,2,1
1709877600,2,1
1709881200,2,1
1709884800,2,1
1709888400,2,1
1709892000,2,1
1709895600,2,1
1709899200,2,1
1709902800,2,1
1709906400,2,1
1709910000,2,1
1709913600,2,1
1709917200,2,1
1709920800,2,1
1709924400,2,1
1709928000,2,1
1709931600,2,1
1709935200,2,1
1709938800,2,1
1709942400,2,1
1709946000,2,1
1709949600,2,1
1710126000,2,1
1710129600,2,1
1710133200,2,1
1710136800,2,1
1710140400,2,1
1710144000,2,1
1710147600,2,1
1710151200,2,1
1710154800,2,1
1710158400,2,1
1710162000,2,1
1710165600,2,1
1710169200,2,1
1710172800,2,1
1710176400,2,1
1710180000,2,1
1710183600,2,1
1710187200,2,1
1710190800,2,1
1710194400,2,1
1710198000,2,1
1710201600,2,1
1710205200,2,1
1710208800,2,1
1710212400,2,1
1710216000,2,1
1710219600,2,1
1710223200,2,1
1710226800,2,1
1710230400,2,1
1710234000,2,1
1710237600,2,1
1710241200,2,1
1710244800,2,1
1710248400,2,1
1710252000,2,1
1710255600,2,1
1710259200,2,1
1710262800,2,1
1710266400,2,1
1710270000,2,1
1710273600,2,1
1710277200,2,1
1710280800,2,1
1710284400,2,1
1710288000,2,1
1710291600,2,1
1710295200,2,1
1710298800,2,1
1710302400,2,1
1710306000,2,1
1710309600,2,1
1710313200,2,1
1710316800,2,1
1710320400,2,1
1710324000,2,1
1710327600,2,1
1710331200,2,1
1710334800,2,1
1710338400,2,1
1710342000,2,1
1710345600,2,1
1710349200,2,1
1710352800,2,1
1710356400,2,1
1710360000,2,1
1710363600,2,1
1710367200,2,1
1710370800,2,1
1710374400,2,1
1710378000,2,1
1710381600,2,1
1710385200,2,1
1710388800,2,1
1710392400,2,1
1710396000,2,1
1710399600,2,1
1710403200,2,1
1710406800,2,1
1710410400,2,1
1710414000,2,1
1710417600,2,1
1710421200,2,1
1710424800,2,1
1710428400,2,1
1710432000,2,1
1710435600,2,1
1710439200,2,1
1710442800,2,1
1710446400,2,1
1710450000,2,1
1710453600,2,1
1710457200,2,1
1710460800,2,1
1710464400,2,1
1710468000,2,1
1710471600,2,1
1710475200,2,1
1710478800,2,1
1710482400,2,1
1710486000,2,1
1710489600,2,1
1710493200,2,1
1710496800,2,1
1710500400,2,1
1710504000,2,1
1710507600,2,1
1710511200,2,1
1710514800,2,1
1710518400,2,1
1710522000,2,1
1710525600,2,1
1710529200,2,1
1710532800,2,1
1710536400,2,1
1710540000,2,1
1710543600,2,1
1710547200,2,1
1710550800,2,1
1710554400,2,1
1710730800,2,1
1710734400,2,1
1710738000,2,1
1710741600,2,1
1710745200,2,1
1710748800,2,1
1710752400,2,1
1710756000,2,1
1710759600,2,1
1710763200,2,1
1710766800,2,1
1710770400,2,1
1710774000,2,1
1710777600,2,1
1710781200,2,1
1710784800,2,1
1710788400,2,1
1710792000,2,1
1710795600,2,1
1710799200,2,1
1710802800,2,1
1710806400,2,1
1710810000,2,1
1710813600,2,1
1710817200,2,1
1710820800,2,1
1710824400,2,1
1710828000,2,1
1710831600,2,1
1710835200,2,1
1710838800,2,1
1710842400,2,1
1710846000,2,1
1710849600,2,1
1710853200,2,1
1710856800,2,1
1710860400,2,1
1710864000,2,1
1710867600,2,1
1710871200,2,1
1710874800,2,1
1710878400,2,1
1710882000,2,1
1710885600,2,1
1710889200,2,1
1710892800,2,1
1710896400,2,1
1710900000,2,1
1710903600,2,1
1710907200,2,1
1710910800,2,1
1710914400,2,1
1710918000,2,1
1710921600,2,1
1710925200,2,1
1710928800,2,1
1710932400,2,1
1710936000,2,1
1710939600,2,1
1710943200,2,1
1710946800,2,1
1710950400,2,1
1710954000,2,1
1710957600,2,1
1710961200,2,1
1710964800,2,1
1710968400,2,1
1710972000,2,1
1710975600,2,1
1710979200,2,1
1710982800,2,1
1710986400,2,1
1710990000,2,1
1710993600,2,1
1710997200,2,1
1711000800,2,1
1711004400,2,1
1711008000,2,1
1711011600,2,1
1711015200,2,1
1711018800,2,1
1711022400,2,1
1711026000,2,1
1711029600,2,1
1711033200,2,1
1711036800,2,1
1711040400,2,1
1711044000,2,1
1711047600,2,1
1711051200,2,1
1711054800,2,1
1711058400,2,1
1711062000,2,1
1711065600,2,1
1711069200,2,1
1711072800,2,1
1711076400,2,1
1711080000,2,1
1711083600,2,1
1711087200,2,1
1711090800,2,1
1711094400,2,1
1711098000,2,1
1711101600,2,1
1711105200,2,1
1711108800,2,1
1711112400,2,1
1711116000,2,1
1711119600,2,1
1711123200,2,1
1711126800,2,1
1711130400,2,1
1711134000,2,1
1711137600,2,1
1711141200,2,1
1711144800,2,1
1711148400,2,1
1711152000,2,1
1711155600,2,1
1711159200,2,1
1711335600,2,1
1711339200,2,1
1711342800,2,1
1711346400,2,1
1711350000,2,1
1711353600,2,1
1711357200,2,1
1711360800,2,1
1711364400,2,1
1711368000,2,1
1711371600,2,1
1711375200,2,1
1711378800,2,1
1711382400,2,1
1711386000,2,1
1711389600,2,1
1711393200,2,1
1711396800,2,1
1711400400,2,1
1711404000,2,1
1711407600,2,1
1711411200,2,1
1711414800,2,1
1711418400,2,1
1711422000,2,1
1711425600,2,1
1711429200,2,1
1711432800,2,1
1711436400,2,1
1711440000,2,1
1711443600,2,1
1711447200,2,1
1711450800,2,1
1711454400,2,1
1711458000,2,1
1711461600,2,1
1711465200,2,1
1711468800,2,1
1711472400,2,1
1711476000,2,1
1711479600,2,1
1711483200,2,1
1711486800,2,1
1711490400,2,1
1711494000,2,1
1711497600,2,1
1711501200,2,1
1711504800,2,1
1711508400,2,1
1711512000,2,1
1711515600,2,1
1711519200,2,1
1711522800,2,1
1711526400,2,1
1711530000,2,1
1711533600,2,1
1711537200,2,1
1711540800,2,1
1711544400,2,1
1711548000,2,1
1711551600,2,1
1711555200,2,1
1711558800,2,1
1711562400,2,1
1711566000,2,1
1711569600,2,1
1711573200,2,1
1711576800,2,1
1711580400,2,1
1711584000,2,1
1711587600,2,1
1711591200,2,1
1711594800,2,1
1711598400,2,1
1711602000,2,1
1711605600,2,1
1711609200,2,1
1711612800,2,1
1711616400,2,1
1711620000,2,1
1711623600,2,1
1711627200,2,1
1711630800,2,1
1711634400,2,1
1711638000,2,1
1711641600,2,1
1711645200,2,1
1711648800,2,1
1711652400,2,1
1711656000,2,1
1711659600,2,1
1711663200,2,1
1711666800,2,1
1711670400,2,1
1711674000,2,1
1711677600,2,1
1711940400,2,1
1711944000,2,1
1711947600,2,1
1711951200,2,1
1711954800,2,1
1711958400,2,1
1711962000,2,1
1711965600,2,1
1711969200,2,1
1711972800,2,1
1711976400,2,1
1711980000,2,1
1711983600,2,1
1711987200,2,1
1711990800,2,1
1711994400,2,1
1711998000,2,1
1712001600,2,1
1712005200,2,1
1712008800,2,1
1712012400,2,1
1712016000,2,1
1712019600,2,1
1712023200,2,1
1712026800,2,1
1712030400,2,1
1712034000,2,1
1712037600,2,1
1712041200,2,1
1712044800,2,1
1712048400,2,1
1712052000,2,1
1712055600,2,1
1712059200,2,1
1712062800,2,1
1712066400,2,1
1712070000,2,1
1712073600,2,1
1712077200,2,1
1712080800,2,1
1712084400,2,1
1712088000,2,1
1712091600,2,1
1712095200,2,1
1712098800,2,1
1712102400,2,1
1712106000,2,1
1712109600,2,1
1712113200,2,1
1712116800,2,1
1712120400,2,1
1712124000,2,1
1712127600,2,1
1712131200,2,1
1712134800,2,1
1712138400,2,1
1712142000,2,1
1712145600,2,1
1712149200,2,1
1712152800,2,1
1712156400,2,1
1712160000,2,1
1712163600,2,1
1712167200,2,1
1712170800,2,1
1712174400,2,1
1712178000,2,1
1712181600,2,1
1712185200,2,1
1712188800,2,1
1712192400,2,1
1712196000,2,1
1712199600,2,1
1712203200,2,1
1712206800,2,1
1712210400,2,1
1712214000,2,1
1712217600,2,1
1712221200,2,1
1712224800,2,1
1712228400,2,1
1712232000,2,1
1712235600,2,1
1712239200,2,1
1712242800,2,1
1712246400,2,1
1712250000,2,1
1712253600,2,1
1712257200,2,1
1712260800,2,1
1712264400,2,1
1712268000,2,1
1712271600,2,1
1712275200,2,1
1712278800,2,1
1712282400,2,1
1712286000,2,1
1712289600,2,1
1712293200,2,1
1712296800,2,1
1712300400,2,1
1712304000,2,1
1712307600,2,1
1712311200,2,1
1712314800,2,1
1712318400,2,1
1712322000,2,1
1712325600,2,1
1712329200,2,1
1712332800,2,1
1712336400,2,1
1712340000,2,1
1712343600,2,1
1712347200,2,1
1712350800,2,1
1712354400,2,1
1712358000,2,1
1712361600,2,1
1712365200,2,1
1712368800,2,1
1712545200,2,1
1712548800,2,1
1712552400,2,1
1712556000,2,1
1712559600,2,1
1712563200,2,1
1712566800,2,1
1712570400,2,1
1712574000,2,1
1712577600,2,1
1712581200,2,1
1712584800,2,1
1712588400,2,1
1712592000,2,1
1712595600,2,1
1712599200,2,1
1712602800,2,1
1712606400,2,1
1712610000,2,1
1712613600,2,1
1712617200,2,1
1712620800,2,1
1712624400,2,1
1712628000,2,1
1712631600,2,1
1712635200,2,1
1712638800,2,1
1712642400,2,1
1712646000,2,1
1712649600,2,1
1712653200,2,1
1712656800,2,1
1712660400,2,1
1712664000,2,1
1712667600,2,1
1712671200,2,1
1712674800,2,1
1712678400,2,1
1712682000,2,1
1712685600,2,1
1712689200,2,1
1712692800,2,1
1712696400,2,1
1712700000,2,1
1712703600,2,1
1712707200,2,1
1712710800,2,1
1712714400,2,1
1712718000,2,1
1712721600,2,1
1712725200,2,1
1712728800,2,1
1712732400,2,1
1712736000,2,1
1712739600,2,1
1712743200,2,1
1712746800,2,1
1712750400,2,1
1712754000,2,1
1712757600,2,1
1712761200,2,1
1712764800,2,1
1712768400,2,1
1712772000,2,1
1712775600,2,1
1712779200,2,1
1712782800,2,1
1712786400,2,1
1712790000,2,1
1712793600,2,1
1712797200,2,1
1712800800,2,1
1712804400,2,1
1712808000,2,1
1712811600,2,1
1712815200,2,1
1712818800,2,1
1712822400,2,1
1712826000,2,1
1712829600,2,1
1712833200,2,1
1712836800,2,1
1712840400,2,1
1712844000,2,1
1712847600,2,1
1712851200,2,1
1712854800,2,1
1712858400,2,1
1712862000,2,1
1712865600,2,1
1712869200,2,1
1712872800,2,1
1712876400,2,1
1712880000,2,1
1712883600,2,1
1712887200,2,1
1712890800,1,1
1712894400,1,1
1712898000,1,1
1712901600,1,1
1712905200,1,1
1712908800,1,1
1712912400,1,1
1712916000,1,1
1712919600,1,1
1712923200,1,1
1712926800,1,1
1712930400,1,1
1712934000,1,1
1712937600,1,1
1712941200,1,1
1712944800,1,1
1712948400,1,1
1712952000,1,1
1712955600,1,1
1712959200,1,1
1712962800,1,1
1712966400,1,1
1712970000,1,1
1712973600,1,1
1713150000,1,1
1713153600,1,1
1713157200,1,1
1713160800,1,1
1713164400,1,1
1713168000,1,1
1713171600,1,1
1713175200,1,1
1713178800,1,1
1713182400,1,1
1713186000,1,1
1713189600,1,1
1713193200,1,1
1713196800,1,1
1713200400,1,1
1713204000,1,1
1713207600,1,1
1713211200,1,1
1713214800,1,1
1713218400,1,1
1713222000,1,1
1713225600,1,1
1713229200,1,1
1713232800,1,1
1713236400,2,1
1713240000,2,1
1713243600,2,1
1713247200,2,1
1713250800,2,1
1713254400,2,1
1713258000,2,1
1713261600,2,1
1713265200,2,1
1713268800,2,1
1713272400,2,1
1713276000,2,1
1713279600,2,1
1713283200,2,1
1713286800,2,1
1713290400,2,1
1713294000,2,1
1713297600,2,1
1713301200,2,1
1713304800,2,1
1713308400,2,1
1713312000,2,1
1713315600,2,1
1713319200,2,1
1713322800,2,1
1713326400,2,1
1713330000,2,1
1713333600,2,1
1713337200,2,1
1713340800,2,1
1713344400,2,1
1713348000,2,1
1713351600,2,1
1713355200,2,1
1713358800,2,1
1713362400,2,1
1713366000,2,1
1713369600,2,1
1713373200,2,1
1713376800,2,1
1713380400,2,1
1713384000,2,1
1713387600,2,1
1713391200,2,1
1713394800,2,1
1713398400,2,1
1713402000,2,1
1713405600,2,1
1713409200,2,1
1713412800,2,1
1713416400,2,1
1713420000,2,1
1713423600,2,1
1713427200,2,1
1713430800,2,1
1713434400,2,1
1713438000,2,1
1713441600,2,1
1713445200,2,1
1713448800,2,1
1713452400,2,1
1713456000,2,1
1713459600,2,1
1713463200,2,1
1713466800,2,1
1713470400,2,1
1713474000,2,1
1713477600,2,1
1713481200,2,1
1713484800,2,1
1713488400,2,1
1713492000,2,1
1713495600,2,1
1713499200,2,1
1713502800,2,1
1713506400,2,1
1713510000,2,1
1713513600,2,1
1713517200,2,1
1713520800,2,1
1713524400,2,1
1713528000,2,1
1713531600,2,1
1713535200,2,1
1713538800,2,1
1713542400,2,1
1713546000,2,1
1713549600,2,1
1713553200,2,1
1713556800,2,1
1713560400,2,1
1713564000,2,1
1713567600,2,1
1713571200,2,1
1713574800,2,1
1713578400,2,1
1713754800,2,1
1713758400,2,1
1713762000,2,1
1713765600,2,1
1713769200,2,1
1713772800,2,1
1713776400,2,1
1713780000,2,1
1713783600,2,1
1713787200,2,1
1713790800,2,1
1713794400,2,1
1713798000,2,1
1713801600,2,1
1713805200,2,1
1713808800,2,1
1713812400,2,1
1713816000,2,1
1713819600,2,1
1713823200,2,1
1713826800,2,1
1713830400,2,1
1713834000,2,1
1713837600,2,1
1713841200,2,1
1713844800,2,1
1713848400,2,1
1713852000,2,1
1713855600,2,1
1713859200,2,1
1713862800,2,1
1713866400,2,1
1713870000,2,1
1713873600,2,1
1713877200,2,1
1713880800,2,1
1713884400,2,1
1713888000,2,1
1713891600,2,1
1713895200,2,1
1713898800,2,1
1713902400,2,1
1713906000,2,1
1713909600,2,1
1713913200,2,1
1713916800,2,1
1713920400,2,1
1713924000,2,1
1713927600,2,1
1713931200,2,1
1713934800,2,1
1713938400,2,1
1713942000,2,1
1713945600,2,1
1713949200,2,1
1713952800,2,1
1713956400,2,1
1713960000,2,1
1713963600,2,1
1713967200,2,1
1713970800,2,1
1713974400,2,1
1713978000,2,1
1713981600,2,1
1713985200,2,1
1713988800,2,1
1713992400,2,1
1713996000,2,1
1713999600,2,1
1714003200,2,1
1714006800,2,1
1714010400,2,1
1714014000,2,1
1714017600,2,1
1714021200,2,1
1714024800,2,1
1714028400,2,1
1714032000,2,1
1714035600,2,1
1714039200,2,1
1714042800,2,1
1714046400,2,1
1714050000,2,1
1714053600,2,1
1714057200,2,1
1714060800,2,1
1714064400,2,1
1714068000,2,1
1714071600,2,1
1714075200,2,1
1714078800,2,1
1714082400,2,1
1714086000,2,1
1714089600,2,1
1714093200,2,1
1714096800,2,1
1714100400,2,1
1714104000,2,1
1714107600,2,1
1714111200,2,1
1714114800,2,1
1714118400,2,1
1714122000,2,1
1714125600,2,1
1714129200,2,1
1714132800,2,1
1714136400,2,1
1714140000,2,1
1714143600,2,1
1714147200,2,1
1714150800,2,1
1714154400,2,1
1714158000,2,1
1714161600,2,1
1714165200,2,1
1714168800,2,1
1714172400,2,1
1714176000,2,1
1714179600,2,1
1714183200,2,1
1714359600,2,1
1714363200,2,1
1714366800,2,1
1714370400,2,1
1714374000,2,1
1714377600,2,1
1714381200,2,1
1714384800,2,1
1714388400,2,1
1714392000,2,1
1714395600,2,1
1714399200,2,1
1714402800,2,1
1714406400,2,1
1714410000,2,1
1714413600,2,1
1714417200,2,1
1714420800,2,1
1714424400,2,1
1714428000,2,1
1714431600,2,1
1714435200,2,1
1714438800,2,1
1714442400,2,1
1714446000,2,1
1714449600,2,1
1714453200,2,1
1714456800,2,1
1714460400,2,1
1714464000,2,1
1714467600,2,1
1714471200,2,1
1714474800,2,1
1714478400,2,1
1714482000,2,1
1714485600,2,1
1714489200,2,1
1714492800,2,1
1714496400,2,1
1714500000,2,1
1714503600,2,1
1714507200,2,1
1714510800,2,1
1714514400,2,1
1714518000,2,1
1714521600,2,1
1714525200,2,1
1714528800,2,1
1714532400,2,1
1714536000,2,1
1714539600,2,1
1714543200,2,1
1714546800,2,1
1714550400,2,1
1714554000,2,1
1714557600,2,1
1714561200,2,1
1714564800,2,1
1714568400,2,1
1714572000,2,1
1714575600,2,1
1714579200,2,1
1714582800,2,1
1714586400,2,1
1714590000,2,1
1714593600,2,1
1714597200,2,1
1714600800,2,1
1714604400,2,1
1714608000,2,1
1714611600,2,1
1714615200,2,1
1714618800,2,1
1714622400,2,1
1714626000,2,1
1714629600,2,1
1714633200,2,1
1714636800,2,1
1714640400,2,1
1714644000,2,1
1714647600,2,1
1714651200,2,1
1714654800,2,1
1714658400,2,1
1714662000,2,1
1714665600,2,1
1714669200,2,1
1714672800,2,1
1714676400,2,1
1714680000,2,1
1714683600,2,1
1714687200,2,1
1714690800,2,1
1714694400,2,1
1714698000,2,1
1714701600,2,1
1714705200,2,1
1714708800,2,1
1714712400,2,1
1714716000,2,1
1714719600,2,1
1714723200,2,1
1714726800,2,1
1714730400,2,1
1714734000,2,1
1714737600,2,1
1714741200,2,1
1714744800,2,1
1714748400,2,1
1714752000,2,1
1714755600,2,1
1714759200,2,1
1714762800,2,1
1714766400,2,1
1714770000,2,1
1714773600,2,1
1714777200,2,1
1714780800,2,1
1714784400,2,1
1714788000,2,1
1714964400,2,1
1714968000,2,1
1714971600,2,1
1714975200,2,1
1714978800,2,1
1714982400,2,1
1714986000,2,1
1714989600,2,1
1714993200,2,1
1714996800,2,1
1715000400,2,1
1715004000,2,1
1715007600,2,1
1715011200,2,1
1715014800,2,1
1715018400,2,1
1715022000,2,1
1715025600,2,1
1715029200,2,1
1715032800,2,1
1715036400,2,1
1715040000,2,1
1715043600,2,1
1715047200,2,1
1715050800,2,1
1715054400,2,1
1715058000,2,1
1715061600,2,1
1715065200,2,1
1715068800,2,1
1715072400,2,1
1715076000,2,1
1715079600,2,1
1715083200,2,1
1715086800,2,1
1715090400,2,1
1715094000,2,1
1715097600,2,1
1715101200,2,1
1715104800,2,1
1715108400,2,1
1715112000,2,1
1715115600,2,1
1715119200,2,1
1715122800,2,1
1715126400,2,1
1715130000,2,1
1715133600,2,1
1715137200,2,1
1715140800,2,1
1715144400,2,1
1715148000,2,1
1715151600,2,1
1715155200,2,1
1715158800,2,1
1715162400,2,1
1715166000,2,1
1715169600,2,1
1715173200,2,1
1715176800,2,1
1715180400,2,1
1715184000,2,1
1715187600,2,1
1715191200,2,1
1715194800,2,1
1715198400,2,1
1715202000,2,1
1715205600,2,1
1715209200,2,1
1715212800,2,1
1715216400,2,1
1715220000,2,1
1715223600,2,1
1715227200,2,1
1715230800,2,1
1715234400,2,1
1715238000,2,1
1715241600,2,1
1715245200,2,1
1715248800,2,1
1715252400,2,1
1715256000,2,1
1715259600,2,1
1715263200,2,1
1715266800,2,1
1715270400,2,1
1715274000,2,1
1715277600,2,1
1715281200,2,1
1715284800,2,1
1715288400,2,1
1715292000,2,1
1715295600,2,1
1715299200,2,1
1715302800,2,1
1715306400,2,1
1715310000,2,1
1715313600,2,1
1715317200,2,1
1715320800,2,1
1715324400,2,1
1715328000,2,1
1715331600,2,1
1715335200,2,1
1715338800,2,1
1715342400,2,1
1715346000,2,1
1715349600,2,1
1715353200,2,1
1715356800,2,1
1715360400,2,1
1715364000,2,1
1715367600,2,1
1715371200,2,1
1715374800,2,1
1715378400,2,1
1715382000,2,1
1715385600,2,1
1715389200,2,1
1715392800,2,1
1715569200,2,1
1715572800,2,1
1715576400,2,1
1715580000,2,1
1715583600,2,1
1715587200,2,1
1715590800,2,1
1715594400,2,1
1715598000,2,1
1715601600,2,1
1715605200,2,1
1715608800,2,1
1715612400,2,1
1715616000,2,1
1715619600,2,1
1715623200,2,1
1715626800,2,1
1715630400,2,1
1715634000,2,1
1715637600,2,1
1715641200,2,1
1715644800,2,1
1715648400,2,1
1715652000,2,1
1715655600,2,1
1715659200,2,1
1715662800,2,1
1715666400,2,1
1715670000,2,1
1715673600,2,1
1715677200,2,1
1715680800,2,1
1715684400,2,1
1715688000,2,1
1715691600,2,1
1715695200,2,1
1715698800,2,1
1715702400,2,1
1715706000,2,1
1715709600,2,1
1715713200,2,1
1715716800,2,1
1715720400,2,1
1715724000,2,1
1715727600,2,1
1715731200,2,1
1715734800,2,1
1715738400,2,1
1715742000,2,1
1715745600,2,1
1715749200,2,1
1715752800,2,1
1715756400,2,1
1715760000,2,1
1715763600,2,1
1715767200,2,1
1715770800,2,1
1715774400,2,1
1715778000,2,1
1715781600,2,1
1715785200,2,1
1715788800,2,1
1715792400,2,1
1715796000,2,1
1715799600,2,1
1715803200,2,1
1715806800,2,1
1715810400,2,1
1715814000,2,1
1715817600,2,1
1715821200,2,1
1715824800,2,1
1715828400,2,1
1715832000,2,1
1715835600,2,1
1715839200,2,1
1715842800,2,1
1715846400,2,1
1715850000,2,1
1715853600,2,1
1715857200,2,1
1715860800,2,1
1715864400,2,1
1715868000,2,1
1715871600,2,1
1715875200,2,1
1715878800,2,1
1715882400,2,1
1715886000,2,1
1715889600,2,1
1715893200,2,1
1715896800,2,1
1715900400,2,1
1715904000,2,1
1715907600,2,1
1715911200,2,1
1715914800,2,1
1715918400,2,1
1715922000,2,1
1715925600,2,1
1715929200,2,1
1715932800,2,1
1715936400,2,1
1715940000,2,1
1715943600,2,1
1715947200,2,1
1715950800,2,1
1715954400,2,1
1715958000,2,1
1715961600,2,1
1715965200,2,1
1715968800,2,1
1715972400,2,1
1715976000,2,1
1715979600,2,1
1715983200,2,1
1715986800,2,1
1715990400,2,1
1715994000,2,1
1715997600,2,1
1716174000,2,1
1716177600,2,1
1716181200,2,1
1716184800,2,1
1716188400,2,1
1716192000,2,1
1716195600,2,1
1716199200,2,1
1716202800,2,1
1716206400,2,1
1716210000,2,1
1716213600,2,1
1716217200,2,1
1716220800,2,1
1716224400,2,1
1716228000,2,1
1716231600,2,1
1716235200,2,1
1716238800,2,1
1716242400,2,1
1716246000,2,1
1716249600,2,1
1716253200,2,1
1716256800,2,1
1716260400,2,1
1716264000,2,1
1716267600,2,1
1716271200,2,1
1716274800,2,1
1716278400,2,1
1716282000,2,1
1716285600,2,1
1716289200,2,1
1716292800,2,1
1716296400,2,1
1716300000,2,1
1716303600,2,1
1716307200,2,1
1716310800,2,1
1716314400,2,1
1716318000,2,1
1716321600,2,1
1716325200,2,1
1716328800,2,1
1716332400,2,1
1716336000,2,1
1716339600,2,1
1716343200,2,1
1716346800,2,1
1716350400,2,1
1716354000,2,1
1716357600,2,1
1716361200,2,1
1716364800,2,1
1716368400,2,1
1716372000,2,1
1716375600,2,1
1716379200,2,1
1716382800,2,1
1716386400,2,1
1716390000,2,1
1716393600,2,1
1716397200,2,1
1716400800,2,1
1716404400,2,1
1716408000,2,1
1716411600,2,1
1716415200,2,1
1716418800,2,1
1716422400,2,1
1716426000,2,1
1716429600,2,1
1716433200,0,0
1716436800,0,0
1716440400,0,0
1716444000,0,0
1716447600,0,0
1716451200,0,0
1716454800,0,0
1716458400,0,0
1716462000,0,0
1716465600,0,0
1716469200,0,0
1716472800,0,0
1716476400,0,0
1716480000,0,0
1716483600,0,0
1716487200,0,0
1716490800,0,0
1716494400,0,0
1716498000,0,0
1716501600,0,0
1716505200,0,0
1716508800,0,0
1716512400,0,0
1716516000,0,0
1716519600,0,0
1716523200,0,0
1716526800,0,0
1716530400,0,0
1716534000,0,0
1716537600,0,0
1716541200,0,0
1716544800,0,0
1716548400,0,0
1716552000,0,0
1716555600,0,0
1716559200,0,0
1716562800,0,0
1716566400,0,0
1716570000,0,0
1716573600,0,0
1716577200,0,0
1716580800,0,0
1716584400,0,0
1716588000,0,0
1716591600,0,0
1716595200,0,0
1716598800,0,0
1716602400,0,0
1716865200,0,0
1716868800,0,0
1716872400,0,0
1716876000,0,0
1716879600,0,0
1716883200,0,0
1716886800,0,0
1716890400,0,0
1716894000,0,0
1716897600,0,0
1716901200,0,0
1716904800,0,0
1716908400,0,0
1716912000,0,0
1716915600,0,0
1716919200,0,0
1716922800,0,0
1716926400,0,0
1716930000,0,0
1716933600,0,0
1716937200,0,0
1716940800,0,0
1716944400,0,0
1716948000,0,0
1716951600,0,0
1716955200,0,0
1716958800,0,0
1716962400,0,0
1716966000,0,0
1716969600,0,0
1716973200,0,0
1716976800,0,0
1716980400,0,0
1716984000,0,0
1716987600,0,0
1716991200,0,0
1716994800,0,0
1716998400,0,0
1717002000,0,0
1717005600,0,0
1717009200,0,0
1717012800,0,0
1717016400,0,0
1717020000,0,0
1717023600,0,0
1717027200,0,0
1717030800,0,0
1717034400,0,0
1717038000,0,0
1717041600,0,0
1717045200,0,0
1717048800,0,0
1717052400,0,0
1717056000,0,0
1717059600,0,0
1717063200,0,0
1717066800,0,0
1717070400,0,0
1717074000,0,0
1717077600,0,0
1717081200,0,0
1717084800,0,0
1717088400,0,0
1717092000,0,0
1717095600,0,0
1717099200,0,0
1717102800,0,0
1717106400,0,0
1717110000,0,0
1717113600,0,0
1717117200,0,0
1717120800,0,0
1717124400,0,0
1717128000,0,0
1717131600,0,0
1717135200,0,0
1717138800,0,0
1717142400,0,0
1717146000,0,0
1717149600,0,0
1717153200,0,0
1717156800,0,0
1717160400,0,0
1717164000,0,0
1717167600,0,0
1717171200,0,0
1717174800,0,0
1717178400,0,0
1717182000,0,0
1717185600,0,0
1717189200,0,0
1717192800,0,0
1717196400,0,0
1717200000,0,0
1717203600,0,0
1717207200,0,0
1717383600,0,0
1717387200,0,0
1717390800,0,0
1717394400,0,0
1717398000,0,0
1717401600,0,0
1717405200,0,0
1717408800,0,0
1717412400,0,0
1717416000,0,0
1717419600,0,0
1717423200,0,0
1717426800,0,0
1717430400,0,0
1717434000,0,0
1717437600,0,0
1717441200,0,0
1717444800,0,0
1717448400,0,0
1717452000,0,0
1717455600,0,0
1717459200,0,0
1717462800,0,0
1717466400,0,0
1717470000,0,0
1717473600,0,0
1717477200,0,0
1717480800,0,0
1717484400,0,0
1717488000,0,0
1717491600,0,0
1717495200,0,0
1717498800,0,0
1717502400,0,0
1717506000,0,0
1717509600,0,0
1717513200,0,0
1717516800,0,0
1717520400,0,0
1717524000,0,0
1717527600,0,0
1717531200,0,0
1717534800,0,0
1717538400,0,0
1717542000,0,0
1717545600,0,0
1717549200,0,0
1717552800,0,0
1717556400,0,0
1717560000,0,0
1717563600,0,0
1717567200,0,0
1717570800,0,0
1717574400,0,0
1717578000,0,0
1717581600,0,0
1717585200,0,0
1717588800,0,0
1717592400,0,0
1717596000,0,0
1717599600,0,0
1717603200,0,0
1717606800,0,0
1717610400,0,0
1717614000,0,0
1717617600,0,0
1717621200,0,0
1717624800,0,0
1717628400,0,0
1717632000,0,0
1717635600,0,0
1717639200,0,0
1717642800,2,1
1717646400,2,1
1717650000,2,1
1717653600,2,1
1717657200,2,1
1717660800,2,1
1717664400,2,1
1717668000,2,1
1717671600,2,1
1717675200,2,1
1717678800,2,1
1717682400,2,1
1717686000,2,1
1717689600,2,1
1717693200,2,1
1717696800,2,1
1717700400,2,1
1717704000,2,1
1717707600,2,1
1717711200,2,1
1717714800,2,1
1717718400,2,1
1717722000,2,1
1717725600,2,1
1717729200,1,1
1717732800,1,1
1717736400,1,1
1717740000,1,1
1717743600,1,1
1717747200,1,1
1717750800,1,1
1717754400,1,1
1717758000,1,1
1717761600,1,1
1717765200,1,1
1717768800,1,1
1717772400,1,1
1717776000,1,1
1717779600,1,1
1717783200,1,1
1717786800,1,1
1717790400,1,1
1717794000,1,1
1717797600,1,1
1717801200,1,1
1717804800,1,1
1717808400,1,1
1717812000,1,1
1717988400,0,0
1717992000,0,0
1717995600,0,0
1717999200,0,0
1718002800,0,0
1718006400,0,0
1718010000,0,0
1718013600,0,0
1718017200,0,0
1718020800,0,0
1718024400,0,0
1718028000,0,0
1718031600,0,0
1718035200,0,0
1718038800,0,0
1718042400,0,0
1718046000,0,0
1718049600,0,0
1718053200,0,0
1718056800,0,0
1718060400,0,0
1718064000,0,0
1718067600,0,0
1718071200,0,0
1718074800,0,0
1718078400,0,0
1718082000,0,0
1718085600,0,0
1718089200,0,0
1718092800,0,0
1718096400,0,0
1718100000,0,0
1718103600,0,0
1718107200,0,0
1718110800,0,0
1718114400,0,0
1718118000,0,0
1718121600,0,0
1718125200,0,0
1718128800,0,0
1718132400,0,0
1718136000,0,0
1718139600,0,0
1718143200,0,0
1718146800,0,0
1718150400,0,0
1718154000,0,0
1718157600,0,0
1718161200,0,0
1718164800,0,0
1718168400,0,0
1718172000,0,0
1718175600,0,0
1718179200,0,0
1718182800,0,0
1718186400,0,0
1718190000,0,0
1718193600,0,0
1718197200,0,0
1718200800,0,0
1718204400,0,0
1718208000,0,0
1718211600,0,0
1718215200,0,0
1718218800,0,0
1718222400,0,0
1718226000,0,0
1718229600,0,0
1718233200,0,0
1718236800,0,0
1718240400,0,0
1718244000,0,0
1718247600,0,0
1718251200,0,0
1718254800,0,0
1718258400,0,0
1718262000,0,0
1718265600,0,0
1718269200,0,0
1718272800,0,0
1718276400,0,0
1718280000,0,0
1718283600,0,0
1718287200,0,0
1718290800,0,0
1718294400,0,0
1718298000,0,0
1718301600,0,0
1718305200,0,0
1718308800,0,0
1718312400,0,0
1718316000,0,0
1718319600,0,0
1718323200,0,0
1718326800,0,0
1718330400,0,0
1718334000,0,0
1718337600,0,0
1718341200,0,0
1718344800,0,0
1718348400,0,0
1718352000,0,0
1718355600,0,0
1718359200,0,0
1718362800,0,0
1718366400,0,0
1718370000,0,0
1718373600,0,0
1718377200,0,0
1718380800,0,0
1718384400,0,0
1718388000,0,0
1718391600,0,0
1718395200,0,0
1718398800,0,0
1718402400,0,0
1718406000,0,0
1718409600,0,0
1718413200,0,0
1718416800,0,0
1718593200,0,0
1718596800,0,0
1718600400,0,0
1718604000,0,0
1718607600,0,0
1718611200,0,0
1718614800,0,0
1718618400,0,0
1718622000,0,0
1718625600,0,0
1718629200,0,0
1718632800,0,0
1718636400,0,0
1718640000,0,0
1718643600,0,0
1718647200,0,0
1718650800,0,0
1718654400,0,0
1718658000,0,0
1718661600,0,0
1718665200,0,0
1718668800,0,0
1718672400,0,0
1718676000,0,0
1718679600,0,0
1718683200,0,0
1718686800,0,0
1718690400,0,0
1718694000,0,0
1718697600,0,0
1718701200,0,0
1718704800,0,0
1718708400,0,0
1718712000,0,0
1718715600,0,0
1718719200,0,0
1718722800,0,0
1718726400,0,0
1718730000,0,0
1718733600,0,0
1718737200,0,0
1718740800,0,0
1718744400,0,0
1718748000,0,0
1718751600,0,0
1718755200,0,0
1718758800,0,0
1718762400,0,0
1718852400,0,0
1718856000,0,0
1718859600,0,0
1718863200,0,0
1718866800,0,0
1718870400,0,0
1718874000,0,0
1718877600,0,0
1718881200,0,0
1718884800,0,0
1718888400,0,0
1718892000,0,0
1718895600,0,0
1718899200,0,0
1718902800,0,0
1718906400,0,0
1718910000,0,0
1718913600,0,0
1718917200,0,0
1718920800,0,0
1718924400,0,0
1718928000,0,0
1718931600,0,0
1718935200,0,0
1718938800,0,0
1718942400,0,0
1718946000,0,0
1718949600,0,0
1718953200,0,0
1718956800,0,0
1718960400,0,0
1718964000,0,0
1718967600,0,0
1718971200,0,0
1718974800,0,0
1718978400,0,0
1718982000,0,0
1718985600,0,0
1718989200,0,0
1718992800,0,0
1718996400,0,0
1719000000,0,0
1719003600,0,0
1719007200,0,0
1719010800,0,0
1719014400,0,0
1719018000,0,0
1719021600,0,0
1719198000,0,0
1719201600,0,0
1719205200,0,0
1719208800,0,0
1719212400,0,0
1719216000,0,0
1719219600,0,0
1719223200,0,0
1719226800,0,0
1719230400,0,0
1719234000,0,0
1719237600,0,0
1719241200,0,0
1719244800,0,0
1719248400,0,0
1719252000,0,0
1719255600,0,0
1719259200,0,0
1719262800,0,0
1719266400,0,0
1719270000,0,0
1719273600,0,0
1719277200,0,0
1719280800,0,0
1719284400,0,0
1719288000,0,0
1719291600,0,0
1719295200,0,0
1719298800,0,0
1719302400,0,0
1719306000,0,0
1719309600,0,0
1719313200,0,0
1719316800,0,0
1719320400,0,0
1719324000,0,0
1719327600,0,0
1719331200,0,0
1719334800,0,0
1719338400,0,0
1719342000,0,0
1719345600,0,0
1719349200,0,0
1719352800,0,0
1719356400,0,0
1719360000,0,0
1719363600,0,0
1719367200,0,0
1719370800,0,0
1719374400,0,0
1719378000,0,0
1719381600,0,0
1719385200,0,0
1719388800,0,0
1719392400,0,0
1719396000,0,0
1719399600,0,0
1719403200,0,0
1719406800,0,0
1719410400,0,0
1719414000,0,0
1719417600,0,0
1719421200,0,0
1719424800,0,0
1719428400,0,0
1719432000,0,0
1719435600,0,0
1719439200,0,0
1719442800,0,0
1719446400,0,0
1719450000,0,0
1719453600,0,0
1719457200,0,0
1719460800,0,0
1719464400,0,0
1719468000,0,0
1719471600,0,0
1719475200,0,0
1719478800,0,0
1719482400,0,0
1719486000,0,0
1719489600,0,0
1719493200,0,0
1719496800,0,0
1719500400,0,0
1719504000,0,0
1719507600,0,0
1719511200,0,0
1719514800,0,0
1719518400,0,0
1719522000,0,0
1719525600,0,0
1719529200,0,0
1719532800,0,0
1719536400,0,0
1719540000,0,0
1719543600,0,0
1719547200,0,0
1719550800,0,0
1719554400,0,0
1719558000,0,0
1719561600,0,0
1719565200,0,0
1719568800,0,0
1719572400,0,0
1719576000,0,0
1719579600,0,0
1719583200,0,0
1719586800,0,0
1719590400,0,0
1719594000,0,0
1719597600,0,0
1719601200,0,0
1719604800,0,0
1719608400,0,0
1719612000,0,0
1719615600,0,0
1719619200,0,0
1719622800,0,0
1719626400,0,0
1719802800,0,0
1719806400,0,0
1719810000,0,0
1719813600,0,0
1719817200,0,0
1719820800,0,0
1719824400,0,0
1719828000,0,0
1719831600,0,0
1719835200,0,0
1719838800,0,0
1719842400,0,0
1719846000,0,0
1719849600,0,0
1719853200,0,0
1719856800,0,0
1719860400,0,0
1719864000,0,0
1719867600,0,0
1719871200,0,0
1719874800,0,0
1719878400,0,0
1719882000,0,0
1719885600,0,0
1719889200,0,0
1719892800,0,0
1719896400,0,0
1719900000,0,0
1719903600,0,0
1719907200,0,0
1719910800,0,0
1719914400,0,0
1719918000,0,0
1719921600,0,0
1719925200,0,0
1719928800,0,0
1719932400,0,0
1719936000,0,0
1719939600,0,0
1719943200,0,0
1719946800,0,0
1719950400,0,0
1719954000,0,0
1719957600,0,0
1719961200,0,0
1719964800,0,0
1719968400,0,0
1719972000,0,0
1719975600,2,1
1719979200,2,1
1719982800,2,1
1719986400,2,1
1719990000,2,1
1719993600,2,1
1719997200,2,1
1720000800,2,1
1720004400,2,1
1720008000,2,1
1720011600,2,1
1720015200,2,1
1720018800,2,1
1720022400,2,1
1720026000,2,1
1720029600,2,1
1720033200,2,1
1720036800,2,1
1720040400,2,1
1720044000,2,1
1720047600,2,1
1720051200,2,1
1720054800,2,1
1720058400,2,1
1720148400,2,1
1720152000,2,1
1720155600,2,1
1720159200,2,1
1720162800,2,1
1720166400,2,1
1720170000,2,1
1720173600,2,1
1720177200,2,1
1720180800,2,1
1720184400,2,1
1720188000,2,1
1720191600,2,1
1720195200,2,1
1720198800,2,1
1720202400,2,1
1720206000,2,1
1720209600,2,1
1720213200,2,1
1720216800,2,1
1720220400,2,1
1720224000,2,1
1720227600,2,1
1720231200,2,1
1720407600,2,1
1720411200,2,1
1720414800,2,1
1720418400,2,1
1720422000,2,1
1720425600,2,1
1720429200,2,1
1720432800,2,1
1720436400,2,1
1720440000,2,1
1720443600,2,1
1720447200,2,1
1720450800,2,1
1720454400,2,1
1720458000,2,1
1720461600,2,1
1720465200,2,1
1720468800,2,1
1720472400,2,1
1720476000,2,1
1720479600,2,1
1720483200,2,1
1720486800,2,1
1720490400,2,1
1720494000,2,1
1720497600,2,1
1720501200,2,1
1720504800,2,1
1720508400,2,1
1720512000,2,1
1720515600,2,1
1720519200,2,1
1720522800,2,1
1720526400,2,1
1720530000,2,1
1720533600,2,1
1720537200,2,1
1720540800,2,1
1720544400,2,1
1720548000,2,1
1720551600,2,1
1720555200,2,1
1720558800,2,1
1720562400,2,1
1720566000,2,1
1720569600,2,1
1720573200,2,1
1720576800,2,1
1720580400,2,1
1720584000,2,1
1720587600,2,1
1720591200,2,1
1720594800,2,1
1720598400,2,1
1720602000,2,1
1720605600,2,1
1720609200,2,1
1720612800,2,1
1720616400,2,1
1720620000,2,1
1720623600,2,1
1720627200,2,1
1720630800,2,1
1720634400,2,1
1720638000,2,1
1720641600,2,1
1720645200,2,1
1720648800,2,1
1720652400,2,1
1720656000,2,1
1720659600,2,1
1720663200,2,1
1720666800,2,1
1720670400,2,1
1720674000,2,1
1720677600,2,1
1720681200,2,1
1720684800,2,1
1720688400,2,1
1720692000,2,1
1720695600,2,1
1720699200,2,1
1720702800,2,1
1720706400,2,1
1720710000,2,1
1720713600,2,1
1720717200,2,1
1720720800,2,1
1720724400,2,1
1720728000,2,1
1720731600,2,1
1720735200,2,1
1720738800,2,1
1720742400,2,1
1720746000,2,1
1720749600,2,1
1720753200,2,1
1720756800,2,1
1720760400,2,1
1720764000,2,1
1720767600,2,1
1720771200,2,1
1720774800,2,1
1720778400,2,1
1720782000,2,1
1720785600,2,1
1720789200,2,1
1720792800,2,1
1720796400,2,1
1720800000,2,1
1720803600,2,1
1720807200,2,1
1720810800,2,1
1720814400,2,1
1720818000,2,1
1720821600,2,1
1720825200,2,1
1720828800,2,1
1720832400,2,1
1720836000,2,1
1721012400,2,1
1721016000,2,1
1721019600,2,1
1721023200,2,1
1721026800,2,1
1721030400,2,1
1721034000,2,1
1721037600,2,1
1721041200,2,1
1721044800,2,1
1721048400,2,1
1721052000,2,1
1721055600,2,1
1721059200,2,1
1721062800,2,1
1721066400,2,1
1721070000,2,1
1721073600,2,1
1721077200,2,1
1721080800,2,1
1721084400,2,1
1721088000,2,1
1721091600,2,1
1721095200,2,1
1721098800,2,1
1721102400,2,1
1721106000,2,1
1721109600,2,1
1721113200,2,1
1721116800,2,1
1721120400,2,1
1721124000,2,1
1721127600,2,1
1721131200,2,1
1721134800,2,1
1721138400,2,1
1721142000,2,1
1721145600,2,1
1721149200,2,1
1721152800,2,1
1721156400,2,1
1721160000,2,1
1721163600,2,1
1721167200,2,1
1721170800,2,1
1721174400,2,1
1721178000,2,1
1721181600,2,1
1721185200,2,1
1721188800,2,1
1721192400,2,1
1721196000,2,1
1721199600,2,1
1721203200,2,1
1721206800,2,1
1721210400,2,1
1721214000,2,1
1721217600,2,1
1721221200,2,1
1721224800,2,1
1721228400,2,1
1721232000,2,1
1721235600,2,1
1721239200,2,1
1721242800,2,1
1721246400,2,1
1721250000,2,1
1721253600,2,1
1721257200,2,1
1721260800,2,1
1721264400,2,1
1721268000,2,1
1721271600,2,1
1721275200,2,1
1721278800,2,1
1721282400,2,1
1721286000,2,1
1721289600,2,1
1721293200,2,1
1721296800,2,1
1721300400,2,1
1721304000,2,1
1721307600,2,1
1721311200,2,1
1721314800,2,1
1721318400,2,1
1721322000,2,1
1721325600,2,1
1721329200,2,1
1721332800,2,1
1721336400,2,1
1721340000,2,1
1721343600,2,1
1721347200,2,1
1721350800,2,1
1721354400,2,1
1721358000,2,1
1721361600,2,1
1721365200,2,1
1721368800,2,1
1721372400,2,1
1721376000,2,1
1721379600,2,1
1721383200,2,1
1721386800,2,1
1721390400,2,1
1721394000,2,1
1721397600,2,1
1721401200,2,1
1721404800,2,1
1721408400,2,1
1721412000,2,1
1721415600,2,1
1721419200,2,1
1721422800,2,1
1721426400,2,1
1721430000,2,1
1721433600,2,1
1721437200,2,1
1721440800,2,1
1721617200,2,1
1721620800,2,1
1721624400,2,1
1721628000,2,1
1721631600,2,1
1721635200,2,1
1721638800,2,1
1721642400,2,1
1721646000,2,1
1721649600,2,1
1721653200,2,1
1721656800,2,1
1721660400,2,1
1721664000,2,1
1721667600,2,1
1721671200,2,1
1721674800,2,1
1721678400,2,1
1721682000,2,1
1721685600,2,1
1721689200,2,1
1721692800,2,1
1721696400,2,1
1721700000,2,1
1721703600,2,1
1721707200,2,1
1721710800,2,1
1721714400,2,1
1721718000,2,1
1721721600,2,1
1721725200,2,1
1721728800,2,1
1721732400,2,1
1721736000,2,1
1721739600,2,1
1721743200,2,1
1721746800,2,1
1721750400,2,1
1721754000,2,1
1721757600,2,1
1721761200,2,1
1721764800,2,1
1721768400,2,1
1721772000,2,1
1721775600,2,1
1721779200,2,1
1721782800,2,1
1721786400,2,1
1721790000,2,1
1721793600,2,1
1721797200,2,1
1721800800,2,1
1721804400,2,1
1721808000,2,1
1721811600,2,1
1721815200,2,1
1721818800,2,1
1721822400,2,1
1721826000,2,1
1721829600,2,1
1721833200,2,1
1721836800,2,1
1721840400,2,1
1721844000,2,1
1721847600,2,1
1721851200,2,1
1721854800,2,1
1721858400,2,1
1721862000,2,1
1721865600,2,1
1721869200,2,1
1721872800,2,1
1721876400,0,0
1721880000,0,0
1721883600,0,0
1721887200,0,0
1721890800,0,0
1721894400,0,0
1721898000,0,0
1721901600,0,0
1721905200,0,0
1721908800,0,0
1721912400,0,0
1721916000,0,0
1721919600,0,0
1721923200,0,0
1721926800,0,0
1721930400,0,0
1721934000,0,0
1721937600,0,0
1721941200,0,0
1721944800,0,0
1721948400,0,0
1721952000,0,0
1721955600,0,0
1721959200,0,0
1721962800,0,0
1721966400,0,0
1721970000,0,0
1721973600,0,0
1721977200,0,0
1721980800,0,0
1721984400,0,0
1721988000,0,0
1721991600,0,0
1721995200,0,0
1721998800,0,0
1722002400,0,0
1722006000,0,0
1722009600,0,0
1722013200,0,0
1722016800,0,0
1722020400,0,0
1722024000,0,0
1722027600,0,0
1722031200,0,0
1722034800,0,0
1722038400,0,0
1722042000,0,0
1722045600,0,0
1722222000,0,0
1722225600,0,0
1722229200,0,0
1722232800,0,0
1722236400,0,0
1722240000,0,0
1722243600,0,0
1722247200,0,0
1722250800,0,0
1722254400,0,0
1722258000,0,0
1722261600,0,0
1722265200,0,0
1722268800,0,0
1722272400,0,0
1722276000,0,0
1722279600,0,0
1722283200,0,0
1722286800,0,0
1722290400,0,0
1722294000,0,0
1722297600,0,0
1722301200,0,0
1722304800,0,0
1722308400,0,0
1722312000,0,0
1722315600,0,0
1722319200,0,0
1722322800,0,0
1722326400,0,0
1722330000,0,0
1722333600,0,0
1722337200,0,0
1722340800,0,0
1722344400,0,0
1722348000,0,0
1722351600,0,0
1722355200,0,0
1722358800,0,0
1722362400,0,0
1722366000,0,0
1722369600,0,0
1722373200,0,0
1722376800,0,0
1722380400,0,0
1722384000,0,0
1722387600,0,0
1722391200,0,0
1722394800,0,0
1722398400,0,0
1722402000,0,0
1722405600,0,0
1722409200,0,0
1722412800,0,0
1722416400,0,0
1722420000,0,0
1722423600,0,0
1722427200,0,0
1722430800,0,0
1722434400,0,0
1722438000,0,0
1722441600,0,0
1722445200,0,0
1722448800,0,0
1722452400,0,0
1722456000,0,0
1722459600,0,0
1722463200,0,0
1722466800,0,0
1722470400,0,0
1722474000,0,0
1722477600,0,0
1722481200,0,0
1722484800,0,0
1722488400,0,0
1722492000,0,0
1722495600,0,0
1722499200,0,0
1722502800,0,0
1722506400,0,0
1722510000,0,0
1722513600,0,0
1722517200,0,0
1722520800,0,0
1722524400,0,0
1722528000,0,0
1722531600,0,0
1722535200,0,0
1722538800,0,0
1722542400,0,0
1722546000,0,0
1722549600,0,0
1722553200,0,0
1722556800,0,0
1722560400,0,0
1722564000,0,0
1722567600,0,0
1722571200,0,0
1722574800,0,0
1722578400,0,0
1722582000,0,0
1722585600,0,0
1722589200,0,0
1722592800,0,0
1722596400,0,0
1722600000,0,0
1722603600,0,0
1722607200,0,0
1722610800,0,0
1722614400,0,0
1722618000,0,0
1722621600,0,0
1722625200,0,0
1722628800,0,0
1722632400,0,0
1722636000,0,0
1722639600,0,0
1722643200,0,0
1722646800,0,0
1722650400,0,0
1722826800,0,0
1722830400,0,0
1722834000,0,0
1722837600,0,0
1722841200,0,0
1722844800,0,0
1722848400,0,0
1722852000,0,0
1722855600,0,0
1722859200,0,0
1722862800,0,0
1722866400,0,0
1722870000,0,0
1722873600,0,0
1722877200,0,0
1722880800,0,0
1722884400,0,0
1722888000,0,0
1722891600,0,0
1722895200,0,0
1722898800,0,0
1722902400,0,0
1722906000,0,0
1722909600,0,0
1722913200,0,0
1722916800,0,0
1722920400,0,0
1722924000,0,0
1722927600,0,0
1722931200,0,0
1722934800,0,0
1722938400,0,0
1722942000,0,0
1722945600,0,0
1722949200,0,0
1722952800,0,0
1722956400,0,0
1722960000,0,0
1722963600,0,0
1722967200,0,0
1722970800,0,0
1722974400,0,0
1722978000,0,0
1722981600,0,0
1722985200,0,0
1722988800,0,0
1722992400,0,0
1722996000,0,0
1722999600,0,0
1723003200,0,0
1723006800,0,0
1723010400,0,0
1723014000,0,0
1723017600,0,0
1723021200,0,0
1723024800,0,0
1723028400,0,0
1723032000,0,0
1723035600,0,0
1723039200,0,0
1723042800,0,0
1723046400,0,0
1723050000,0,0
1723053600,0,0
1723057200,0,0
1723060800,0,0
1723064400,0,0
1723068000,0,0
1723071600,0,0
1723075200,0,0
1723078800,0,0
1723082400,0,0
1723086000,2,1
1723089600,2,1
1723093200,2,1
1723096800,2,1
1723100400,2,1
1723104000,2,1
1723107600,2,1
1723111200,2,1
1723114800,2,1
1723118400,2,1
1723122000,2,1
1723125600,2,1
1723129200,2,1
1723132800,2,1
1723136400,2,1
1723140000,2,1
1723143600,2,1
1723147200,2,1
1723150800,2,1
1723154400,2,1
1723158000,2,1
1723161600,2,1
1723165200,2,1
1723168800,2,1
1723172400,2,1
1723176000,2,1
1723179600,2,1
1723183200,2,1
1723186800,2,1
1723190400,2,1
1723194000,2,1
1723197600,2,1
1723201200,2,1
1723204800,2,1
1723208400,2,1
1723212000,2,1
1723215600,2,1
1723219200,2,1
1723222800,2,1
1723226400,2,1
1723230000,2,1
1723233600,2,1
1723237200,2,1
1723240800,2,1
1723244400,2,1
1723248000,2,1
1723251600,2,1
1723255200,2,1
1723431600,2,1
1723435200,2,1
1723438800,2,1
1723442400,2,1
1723446000,2,1
1723449600,2,1
1723453200,2,1
1723456800,2,1
1723460400,2,1
1723464000,2,1
1723467600,2,1
1723471200,2,1
1723474800,2,1
1723478400,2,1
1723482000,2,1
1723485600,2,1
1723489200,2,1
1723492800,2,1
1723496400,2,1
1723500000,2,1
1723503600,2,1
1723507200,2,1
1723510800,2,1
1723514400,2,1
1723518000,2,1
1723521600,2,1
1723525200,2,1
1723528800,2,1
1723532400,2,1
1723536000,2,1
1723539600,2,1
1723543200,2,1
1723546800,2,1
1723550400,2,1
1723554000,2,1
1723557600,2,1
1723561200,2,1
1723564800,2,1
1723568400,2,1
1723572000,2,1
1723575600,2,1
1723579200,2,1
1723582800,2,1
1723586400,2,1
1723590000,2,1
1723593600,2,1
1723597200,2,1
1723600800,2,1
1723604400,2,1
1723608000,2,1
1723611600,2,1
1723615200,2,1
1723618800,2,1
1723622400,2,1
1723626000,2,1
1723629600,2,1
1723633200,2,1
1723636800,2,1
1723640400,2,1
1723644000,2,1
1723647600,2,1
1723651200,2,1
1723654800,2,1
1723658400,2,1
1723662000,2,1
1723665600,2,1
1723669200,2,1
1723672800,2,1
1723676400,2,1
1723680000,2,1
1723683600,2,1
1723687200,2,1
1723690800,2,1
1723694400,2,1
1723698000,2,1
1723701600,2,1
1723705200,2,1
1723708800,2,1
1723712400,2,1
1723716000,2,1
1723719600,2,1
1723723200,2,1
1723726800,2,1
1723730400,2,1
1723734000,2,1
1723737600,2,1
1723741200,2,1
1723744800,2,1
1723748400,2,1
1723752000,2,1
1723755600,2,1
1723759200,2,1
1723762800,2,1
1723766400,2,1
1723770000,2,1
1723773600,2,1
1723777200,2,1
1723780800,2,1
1723784400,2,1
1723788000,2,1
1723791600,2,1
1723795200,2,1
1723798800,2,1
1723802400,2,1
1723806000,2,1
1723809600,2,1
1723813200,2,1
1723816800,2,1
1723820400,2,1
1723824000,2,1
1723827600,2,1
1723831200,2,1
1723834800,2,1
1723838400,2,1
1723842000,2,1
1723845600,2,1
1723849200,2,1
1723852800,2,1
1723856400,2,1
1723860000,2,1
1724036400,2,1
1724040000,2,1
1724043600,2,1
1724047200,2,1
1724050800,2,1
1724054400,2,1
1724058000,2,1
1724061600,2,1
1724065200,2,1
1724068800,2,1
1724072400,2,1
1724076000,2,1
1724079600,2,1
1724083200,2,1
1724086800,2,1
1724090400,2,1
1724094000,2,1
1724097600,2,1
1724101200,2,1
1724104800,2,1
1724108400,2,1
1724112000,2,1
1724115600,2,1
1724119200,2,1
1724122800,2,1
1724126400,2,1
1724130000,2,1
1724133600,2,1
1724137200,2,1
1724140800,2,1
1724144400,2,1
1724148000,2,1
1724151600,2,1
1724155200,2,1
1724158800,2,1
1724162400,2,1
1724166000,2,1
1724169600,2,1
1724173200,2,1
1724176800,2,1
1724180400,2,1
1724184000,2,1
1724187600,2,1
1724191200,2,1
1724194800,2,1
1724198400,2,1
1724202000,2,1
1724205600,2,1
1724209200,2,1
1724212800,2,1
1724216400,2,1
1724220000,2,1
1724223600,2,1
1724227200,2,1
1724230800,2,1
1724234400,2,1
1724238000,2,1
1724241600,2,1
1724245200,2,1
1724248800,2,1
1724252400,2,1
1724256000,2,1
1724259600,2,1
1724263200,2,1
1724266800,2,1
1724270400,2,1
1724274000,2,1
1724277600,2,1
1724281200,2,1
1724284800,2,1
1724288400,2,1
1724292000,2,1
1724295600,2,1
1724299200,2,1
1724302800,2,1
1724306400,2,1
1724310000,2,1
1724313600,2,1
1724317200,2,1
1724320800,2,1
1724324400,2,1
1724328000,2,1
1724331600,2,1
1724335200,2,1
1724338800,2,1
1724342400,2,1
1724346000,2,1
1724349600,2,1
1724353200,2,1
1724356800,2,1
1724360400,2,1
1724364000,2,1
1724367600,2,1
1724371200,2,1
1724374800,2,1
1724378400,2,1
1724382000,2,1
1724385600,2,1
1724389200,2,1
1724392800,2,1
1724396400,2,1
1724400000,2,1
1724403600,2,1
1724407200,2,1
1724410800,2,1
1724414400,2,1
1724418000,2,1
1724421600,2,1
1724425200,2,1
1724428800,2,1
1724432400,2,1
1724436000,2,1
1724439600,2,1
1724443200,2,1
1724446800,2,1
1724450400,2,1
1724454000,2,1
1724457600,2,1
1724461200,2,1
1724464800,2,1
1724641200,2,1
1724644800,2,1
1724648400,2,1
1724652000,2,1
1724655600,2,1
1724659200,2,1
1724662800,2,1
1724666400,2,1
1724670000,2,1
1724673600,2,1
1724677200,2,1
1724680800,2,1
1724684400,2,1
1724688000,2,1
1724691600,2,1
1724695200,2,1
1724698800,2,1
1724702400,2,1
1724706000,2,1
1724709600,2,1
1724713200,2,1
1724716800,2,1
1724720400,2,1
1724724000,2,1
1724727600,2,1
1724731200,2,1
1724734800,2,1
1724738400,2,1
1724742000,2,1
1724745600,2,1
1724749200,2,1
1724752800,2,1
1724756400,2,1
1724760000,2,1
1724763600,2,1
1724767200,2,1
1724770800,2,1
1724774400,2,1
1724778000,2,1
1724781600,2,1
1724785200,2,1
1724788800,2,1
1724792400,2,1
1724796000,2,1
1724799600,2,1
1724803200,2,1
1724806800,2,1
1724810400,2,1
1724814000,2,1
1724817600,2,1
1724821200,2,1
1724824800,2,1
1724828400,2,1
1724832000,2,1
1724835600,2,1
1724839200,2,1
1724842800,2,1
1724846400,2,1
1724850000,2,1
1724853600,2,1
1724857200,2,1
1724860800,2,1
1724864400,2,1
1724868000,2,1
1724871600,2,1
1724875200,2,1
1724878800,2,1
1724882400,2,1
1724886000,2,1
1724889600,2,1
1724893200,2,1
1724896800,2,1
1724900400,2,1
1724904000,2,1
1724907600,2,1
1724911200,2,1
1724914800,2,1
1724918400,2,1
1724922000,2,1
1724925600,2,1
1724929200,2,1
1724932800,2,1
1724936400,2,1
1724940000,2,1
1724943600,2,1
1724947200,2,1
1724950800,2,1
1724954400,2,1
1724958000,2,1
1724961600,2,1
1724965200,2,1
1724968800,2,1
1724972400,2,1
1724976000,2,1
1724979600,2,1
1724983200,2,1
1724986800,2,1
1724990400,2,1
1724994000,2,1
1724997600,2,1
1725001200,2,1
1725004800,2,1
1725008400,2,1
1725012000,2,1
1725015600,2,1
1725019200,2,1
1725022800,2,1
1725026400,2,1
1725030000,2,1
1725033600,2,1
1725037200,2,1
1725040800,2,1
1725044400,2,1
1725048000,2,1
1725051600,2,1
1725055200,2,1
1725058800,2,1
1725062400,2,1
1725066000,2,1
1725069600,2,1
1725332400,2,1
1725336000,2,1
1725339600,2,1
1725343200,2,1
1725346800,2,1
1725350400,2,1
1725354000,2,1
1725357600,2,1
1725361200,2,1
1725364800,2,1
1725368400,2,1
1725372000,2,1
1725375600,2,1
1725379200,2,1
1725382800,2,1
1725386400,2,1
1725390000,2,1
1725393600,2,1
1725397200,2,1
1725400800,2,1
1725404400,2,1
1725408000,2,1
1725411600,2,1
1725415200,2,1
1725418800,2,1
1725422400,2,1
1725426000,2,1
1725429600,2,1
1725433200,2,1
1725436800,2,1
1725440400,2,1
1725444000,2,1
1725447600,2,1
1725451200,2,1
1725454800,2,1
1725458400,2,1
1725462000,2,1
1725465600,2,1
1725469200,2,1
1725472800,2,1
1725476400,2,1
1725480000,2,1
1725483600,2,1
1725487200,2,1
1725490800,2,1
1725494400,2,1
1725498000,2,1
1725501600,2,1
1725505200,2,1
1725508800,2,1
1725512400,2,1
1725516000,2,1
1725519600,2,1
1725523200,2,1
1725526800,2,1
1725530400,2,1
1725534000,2,1
1725537600,2,1
1725541200,2,1
1725544800,2,1
1725548400,2,1
1725552000,2,1
1725555600,2,1
1725559200,2,1
1725562800,2,1
1725566400,2,1
1725570000,2,1
1725573600,2,1
1725577200,2,1
1725580800,2,1
1725584400,2,1
1725588000,2,1
1725591600,2,1
1725595200,2,1
1725598800,2,1
1725602400,2,1
1725606000,2,1
1725609600,2,1
1725613200,2,1
1725616800,2,1
1725620400,2,1
1725624000,2,1
1725627600,2,1
1725631200,2,1
1725634800,2,1
1725638400,2,1
1725642000,2,1
1725645600,2,1
1725649200,2,1
1725652800,2,1
1725656400,2,1
1725660000,2,1
1725663600,2,1
1725667200,2,1
1725670800,2,1
1725674400,2,1
1725850800,2,1
1725854400,2,1
1725858000,2,1
1725861600,2,1
1725865200,2,1
1725868800,2,1
1725872400,2,1
1725876000,2,1
1725879600,2,1
1725883200,2,1
1725886800,2,1
1725890400,2,1
1725894000,2,1
1725897600,2,1
1725901200,2,1
1725904800,2,1
1725908400,2,1
1725912000,2,1
1725915600,2,1
1725919200,2,1
1725922800,2,1
1725926400,2,1
1725930000,2,1
1725933600,2,1
1725937200,2,1
1725940800,2,1
1725944400,2,1
1725948000,2,1
1725951600,2,1
1725955200,2,1
1725958800,2,1
1725962400,2,1
1725966000,2,1
1725969600,2,1
1725973200,2,1
1725976800,2,1
1725980400,2,1
1725984000,2,1
1725987600,2,1
1725991200,2,1
1725994800,2,1
1725998400,2,1
1726002000,2,1
1726005600,2,1
1726009200,2,1
1726012800,2,1
1726016400,2,1
1726020000,2,1
1726023600,2,1
1726027200,2,1
1726030800,2,1
1726034400,2,1
1726038000,2,1
1726041600,2,1
1726045200,2,1
1726048800,2,1
1726052400,2,1
1726056000,2,1
1726059600,2,1
1726063200,2,1
1726066800,2,1
1726070400,2,1
1726074000,2,1
1726077600,2,1
1726081200,2,1
1726084800,2,1
1726088400,2,1
1726092000,2,1
1726095600,2,1
1726099200,2,1
1726102800,2,1
1726106400,2,1
1726110000,2,1
1726113600,2,1
1726117200,2,1
1726120800,2,1
1726124400,2,1
1726128000,2,1
1726131600,2,1
1726135200,2,1
1726138800,2,1
1726142400,2,1
1726146000,2,1
1726149600,2,1
1726153200,2,1
1726156800,2,1
1726160400,2,1
1726164000,2,1
1726167600,2,1
1726171200,2,1
1726174800,2,1
1726178400,2,1
1726182000,2,1
1726185600,2,1
1726189200,2,1
1726192800,2,1
1726196400,2,1
1726200000,2,1
1726203600,2,1
1726207200,2,1
1726210800,2,1
1726214400,2,1
1726218000,2,1
1726221600,2,1
1726225200,2,1
1726228800,2,1
1726232400,2,1
1726236000,2,1
1726239600,2,1
1726243200,2,1
1726246800,2,1
1726250400,2,1
1726254000,2,1
1726257600,2,1
1726261200,2,1
1726264800,2,1
1726268400,2,1
1726272000,2,1
1726275600,2,1
1726279200,2,1
1726455600,2,1
1726459200,2,1
1726462800,2,1
1726466400,2,1
1726470000,2,1
1726473600,2,1
1726477200,2,1
1726480800,2,1
1726484400,2,1
1726488000,2,1
1726491600,2,1
1726495200,2,1
1726498800,2,1
1726502400,2,1
1726506000,2,1
1726509600,2,1
1726513200,2,1
1726516800,2,1
1726520400,2,1
1726524000,2,1
1726527600,2,1
1726531200,2,1
1726534800,2,1
1726538400,2,1
1726542000,2,1
1726545600,2,1
1726549200,2,1
1726552800,2,1
1726556400,2,1
1726560000,2,1
1726563600,2,1
1726567200,2,1
1726570800,2,1
1726574400,2,1
1726578000,2,1
1726581600,2,1
1726585200,2,1
1726588800,2,1
1726592400,2,1
1726596000,2,1
1726599600,2,1
1726603200,2,1
1726606800,2,1
1726610400,2,1
1726614000,2,1
1726617600,2,1
1726621200,2,1
1726624800,2,1
1726628400,2,1
1726632000,2,1
1726635600,2,1
1726639200,2,1
1726642800,2,1
1726646400,2,1
1726650000,2,1
1726653600,2,1
1726657200,2,1
1726660800,2,1
1726664400,2,1
1726668000,2,1
1726671600,2,1
1726675200,2,1
1726678800,2,1
1726682400,2,1
1726686000,2,1
1726689600,2,1
1726693200,2,1
1726696800,2,1
1726700400,2,1
1726704000,2,1
1726707600,2,1
1726711200,2,1
1726714800,2,1
1726718400,2,1
1726722000,2,1
1726725600,2,1
1726729200,2,1
1726732800,2,1
1726736400,2,1
1726740000,2,1
1726743600,2,1
1726747200,2,1
1726750800,2,1
1726754400,2,1
1726758000,2,1
1726761600,2,1
1726765200,2,1
1726768800,2,1
1726772400,2,1
1726776000,2,1
1726779600,2,1
1726783200,2,1
1726786800,2,1
1726790400,2,1
1726794000,2,1
1726797600,2,1
1726801200,2,1
1726804800,2,1
1726808400,2,1
1726812000,2,1
1726815600,2,1
1726819200,2,1
1726822800,2,1
1726826400,2,1
1726830000,2,1
1726833600,2,1
1726837200,2,1
1726840800,2,1
1726844400,2,1
1726848000,2,1
1726851600,2,1
1726855200,2,1
1726858800,2,1
1726862400,2,1
1726866000,2,1
1726869600,2,1
1726873200,2,1
1726876800,2,1
1726880400,2,1
1726884000,2,1
1727060400,2,1
1727064000,2,1
1727067600,2,1
1727071200,2,1
1727074800,2,1
1727078400,2,1
1727082000,2,1
1727085600,2,1
1727089200,2,1
1727092800,2,1
1727096400,2,1
1727100000,2,1
1727103600,2,1
1727107200,2,1
1727110800,2,1
1727114400,2,1
1727118000,2,1
1727121600,2,1
1727125200,2,1
1727128800,2,1
1727132400,2,1
1727136000,2,1
1727139600,2,1
1727143200,2,1
1727146800,2,1
1727150400,2,1
1727154000,2,1
1727157600,2,1
1727161200,2,1
1727164800,2,1
1727168400,2,1
1727172000,2,1
1727175600,2,1
1727179200,2,1
1727182800,2,1
1727186400,2,1
1727190000,2,1
1727193600,2,1
1727197200,2,1
1727200800,2,1
1727204400,2,1
1727208000,2,1
1727211600,2,1
1727215200,2,1
1727218800,2,1
1727222400,2,1
1727226000,2,1
1727229600,2,1
1727233200,2,1
1727236800,2,1
1727240400,2,1
1727244000,2,1
1727247600,2,1
1727251200,2,1
1727254800,2,1
1727258400,2,1
1727262000,2,1
1727265600,2,1
1727269200,2,1
1727272800,2,1
1727276400,2,1
1727280000,2,1
1727283600,2,1
1727287200,2,1
1727290800,2,1
1727294400,2,1
1727298000,2,1
1727301600,2,1
1727305200,2,1
1727308800,2,1
1727312400,2,1
1727316000,2,1
1727319600,2,1
1727323200,2,1
1727326800,2,1
1727330400,2,1
1727334000,2,1
1727337600,2,1
1727341200,2,1
1727344800,2,1
1727348400,2,1
1727352000,2,1
1727355600,2,1
1727359200,2,1
1727362800,2,1
1727366400,2,1
1727370000,2,1
1727373600,2,1
1727377200,2,1
1727380800,2,1
1727384400,2,1
1727388000,2,1
1727391600,2,1
1727395200,2,1
1727398800,2,1
1727402400,2,1
1727406000,2,1
1727409600,2,1
1727413200,2,1
1727416800,2,1
1727420400,2,1
1727424000,2,1
1727427600,2,1
1727431200,2,1
1727434800,2,1
1727438400,2,1
1727442000,2,1
1727445600,2,1
1727449200,2,1
1727452800,2,1
1727456400,2,1
1727460000,2,1
1727463600,2,1
1727467200,2,1
1727470800,2,1
1727474400,2,1
1727478000,2,1
1727481600,2,1
1727485200,2,1
1727488800,2,1
1727665200,2,1
1727668800,2,1
1727672400,2,1
1727676000,2,1
1727679600,2,1
1727683200,2,1
1727686800,2,1
1727690400,2,1
1727694000,2,1
1727697600,2,1
1727701200,2,1
1727704800,2,1
1727708400,2,1
1727712000,2,1
1727715600,2,1
1727719200,2,1
1727722800,2,1
1727726400,2,1
1727730000,2,1
1727733600,2,1
1727737200,2,1
1727740800,2,1
1727744400,2,1
1727748000,2,1
1727751600,2,1
1727755200,2,1
1727758800,2,1
1727762400,2,1
1727766000,2,1
1727769600,2,1
1727773200,2,1
1727776800,2,1
1727780400,2,1
1727784000,2,1
1727787600,2,1
1727791200,2,1
1727794800,2,1
1727798400,2,1
1727802000,2,1
1727805600,2,1
1727809200,2,1
1727812800,2,1
1727816400,2,1
1727820000,2,1
1727823600,2,1
1727827200,2,1
1727830800,2,1
1727834400,2,1
1727838000,2,1
1727841600,2,1
1727845200,2,1
1727848800,2,1
1727852400,2,1
1727856000,2,1
1727859600,2,1
1727863200,2,1
1727866800,2,1
1727870400,2,1
1727874000,2,1
1727877600,2,1
1727881200,2,1
1727884800,2,1
1727888400,2,1
1727892000,2,1
1727895600,2,1
1727899200,2,1
1727902800,2,1
1727906400,2,1
1727910000,2,1
1727913600,2,1
1727917200,2,1
1727920800,2,1
1727924400,2,1
1727928000,2,1
1727931600,2,1
1727935200,2,1
1727938800,2,1
1727942400,2,1
1727946000,2,1
1727949600,2,1
1727953200,2,1
1727956800,2,1
1727960400,2,1
1727964000,2,1
1727967600,2,1
1727971200,2,1
1727974800,2,1
1727978400,2,1
1727982000,2,1
1727985600,2,1
1727989200,2,1
1727992800,2,1
1727996400,2,1
1728000000,2,1
1728003600,2,1
1728007200,2,1
1728010800,2,1
1728014400,2,1
1728018000,2,1
1728021600,2,1
1728025200,2,1
1728028800,2,1
1728032400,2,1
1728036000,2,1
1728039600,2,1
1728043200,2,1
1728046800,2,1
1728050400,2,1
1728054000,2,1
1728057600,2,1
1728061200,2,1
1728064800,2,1
1728068400,2,1
1728072000,2,1
1728075600,2,1
1728079200,2,1
1728082800,2,1
1728086400,2,1
1728090000,2,1
1728093600,2,1
1728270000,2,1
1728273600,2,1
1728277200,2,1
1728280800,2,1
1728284400,2,1
1728288000,2,1
1728291600,2,1
1728295200,2,1
1728298800,2,1
1728302400,2,1
1728306000,2,1
1728309600,2,1
1728313200,2,1
1728316800,2,1
1728320400,2,1
1728324000,2,1
1728327600,2,1
1728331200,2,1
1728334800,2,1
1728338400,2,1
1728342000,2,1
1728345600,2,1
1728349200,2,1
1728352800,2,1
1728356400,2,1
1728360000,2,1
1728363600,2,1
1728367200,2,1
1728370800,2,1
1728374400,2,1
1728378000,2,1
1728381600,2,1
1728385200,2,1
1728388800,2,1
1728392400,2,1
1728396000,2,1
1728399600,2,1
1728403200,2,1
1728406800,2,1
1728410400,2,1
1728414000,2,1
1728417600,2,1
1728421200,2,1
1728424800,2,1
1728428400,2,1
1728432000,2,1
1728435600,2,1
1728439200,2,1
1728442800,2,1
1728446400,2,1
1728450000,2,1
1728453600,2,1
1728457200,2,1
1728460800,2,1
1728464400,2,1
1728468000,2,1
1728471600,2,1
1728475200,2,1
1728478800,2,1
1728482400,2,1
1728486000,2,1
1728489600,2,1
1728493200,2,1
1728496800,2,1
1728500400,2,1
1728504000,2,1
1728507600,2,1
1728511200,2,1
1728514800,2,1
1728518400,2,1
1728522000,2,1
1728525600,2,1
1728529200,2,1
1728532800,2,1
1728536400,2,1
1728540000,2,1
1728543600,2,1
1728547200,2,1
1728550800,2,1
1728554400,2,1
1728558000,2,1
1728561600,2,1
1728565200,2,1
1728568800,2,1
1728572400,2,1
1728576000,2,1
1728579600,2,1
1728583200,2,1
1728586800,2,1
1728590400,2,1
1728594000,2,1
1728597600,2,1
1728601200,2,1
1728604800,2,1
1728608400,2,1
1728612000,2,1
1728615600,2,1
1728619200,2,1
1728622800,2,1
1728626400,2,1
1728630000,2,1
1728633600,2,1
1728637200,2,1
1728640800,2,1
1728644400,2,1
1728648000,2,1
1728651600,2,1
1728655200,2,1
1728658800,2,1
1728662400,2,1
1728666000,2,1
1728669600,2,1
1728673200,2,1
1728676800,2,1
1728680400,2,1
1728684000,2,1
1728687600,2,1
1728691200,2,1
1728694800,2,1
1728698400,2,1
1728874800,2,1
1728878400,2,1
1728882000,2,1
1728885600,2,1
1728889200,2,1
1728892800,2,1
1728896400,2,1
1728900000,2,1
1728903600,2,1
1728907200,2,1
1728910800,2,1
1728914400,2,1
1728918000,2,1
1728921600,2,1
1728925200,2,1
1728928800,2,1
1728932400,2,1
1728936000,2,1
1728939600,2,1
1728943200,2,1
1728946800,2,1
1728950400,2,1
1728954000,2,1
1728957600,2,1
1728961200,2,1
1728964800,2,1
1728968400,2,1
1728972000,2,1
1728975600,2,1
1728979200,2,1
1728982800,2,1
1728986400,2,1
1728990000,2,1
1728993600,2,1
1728997200,2,1
1729000800,2,1
1729004400,2,1
1729008000,2,1
1729011600,2,1
1729015200,2,1
1729018800,2,1
1729022400,2,1
1729026000,2,1
1729029600,2,1
1729033200,2,1
1729036800,2,1
1729040400,2,1
1729044000,2,1
1729047600,2,1
1729051200,2,1
1729054800,2,1
1729058400,2,1
1729062000,2,1
1729065600,2,1
1729069200,2,1
1729072800,2,1
1729076400,2,1
1729080000,2,1
1729083600,2,1
1729087200,2,1
1729090800,2,1
1729094400,2,1
1729098000,2,1
1729101600,2,1
1729105200,2,1
1729108800,2,1
1729112400,2,1
1729116000,2,1
1729119600,2,1
1729123200,2,1
1729126800,2,1
1729130400,2,1
1729134000,2,1
1729137600,2,1
1729141200,2,1
1729144800,2,1
1729148400,2,1
1729152000,2,1
1729155600,2,1
1729159200,2,1
1729162800,2,1
1729166400,2,1
1729170000,2,1
1729173600,2,1
1729177200,2,1
1729180800,2,1
1729184400,2,1
1729188000,2,1
1729191600,2,1
1729195200,2,1
1729198800,2,1
1729202400,2,1
1729206000,2,1
1729209600,2,1
1729213200,2,1
1729216800,2,1
1729220400,2,1
1729224000,2,1
1729227600,2,1
1729231200,2,1
1729234800,2,1
1729238400,2,1
1729242000,2,1
1729245600,2,1
1729249200,2,1
1729252800,2,1
1729256400,2,1
1729260000,2,1
1729263600,2,1
1729267200,2,1
1729270800,2,1
1729274400,2,1
1729278000,2,1
1729281600,2,1
1729285200,2,1
1729288800,2,1
1729292400,2,1
1729296000,2,1
1729299600,2,1
1729303200,2,1
1729479600,2,1
1729483200,2,1
1729486800,2,1
1729490400,2,1
1729494000,2,1
1729497600,2,1
1729501200,2,1
1729504800,2,1
1729508400,2,1
1729512000,2,1
1729515600,2,1
1729519200,2,1
1729522800,2,1
1729526400,2,1
1729530000,2,1
1729533600,2,1
1729537200,2,1
1729540800,2,1
1729544400,2,1
1729548000,2,1
1729551600,2,1
1729555200,2,1
1729558800,2,1
1729562400,2,1
1729566000,2,1
1729569600,2,1
1729573200,2,1
1729576800,2,1
1729580400,2,1
1729584000,2,1
1729587600,2,1
1729591200,2,1
1729594800,2,1
1729598400,2,1
1729602000,2,1
1729605600,2,1
1729609200,2,1
1729612800,2,1
1729616400,2,1
1729620000,2,1
1729623600,2,1
1729627200,2,1
1729630800,2,1
1729634400,2,1
1729638000,2,1
1729641600,2,1
1729645200,2,1
1729648800,2,1
1729652400,2,1
1729656000,2,1
1729659600,2,1
1729663200,2,1
1729666800,2,1
1729670400,2,1
1729674000,2,1
1729677600,2,1
1729681200,2,1
1729684800,2,1
1729688400,2,1
1729692000,2,1
1729695600,2,1
1729699200,2,1
1729702800,2,1
1729706400,2,1
1729710000,2,1
1729713600,2,1
1729717200,2,1
1729720800,2,1
1729724400,2,1
1729728000,2,1
1729731600,2,1
1729735200,2,1
1729738800,2,1
1729742400,2,1
1729746000,2,1
1729749600,2,1
1729753200,2,1
1729756800,2,1
1729760400,2,1
1729764000,2,1
1729767600,2,1
1729771200,2,1
1729774800,2,1
1729778400,2,1
1729782000,2,1
1729785600,2,1
1729789200,2,1
1729792800,2,1
1729796400,2,1
1729800000,2,1
1729803600,2,1
1729807200,2,1
1729810800,2,1
1729814400,2,1
1729818000,2,1
1729821600,2,1
1729825200,2,1
1729828800,2,1
1729832400,2,1
1729836000,2,1
1729839600,2,1
1729843200,2,1
1729846800,2,1
1729850400,2,1
1729854000,2,1
1729857600,2,1
1729861200,2,1
1729864800,2,1
1729868400,2,1
1729872000,2,1
1729875600,2,1
1729879200,2,1
1729882800,2,1
1729886400,2,1
1729890000,2,1
1729893600,2,1
1729897200,2,1
1729900800,2,1
1729904400,2,1
1729908000,2,1
1730084400,2,1
1730088000,2,1
1730091600,2,1
1730095200,2,1
1730098800,2,1
1730102400,2,1
1730106000,2,1
1730109600,2,1
1730113200,2,1
1730116800,2,1
1730120400,2,1
1730124000,2,1
1730127600,2,1
1730131200,2,1
1730134800,2,1
1730138400,2,1
1730142000,2,1
1730145600,2,1
1730149200,2,1
1730152800,2,1
1730156400,2,1
1730160000,2,1
1730163600,2,1
1730167200,2,1
1730170800,2,1
1730174400,2,1
1730178000,2,1
1730181600,2,1
1730185200,2,1
1730188800,2,1
1730192400,2,1
1730196000,2,1
1730199600,2,1
1730203200,2,1
1730206800,2,1
1730210400,2,1
1730214000,2,1
1730217600,2,1
1730221200,2,1
1730224800,2,1
1730228400,2,1
1730232000,2,1
1730235600,2,1
1730239200,2,1
1730242800,2,1
1730246400,2,1
1730250000,2,1
1730253600,2,1
1730257200,2,1
1730260800,2,1
1730264400,2,1
1730268000,2,1
1730271600,2,1
1730275200,2,1
1730278800,2,1
1730282400,2,1
1730286000,2,1
1730289600,2,1
1730293200,2,1
1730296800,2,1
1730300400,2,1
1730304000,2,1
1730307600,2,1
1730311200,2,1
1730314800,2,1
1730318400,2,1
1730322000,2,1
1730325600,2,1
1730329200,2,1
1730332800,2,1
1730336400,2,1
1730340000,2,1
1730343600,2,1
1730347200,2,1
1730350800,2,1
1730354400,2,1
1730358000,2,1
1730361600,2,1
1730365200,2,1
1730368800,2,1
1730372400,2,1
1730376000,2,1
1730379600,2,1
1730383200,2,1
1730386800,2,1
1730390400,2,1
1730394000,2,1
1730397600,2,1
1730401200,2,1
1730404800,2,1
1730408400,2,1
1730412000,2,1
1730415600,2,1
1730419200,2,1
1730422800,2,1
1730426400,2,1
1730430000,2,1
1730433600,2,1
1730437200,2,1
1730440800,2,1
1730444400,2,1
1730448000,2,1
1730451600,2,1
1730455200,2,1
1730458800,2,1
1730462400,2,1
1730466000,2,1
1730469600,2,1
1730473200,2,1
1730476800,2,1
1730480400,2,1
1730484000,2,1
1730487600,2,1
1730491200,2,1
1730494800,2,1
1730498400,2,1
1730502000,2,1
1730505600,2,1
1730509200,2,1
1730512800,2,1
1730689200,2,1
1730692800,2,1
1730696400,2,1
1730700000,2,1
1730703600,2,1
1730707200,2,1
1730710800,2,1
1730714400,2,1
1730718000,2,1
1730721600,2,1
1730725200,2,1
1730728800,2,1
1730732400,2,1
1730736000,2,1
1730739600,2,1
1730743200,2,1
1730746800,2,1
1730750400,2,1
1730754000,2,1
1730757600,2,1
1730761200,2,1
1730764800,2,1
1730768400,2,1
1730772000,2,1
1730775600,2,1
1730779200,2,1
1730782800,2,1
1730786400,2,1
1730790000,2,1
1730793600,2,1
1730797200,2,1
1730800800,2,1
1730804400,2,1
1730808000,2,1
1730811600,2,1
1730815200,2,1
1730818800,2,1
1730822400,2,1
1730826000,2,1
1730829600,2,1
1730833200,2,1
1730836800,2,1
1730840400,2,1
1730844000,2,1
1730847600,2,1
1730851200,2,1
1730854800,2,1
1730858400,2,1
1730862000,0,0
1730865600,0,0
1730869200,0,0
1730872800,0,0
1730876400,0,0
1730880000,0,0
1730883600,0,0
1730887200,0,0
1730890800,0,0
1730894400,0,0
1730898000,0,0
1730901600,0,0
1730905200,0,0
1730908800,0,0
1730912400,0,0
1730916000,0,0
1730919600,0,0
1730923200,0,0
1730926800,0,0
1730930400,0,0
1730934000,0,0
1730937600,0,0
1730941200,0,0
1730944800,0,0
1730948400,0,0
1730952000,0,0
1730955600,0,0
1730959200,0,0
1730962800,0,0
1730966400,0,0
1730970000,0,0
1730973600,0,0
1730977200,0,0
1730980800,0,0
1730984400,0,0
1730988000,0,0
1730991600,0,0
1730995200,0,0
1730998800,0,0
1731002400,0,0
1731006000,0,0
1731009600,0,0
1731013200,0,0
1731016800,0,0
1731020400,0,0
1731024000,0,0
1731027600,0,0
1731031200,0,0
1731034800,0,0
1731038400,0,0
1731042000,0,0
1731045600,0,0
1731049200,0,0
1731052800,0,0
1731056400,0,0
1731060000,0,0
1731063600,0,0
1731067200,0,0
1731070800,0,0
1731074400,0,0
1731078000,0,0
1731081600,0,0
1731085200,0,0
1731088800,0,0
1731092400,0,0
1731096000,0,0
1731099600,0,0
1731103200,0,0
1731106800,0,0
1731110400,0,0
1731114000,0,0
1731117600,0,0
1731294000,0,0
1731297600,0,0
1731301200,0,0
1731304800,0,0
1731308400,0,0
1731312000,0,0
1731315600,0,0
1731319200,0,0
1731322800,0,0
1731326400,0,0
1731330000,0,0
1731333600,0,0
1731337200,0,0
1731340800,0,0
1731344400,0,0
1731348000,0,0
1731351600,0,0
1731355200,0,0
1731358800,0,0
1731362400,0,0
1731366000,0,0
1731369600,0,0
1731373200,0,0
1731376800,0,0
1731380400,0,0
1731384000,0,0
1731387600,0,0
1731391200,0,0
1731394800,0,0
1731398400,0,0
1731402000,0,0
1731405600,0,0
1731409200,0,0
1731412800,0,0
1731416400,0,0
1731420000,0,0
1731423600,0,0
1731427200,0,0
1731430800,0,0
1731434400,0,0
1731438000,0,0
1731441600,0,0
1731445200,0,0
1731448800,0,0
1731452400,0,0
1731456000,0,0
1731459600,0,0
1731463200,0,0
1731466800,0,0
1731470400,0,0
1731474000,0,0
1731477600,0,0
1731481200,0,0
1731484800,0,0
1731488400,0,0
1731492000,0,0
1731495600,0,0
1731499200,0,0
1731502800,0,0
1731506400,0,0
1731510000,0,0
1731513600,0,0
1731517200,0,0
1731520800,0,0
1731524400,0,0
1731528000,0,0
1731531600,0,0
1731535200,0,0
1731538800,0,0
1731542400,0,0
1731546000,0,0
1731549600,0,0
1731553200,0,0
1731556800,0,0
1731560400,0,0
1731564000,0,0
1731567600,0,0
1731571200,0,0
1731574800,0,0
1731578400,0,0
1731582000,0,0
1731585600,0,0
1731589200,0,0
1731592800,0,0
1731596400,0,0
1731600000,0,0
1731603600,0,0
1731607200,0,0
1731610800,0,0
1731614400,0,0
1731618000,0,0
1731621600,0,0
1731625200,0,0
1731628800,0,0
1731632400,0,0
1731636000,0,0
1731639600,0,0
1731643200,0,0
1731646800,0,0
1731650400,0,0
1731654000,0,0
1731657600,0,0
1731661200,0,0
1731664800,0,0
1731668400,0,0
1731672000,0,0
1731675600,0,0
1731679200,0,0
1731682800,0,0
1731686400,0,0
1731690000,0,0
1731693600,0,0
1731697200,0,0
1731700800,0,0
1731704400,0,0
1731708000,0,0
1731711600,0,0
1731715200,0,0
1731718800,0,0
1731722400,0,0
1731898800,0,0
1731902400,0,0
1731906000,0,0
1731909600,0,0
1731913200,0,0
1731916800,0,0
1731920400,0,0
1731924000,0,0
1731927600,0,0
1731931200,0,0
1731934800,0,0
1731938400,0,0
1731942000,0,0
1731945600,0,0
1731949200,0,0
1731952800,0,0
1731956400,0,0
1731960000,0,0
1731963600,0,0
1731967200,0,0
1731970800,0,0
1731974400,0,0
1731978000,0,0
1731981600,0,0
1731985200,0,0
1731988800,0,0
1731992400,0,0
1731996000,0,0
1731999600,0,0
1732003200,0,0
1732006800,0,0
1732010400,0,0
1732014000,0,0
1732017600,0,0
1732021200,0,0
1732024800,0,0
1732028400,0,0
1732032000,0,0
1732035600,0,0
1732039200,0,0
1732042800,0,0
1732046400,0,0
1732050000,0,0
1732053600,0,0
1732057200,0,0
1732060800,0,0
1732064400,0,0
1732068000,0,0
1732071600,0,0
1732075200,0,0
1732078800,0,0
1732082400,0,0
1732086000,0,0
1732089600,0,0
1732093200,0,0
1732096800,0,0
1732100400,0,0
1732104000,0,0
1732107600,0,0
1732111200,0,0
1732114800,0,0
1732118400,0,0
1732122000,0,0
1732125600,0,0
1732129200,0,0
1732132800,0,0
1732136400,0,0
1732140000,0,0
1732143600,0,0
1732147200,0,0
1732150800,0,0
1732154400,0,0
1732158000,0,0
1732161600,0,0
1732165200,0,0
1732168800,0,0
1732172400,0,0
1732176000,0,0
1732179600,0,0
1732183200,0,0
1732186800,0,0
1732190400,0,0
1732194000,0,0
1732197600,0,0
1732201200,0,0
1732204800,0,0
1732208400,0,0
1732212000,0,0
1732215600,0,0
1732219200,0,0
1732222800,0,0
1732226400,0,0
1732230000,0,0
1732233600,0,0
1732237200,0,0
1732240800,0,0
1732244400,0,0
1732248000,0,0
1732251600,0,0
1732255200,0,0
1732258800,0,0
1732262400,0,0
1732266000,0,0
1732269600,0,0
1732273200,0,0
1732276800,0,0
1732280400,0,0
1732284000,0,0
1732287600,0,0
1732291200,0,0
1732294800,0,0
1732298400,0,0
1732302000,0,0
1732305600,0,0
1732309200,0,0
1732312800,0,0
1732316400,0,0
1732320000,0,0
1732323600,0,0
1732327200,0,0
1732503600,0,0
1732507200,0,0
1732510800,0,0
1732514400,0,0
1732518000,0,0
1732521600,0,0
1732525200,0,0
1732528800,0,0
1732532400,0,0
1732536000,0,0
1732539600,0,0
1732543200,0,0
1732546800,0,0
1732550400,0,0
1732554000,0,0
1732557600,0,0
1732561200,0,0
1732564800,0,0
1732568400,0,0
1732572000,0,0
1732575600,0,0
1732579200,0,0
1732582800,0,0
1732586400,0,0
1732590000,0,0
1732593600,0,0
1732597200,0,0
1732600800,0,0
1732604400,0,0
1732608000,0,0
1732611600,0,0
1732615200,0,0
1732618800,0,0
1732622400,0,0
1732626000,0,0
1732629600,0,0
1732633200,0,0
1732636800,0,0
1732640400,0,0
1732644000,0,0
1732647600,0,0
1732651200,0,0
1732654800,0,0
1732658400,0,0
1732662000,0,0
1732665600,0,0
1732669200,0,0
1732672800,0,0
1732676400,0,0
1732680000,0,0
1732683600,0,0
1732687200,0,0
1732690800,0,0
1732694400,0,0
1732698000,0,0
1732701600,0,0
1732705200,0,0
1732708800,0,0
1732712400,0,0
1732716000,0,0
1732719600,0,0
1732723200,0,0
1732726800,0,0
1732730400,0,0
1732734000,0,0
1732737600,0,0
1732741200,0,0
1732744800,0,0
1732748400,0,0
1732752000,0,0
1732755600,0,0
1732759200,0,0
1732849200,0,0
1732852800,0,0
1732856400,0,0
1732860000,0,0
1732863600,0,0
1732867200,0,0
1732870800,0,0
1732874400,0,0
1732878000,0,0
1732881600,0,0
1732885200,0,0
1732888800,0,0
1732892400,0,0
1732896000,0,0
1732899600,0,0
1732903200,0,0
1732906800,0,0
1732910400,0,0
1732914000,0,0
1732917600,0,0
1732921200,0,0
1732924800,0,0
1732928400,0,0
1732932000,0,0
1733108400,0,0
1733112000,0,0
1733115600,0,0
1733119200,0,0
1733122800,0,0
1733126400,0,0
1733130000,0,0
1733133600,0,0
1733137200,0,0
1733140800,0,0
1733144400,0,0
1733148000,0,0
1733151600,0,0
1733155200,0,0
1733158800,0,0
1733162400,0,0
1733166000,0,0
1733169600,0,0
1733173200,0,0
1733176800,0,0
1733180400,0,0
1733184000,0,0
1733187600,0,0
1733191200,0,0
1733194800,0,0
1733198400,0,0
1733202000,0,0
1733205600,0,0
1733209200,0,0
1733212800,0,0
1733216400,0,0
1733220000,0,0
1733223600,0,0
1733227200,0,0
1733230800,0,0
1733234400,0,0
1733238000,0,0
1733241600,0,0
1733245200,0,0
1733248800,0,0
1733252400,0,0
1733256000,0,0
1733259600,0,0
1733263200,0,0
1733266800,0,0
1733270400,0,0
1733274000,0,0
1733277600,0,0
1733281200,0,0
1733284800,0,0
1733288400,0,0
1733292000,0,0
1733295600,0,0
1733299200,0,0
1733302800,0,0
1733306400,0,0
1733310000,0,0
1733313600,0,0
1733317200,0,0
1733320800,0,0
1733324400,0,0
1733328000,0,0
1733331600,0,0
1733335200,0,0
1733338800,0,0
1733342400,0,0
1733346000,0,0
1733349600,0,0
1733353200,0,0
1733356800,0,0
1733360400,0,0
1733364000,0,0
1733367600,0,0
1733371200,0,0
1733374800,0,0
1733378400,0,0
1733382000,0,0
1733385600,0,0
1733389200,0,0
1733392800,0,0
1733396400,0,0
1733400000,0,0
1733403600,0,0
1733407200,0,0
1733410800,0,0
1733414400,0,0
1733418000,0,0
1733421600,0,0
1733425200,0,0
1733428800,0,0
1733432400,0,0
1733436000,0,0
1733439600,0,0
1733443200,0,0
1733446800,0,0
1733450400,0,0
1733454000,0,0
1733457600,0,0
1733461200,0,0
1733464800,0,0
1733468400,0,0
1733472000,0,0
1733475600,0,0
1733479200,0,0
1733482800,0,0
1733486400,0,0
1733490000,0,0
1733493600,0,0
1733497200,0,0
1733500800,0,0
1733504400,0,0
1733508000,0,0
1733511600,0,0
1733515200,0,0
1733518800,0,0
1733522400,0,0
1733526000,0,0
1733529600,0,0
1733533200,0,0
1733536800,0,0
1733713200,0,0
1733716800,0,0
1733720400,0,0
1733724000,0,0
1733727600,0,0
1733731200,0,0
1733734800,0,0
1733738400,0,0
1733742000,0,0
1733745600,0,0
1733749200,0,0
1733752800,0,0
1733756400,0,0
1733760000,0,0
1733763600,0,0
1733767200,0,0
1733770800,0,0
1733774400,0,0
1733778000,0,0
1733781600,0,0
1733785200,0,0
1733788800,0,0
1733792400,0,0
1733796000,0,0
1733799600,2,1
1733803200,2,1
1733806800,2,1
1733810400,2,1
1733814000,2,1
1733817600,2,1
1733821200,2,1
1733824800,2,1
1733828400,2,1
1733832000,2,1
1733835600,2,1
1733839200,2,1
1733842800,2,1
1733846400,2,1
1733850000,2,1
1733853600,2,1
1733857200,2,1
1733860800,2,1
1733864400,2,1
1733868000,2,1
1733871600,2,1
1733875200,2,1
1733878800,2,1
1733882400,2,1
1733886000,2,1
1733889600,2,1
1733893200,2,1
1733896800,2,1
1733900400,2,1
1733904000,2,1
1733907600,2,1
1733911200,2,1
1733914800,2,1
1733918400,2,1
1733922000,2,1
1733925600,2,1
1733929200,2,1
1733932800,2,1
1733936400,2,1
1733940000,2,1
1733943600,2,1
1733947200,2,1
1733950800,2,1
1733954400,2,1
1733958000,2,1
1733961600,2,1
1733965200,2,1
1733968800,2,1
1733972400,2,1
1733976000,2,1
1733979600,2,1
1733983200,2,1
1733986800,2,1
1733990400,2,1
1733994000,2,1
1733997600,2,1
1734001200,2,1
1734004800,2,1
1734008400,2,1
1734012000,2,1
1734015600,2,1
1734019200,2,1
1734022800,2,1
1734026400,2,1
1734030000,2,1
1734033600,2,1
1734037200,2,1
1734040800,2,1
1734044400,2,1
1734048000,2,1
1734051600,2,1
1734055200,2,1
1734058800,0,0
1734062400,0,0
1734066000,0,0
1734069600,0,0
1734073200,0,0
1734076800,0,0
1734080400,0,0
1734084000,0,0
1734087600,0,0
1734091200,0,0
1734094800,0,0
1734098400,0,0
1734102000,0,0
1734105600,0,0
1734109200,0,0
1734112800,0,0
1734116400,0,0
1734120000,0,0
1734123600,0,0
1734127200,0,0
1734130800,0,0
1734134400,0,0
1734138000,0,0
1734141600,0,0
1734318000,0,0
1734321600,0,0
1734325200,0,0
1734328800,0,0
1734332400,0,0
1734336000,0,0
1734339600,0,0
1734343200,0,0
1734346800,0,0
1734350400,0,0
1734354000,0,0
1734357600,0,0
1734361200,0,0
1734364800,0,0
1734368400,0,0
1734372000,0,0
1734375600,0,0
1734379200,0,0
1734382800,0,0
1734386400,0,0
1734390000,0,0
1734393600,0,0
1734397200,0,0
1734400800,0,0
1734404400,0,0
1734408000,0,0
1734411600,0,0
1734415200,0,0
1734418800,0,0
1734422400,0,0
1734426000,0,0
1734429600,0,0
1734433200,0,0
1734436800,0,0
1734440400,0,0
1734444000,0,0
1734447600,0,0
1734451200,0,0
1734454800,0,0
1734458400,0,0
1734462000,0,0
1734465600,0,0
1734469200,0,0
1734472800,0,0
1734476400,0,0
1734480000,0,0
1734483600,0,0
1734487200,0,0
1734490800,0,0
1734494400,0,0
1734498000,0,0
1734501600,0,0
1734505200,0,0
1734508800,0,0
1734512400,0,0
1734516000,0,0
1734519600,0,0
1734523200,0,0
1734526800,0,0
1734530400,0,0
1734534000,0,0
1734537600,0,0
1734541200,0,0
1734544800,0,0
1734548400,0,0
1734552000,0,0
1734555600,0,0
1734559200,0,0
1734562800,0,0
1734566400,0,0
1734570000,0,0
1734573600,0,0
1734577200,0,0
1734580800,0,0
1734584400,0,0
1734588000,0,0
1734591600,0,0
1734595200,0,0
1734598800,0,0
1734602400,0,0
1734606000,0,0
1734609600,0,0
1734613200,0,0
1734616800,0,0
1734620400,0,0
1734624000,0,0
1734627600,0,0
1734631200,0,0
1734634800,0,0
1734638400,0,0
1734642000,0,0
1734645600,0,0
1734649200,0,0
1734652800,0,0
1734656400,0,0
1734660000,0,0
1734663600,0,0
1734667200,0,0
1734670800,0,0
1734674400,0,0
1734678000,0,0
1734681600,0,0
1734685200,0,0
1734688800,0,0
1734692400,0,0
1734696000,0,0
1734699600,0,0
1734703200,0,0
1734706800,0,0
1734710400,0,0
1734714000,0,0
1734717600,0,0
1734721200,0,0
1734724800,0,0
1734728400,0,0
1734732000,0,0
1734735600,0,0
1734739200,0,0
1734742800,0,0
1734746400,0,0
1734922800,0,0
1734926400,0,0
1734930000,0,0
1734933600,0,0
1734937200,0,0
1734940800,0,0
1734944400,0,0
1734948000,0,0
1734951600,0,0
1734955200,0,0
1734958800,0,0
1734962400,0,0
1734966000,0,0
1734969600,0,0
1734973200,0,0
1734976800,0,0
1734980400,0,0
1734984000,0,0
1734987600,0,0
1734991200,0,0
1734994800,0,0
1734998400,0,0
1735002000,0,0
1735005600,0,0
1735009200,0,0
1735012800,0,0
1735016400,0,0
1735020000,0,0
1735023600,0,0
1735027200,0,0
1735030800,0,0
1735034400,0,0
1735038000,0,0
1735041600,0,0
1735045200,0,0
1735048800,0,0
1735052400,0,0
1735056000,0,0
1735059600,0,0
1735063200,0,0
1735066800,0,0
1735070400,0,0
1735074000,0,0
1735077600,0,0
1735081200,0,0
1735084800,0,0
1735088400,0,0
1735092000,0,0
1735182000,0,0
1735185600,0,0
1735189200,0,0
1735192800,0,0
1735196400,0,0
1735200000,0,0
1735203600,0,0
1735207200,0,0
1735210800,0,0
1735214400,0,0
1735218000,0,0
1735221600,0,0
1735225200,0,0
1735228800,0,0
1735232400,0,0
1735236000,0,0
1735239600,0,0
1735243200,0,0
1735246800,0,0
1735250400,0,0
1735254000,0,0
1735257600,0,0
1735261200,0,0
1735264800,0,0
1735268400,0,0
1735272000,0,0
1735275600,0,0
1735279200,0,0
1735282800,0,0
1735286400,0,0
1735290000,0,0
1735293600,0,0
1735297200,0,0
1735300800,0,0
1735304400,0,0
1735308000,0,0
1735311600,0,0
1735315200,0,0
1735318800,0,0
1735322400,0,0
1735326000,0,0
1735329600,0,0
1735333200,0,0
1735336800,0,0
1735340400,0,0
1735344000,0,0
1735347600,0,0
1735351200,0,0
1735527600,0,0
1735531200,0,0
1735534800,0,0
1735538400,0,0
1735542000,0,0
1735545600,0,0
1735549200,0,0
1735552800,0,0
1735556400,0,0
1735560000,0,0
1735563600,0,0
1735567200,0,0
1735570800,0,0
1735574400,0,0
1735578000,0,0
1735581600,0,0
1735585200,0,0
1735588800,0,0
1735592400,0,0
1735596000,0,0
1735599600,0,0
1735603200,0,0
1735606800,0,0
1735610400,0,0
1735614000,0,0
1735617600,0,0
1735621200,0,0
1735624800,0,0
1735628400,0,0
1735632000,0,0
1735635600,0,0
1735639200,0,0
1735642800,0,0
1735646400,0,0
1735650000,0,0
1735653600,0,0
1735657200,0,0
1735660800,0,0
1735664400,0,0
1735668000,0,0
1735671600,0,0
1735675200,0,0
1735678800,0,0
1735682400,0,0
1735686000,0,0
1735689600,0,0
1735693200,0,0
1735696800,0,0
1735786800,0,0
1735790400,0,0
1735794000,0,0
1735797600,0,0
1735801200,0,0
1735804800,0,0
1735808400,0,0
1735812000,0,0
1735815600,0,0
1735819200,0,0
1735822800,0,0
1735826400,0,0
1735830000,0,0
1735833600,0,0
1735837200,0,0
1735840800,0,0
1735844400,0,0
1735848000,0,0
1735851600,0,0
1735855200,0,0
1735858800,0,0
1735862400,0,0
1735866000,0,0
1735869600,0,0
1735873200,0,0
1735876800,0,0
1735880400,0,0
1735884000,0,0
1735887600,0,0
1735891200,0,0
1735894800,0,0
1735898400,0,0
1735902000,0,0
1735905600,0,0
1735909200,0,0
1735912800,0,0
1735916400,0,0
1735920000,0,0
1735923600,0,0
1735927200,0,0
1735930800,0,0
1735934400,0,0
1735938000,0,0
1735941600,0,0
1735945200,0,0
1735948800,0,0
1735952400,0,0
1735956000,0,0
1736132400,0,0
1736136000,0,0
1736139600,0,0
1736143200,0,0
1736146800,0,0
1736150400,0,0
1736154000,0,0
1736157600,0,0
1736161200,0,0
1736164800,0,0
1736168400,0,0
1736172000,0,0
1736175600,0,0
1736179200,0,0
1736182800,0,0
1736186400,0,0
1736190000,0,0
1736193600,0,0
1736197200,0,0
1736200800,0,0
1736204400,0,0
1736208000,0,0
1736211600,0,0
1736215200,0,0
1736218800,0,0
1736222400,0,0
1736226000,0,0
1736229600,0,0
1736233200,0,0
1736236800,0,0
1736240400,0,0
1736244000,0,0
1736247600,0,0
1736251200,0,0
1736254800,0,0
1736258400,0,0
1736262000,0,0
1736265600,0,0
1736269200,0,0
1736272800,0,0
1736276400,0,0
1736280000,0,0
1736283600,0,0
1736287200,0,0
1736290800,0,0
1736294400,0,0
1736298000,0,0
1736301600,0,0
1736305200,0,0
1736308800,0,0
1736312400,0,0
1736316000,0,0
1736319600,0,0
1736323200,0,0
1736326800,0,0
1736330400,0,0
1736334000,0,0
1736337600,0,0
1736341200,0,0
1736344800,0,0
1736348400,0,0
1736352000,0,0
1736355600,0,0
1736359200,0,0
1736362800,0,0
1736366400,0,0
1736370000,0,0
1736373600,0,0
1736377200,0,0
1736380800,0,0
1736384400,0,0
1736388000,0,0
1736391600,2,1
1736395200,2,1
1736398800,2,1
1736402400,2,1
1736406000,2,1
1736409600,2,1
1736413200,2,1
1736416800,2,1
1736420400,2,1
1736424000,2,1
1736427600,2,1
1736431200,2,1
1736434800,2,1
1736438400,2,1
1736442000,2,1
1736445600,2,1
1736449200,2,1
1736452800,2,1
1736456400,2,1
1736460000,2,1
1736463600,2,1
1736467200,2,1
1736470800,2,1
1736474400,2,1
1736478000,2,1
1736481600,2,1
1736485200,2,1
1736488800,2,1
1736492400,2,1
1736496000,2,1
1736499600,2,1
1736503200,2,1
1736506800,2,1
1736510400,2,1
1736514000,2,1
1736517600,2,1
1736521200,2,1
1736524800,2,1
1736528400,2,1
1736532000,2,1
1736535600,2,1
1736539200,2,1
1736542800,2,1
1736546400,2,1
1736550000,2,1
1736553600,2,1
1736557200,2,1
1736560800,2,1
1736737200,2,1
1736740800,2,1
1736744400,2,1
1736748000,2,1
1736751600,2,1
1736755200,2,1
1736758800,2,1
1736762400,2,1
1736766000,2,1
1736769600,2,1
1736773200,2,1
1736776800,2,1
1736780400,2,1
1736784000,2,1
1736787600,2,1
1736791200,2,1
1736794800,2,1
1736798400,2,1
1736802000,2,1
1736805600,2,1
1736809200,2,1
1736812800,2,1
1736816400,2,1
1736820000,2,1
1736823600,2,1
1736827200,2,1
1736830800,2,1
1736834400,2,1
1736838000,2,1
1736841600,2,1
1736845200,2,1
1736848800,2,1
1736852400,2,1
1736856000,2,1
1736859600,2,1
1736863200,2,1
1736866800,2,1
1736870400,2,1
1736874000,2,1
1736877600,2,1
1736881200,2,1
1736884800,2,1
1736888400,2,1
1736892000,2,1
1736895600,2,1
1736899200,2,1
1736902800,2,1
1736906400,2,1
1736910000,2,1
1736913600,2,1
1736917200,2,1
1736920800,2,1
1736924400,2,1
1736928000,2,1
1736931600,2,1
1736935200,2,1
1736938800,2,1
1736942400,2,1
1736946000,2,1
1736949600,2,1
1736953200,2,1
1736956800,2,1
1736960400,2,1
1736964000,2,1
1736967600,2,1
1736971200,2,1
1736974800,2,1
1736978400,2,1
1736982000,2,1
1736985600,2,1
1736989200,2,1
1736992800,2,1
1736996400,2,1
1737000000,2,1
1737003600,2,1
1737007200,2,1
1737010800,2,1
1737014400,2,1
1737018000,2,1
1737021600,2,1
1737025200,2,1
1737028800,2,1
1737032400,2,1
1737036000,2,1
1737039600,2,1
1737043200,2,1
1737046800,2,1
1737050400,2,1
1737054000,2,1
1737057600,2,1
1737061200,2,1
1737064800,2,1
1737068400,2,1
1737072000,2,1
1737075600,2,1
1737079200,2,1
1737082800,2,1
1737086400,2,1
1737090000,2,1
1737093600,2,1
1737097200,2,1
1737100800,2,1
1737104400,2,1
1737108000,2,1
1737111600,2,1
1737115200,2,1
1737118800,2,1
1737122400,2,1
1737126000,2,1
1737129600,2,1
1737133200,2,1
1737136800,2,1
1737140400,2,1
1737144000,2,1
1737147600,2,1
1737151200,2,1
1737154800,2,1
1737158400,2,1
1737162000,2,1
1737165600,2,1
1737428400,2,1
1737432000,2,1
1737435600,2,1
1737439200,2,1
1737442800,2,1
1737446400,2,1
1737450000,2,1
1737453600,2,1
1737457200,2,1
1737460800,2,1
1737464400,2,1
1737468000,2,1
1737471600,2,1
1737475200,2,1
1737478800,2,1
1737482400,2,1
1737486000,2,1
1737489600,2,1
1737493200,2,1
1737496800,2,1
1737500400,2,1
1737504000,2,1
1737507600,2,1
1737511200,2,1
1737514800,2,1
1737518400,2,1
1737522000,2,1
1737525600,2,1
1737529200,2,1
1737532800,2,1
1737536400,2,1
1737540000,2,1
1737543600,2,1
1737547200,2,1
1737550800,2,1
1737554400,2,1
1737558000,2,1
1737561600,2,1
1737565200,2,1
1737568800,2,1
1737572400,2,1
1737576000,2,1
1737579600,2,1
1737583200,2,1
1737586800,2,1
1737590400,2,1
1737594000,2,1
1737597600,2,1
1737601200,2,1
1737604800,2,1
1737608400,2,1
1737612000,2,1
1737615600,2,1
1737619200,2,1
1737622800,2,1
1737626400,2,1
1737630000,2,1
1737633600,2,1
1737637200,2,1
1737640800,2,1
1737644400,2,1
1737648000,2,1
1737651600,2,1
1737655200,2,1
1737658800,2,1
1737662400,2,1
1737666000,2,1
1737669600,2,1
1737673200,2,1
1737676800,2,1
1737680400,2,1
1737684000,2,1
1737687600,2,1
1737691200,2,1
1737694800,2,1
1737698400,2,1
1737702000,2,1
1737705600,2,1
1737709200,2,1
1737712800,2,1
1737716400,2,1
1737720000,2,1
1737723600,2,1
1737727200,2,1
1737730800,2,1
1737734400,2,1
1737738000,2,1
1737741600,2,1
1737745200,2,1
1737748800,2,1
1737752400,2,1
1737756000,2,1
1737759600,2,1
1737763200,2,1
1737766800,2,1
1737770400,2,1
1737946800,2,1
1737950400,2,1
1737954000,2,1
1737957600,2,1
1737961200,2,1
1737964800,2,1
1737968400,2,1
1737972000,2,1
1737975600,2,1
1737979200,2,1
1737982800,2,1
1737986400,2,1
1737990000,2,1
1737993600,2,1
1737997200,2,1
1738000800,2,1
1738004400,2,1
1738008000,2,1
1738011600,2,1
1738015200,2,1
1738018800,2,1
1738022400,2,1
1738026000,2,1
1738029600,2,1
1738033200,2,1
1738036800,2,1
1738040400,2,1
1738044000,2,1
1738047600,2,1
1738051200,2,1
1738054800,2,1
1738058400,2,1
1738062000,2,1
1738065600,2,1
1738069200,2,1
1738072800,2,1
1738076400,2,1
1738080000,2,1
1738083600,2,1
1738087200,2,1
1738090800,2,1
1738094400,2,1
1738098000,2,1
1738101600,2,1
1738105200,2,1
1738108800,2,1
1738112400,2,1
1738116000,2,1
1738119600,2,1
1738123200,2,1
1738126800,2,1
1738130400,2,1
1738134000,2,1
1738137600,2,1
1738141200,2,1
1738144800,2,1
1738148400,2,1
1738152000,2,1
1738155600,2,1
1738159200,2,1
1738162800,2,1
1738166400,2,1
1738170000,2,1
1738173600,2,1
1738177200,2,1
1738180800,2,1
1738184400,2,1
1738188000,2,1
1738191600,2,1
1738195200,2,1
1738198800,2,1
1738202400,2,1
1738206000,2,1
1738209600,2,1
1738213200,2,1
1738216800,2,1
1738220400,2,1
1738224000,2,1
1738227600,2,1
1738231200,2,1
1738234800,2,1
1738238400,2,1
1738242000,2,1
1738245600,2,1
1738249200,2,1
1738252800,2,1
1738256400,2,1
1738260000,2,1
1738263600,2,1
1738267200,2,1
1738270800,2,1
1738274400,2,1
1738278000,2,1
1738281600,2,1
1738285200,2,1
1738288800,2,1
1738292400,2,1
1738296000,2,1
1738299600,2,1
1738303200,2,1
1738306800,2,1
1738310400,2,1
1738314000,2,1
1738317600,2,1
1738321200,2,1
1738324800,2,1
1738328400,2,1
1738332000,2,1
1738335600,2,1
1738339200,2,1
1738342800,2,1
1738346400,2,1
1738350000,2,1
1738353600,2,1
1738357200,2,1
1738360800,2,1
1738364400,2,1
1738368000,2,1
1738371600,2,1
1738375200,2,1
1738551600,2,1
1738555200,2,1
1738558800,2,1
1738562400,2,1
1738566000,2,1
1738569600,2,1
1738573200,2,1
1738576800,2,1
1738580400,2,1
1738584000,2,1
1738587600,2,1
1738591200,2,1
1738594800,2,1
1738598400,2,1
1738602000,2,1
1738605600,2,1
1738609200,2,1
1738612800,2,1
1738616400,2,1
1738620000,2,1
1738623600,2,1
1738627200,2,1
1738630800,2,1
1738634400,2,1
1738638000,2,1
1738641600,2,1
1738645200,2,1
1738648800,2,1
1738652400,2,1
1738656000,2,1
1738659600,2,1
1738663200,2,1
1738666800,2,1
1738670400,2,1
1738674000,2,1
1738677600,2,1
1738681200,2,1
1738684800,2,1
1738688400,2,1
1738692000,2,1
1738695600,2,1
1738699200,2,1
1738702800,2,1
1738706400,2,1
1738710000,2,1
1738713600,2,1
1738717200,2,1
1738720800,2,1
1738724400,2,1
1738728000,2,1
1738731600,2,1
1738735200,2,1
1738738800,2,1
1738742400,2,1
1738746000,2,1
1738749600,2,1
1738753200,2,1
1738756800,2,1
1738760400,2,1
1738764000,2,1
1738767600,2,1
1738771200,2,1
1738774800,2,1
1738778400,2,1
1738782000,2,1
1738785600,2,1
1738789200,2,1
1738792800,2,1
1738796400,2,1
1738800000,2,1
1738803600,2,1
1738807200,2,1
1738810800,2,1
1738814400,2,1
1738818000,2,1
1738821600,2,1
1738825200,2,1
1738828800,2,1
1738832400,2,1
1738836000,2,1
1738839600,2,1
1738843200,2,1
1738846800,2,1
1738850400,2,1
1738854000,2,1
1738857600,2,1
1738861200,2,1
1738864800,2,1
1738868400,2,1
1738872000,2,1
1738875600,2,1
1738879200,2,1
1738882800,2,1
1738886400,2,1
1738890000,2,1
1738893600,2,1
1738897200,2,1
1738900800,2,1
1738904400,2,1
1738908000,2,1
1738911600,2,1
1738915200,2,1
1738918800,2,1
1738922400,2,1
1738926000,2,1
1738929600,2,1
1738933200,2,1
1738936800,2,1
1738940400,2,1
1738944000,2,1
1738947600,2,1
1738951200,2,1
1738954800,2,1
1738958400,2,1
1738962000,2,1
1738965600,2,1
1738969200,2,1
1738972800,2,1
1738976400,2,1
1738980000,2,1
1739156400,2,1
1739160000,2,1
1739163600,2,1
1739167200,2,1
1739170800,2,1
1739174400,2,1
1739178000,2,1
1739181600,2,1
1739185200,2,1
1739188800,2,1
1739192400,2,1
1739196000,2,1
1739199600,2,1
1739203200,2,1
1739206800,2,1
1739210400,2,1
1739214000,2,1
1739217600,2,1
1739221200,2,1
1739224800,2,1
1739228400,2,1
1739232000,2,1
1739235600,2,1
1739239200,2,1
1739242800,2,1
1739246400,2,1
1739250000,2,1
1739253600,2,1
1739257200,2,1
1739260800,2,1
1739264400,2,1
1739268000,2,1
1739271600,2,1
1739275200,2,1
1739278800,2,1
1739282400,2,1
1739286000,2,1
1739289600,2,1
1739293200,2,1
1739296800,2,1
1739300400,2,1
1739304000,2,1
1739307600,2,1
1739311200,2,1
1739314800,2,1
1739318400,2,1
1739322000,2,1
1739325600,2,1
1739329200,2,1
1739332800,2,1
1739336400,2,1
1739340000,2,1
1739343600,2,1
1739347200,2,1
1739350800,2,1
1739354400,2,1
1739358000,2,1
1739361600,2,1
1739365200,2,1
1739368800,2,1
1739372400,2,1
1739376000,2,1
1739379600,2,1
1739383200,2,1
1739386800,2,1
1739390400,2,1
1739394000,2,1
1739397600,2,1
1739401200,2,1
1739404800,2,1
1739408400,2,1
1739412000,2,1
1739415600,2,1
1739419200,2,1
1739422800,2,1
1739426400,2,1
1739430000,2,1
1739433600,2,1
1739437200,2,1
1739440800,2,1
1739444400,2,1
1739448000,2,1
1739451600,2,1
1739455200,2,1
1739458800,2,1
1739462400,2,1
1739466000,2,1
1739469600,2,1
1739473200,2,1
1739476800,2,1
1739480400,2,1
1739484000,2,1
1739487600,2,1
1739491200,2,1
1739494800,2,1
1739498400,2,1
1739502000,2,1
1739505600,2,1
1739509200,2,1
1739512800,2,1
1739516400,2,1
1739520000,2,1
1739523600,2,1
1739527200,2,1
1739530800,2,1
1739534400,2,1
1739538000,2,1
1739541600,2,1
1739545200,2,1
1739548800,2,1
1739552400,2,1
1739556000,2,1
1739559600,2,1
1739563200,2,1
1739566800,2,1
1739570400,2,1
1739574000,2,1
1739577600,2,1
1739581200,2,1
1739584800,2,1
1739847600,2,1
1739851200,2,1
1739854800,2,1
1739858400,2,1
1739862000,2,1
1739865600,2,1
1739869200,2,1
1739872800,2,1
1739876400,2,1
1739880000,2,1
1739883600,2,1
1739887200,2,1
1739890800,2,1
1739894400,2,1
1739898000,2,1
1739901600,2,1
1739905200,2,1
1739908800,2,1
1739912400,2,1
1739916000,2,1
1739919600,2,1
1739923200,2,1
1739926800,2,1
1739930400,2,1
1739934000,2,1
1739937600,2,1
1739941200,2,1
1739944800,2,1
1739948400,2,1
1739952000,2,1
1739955600,2,1
1739959200,2,1
1739962800,2,1
1739966400,2,1
1739970000,2,1
1739973600,2,1
1739977200,2,1
1739980800,2,1
1739984400,2,1
1739988000,2,1
1739991600,2,1
1739995200,2,1
1739998800,2,1
1740002400,2,1
1740006000,2,1
1740009600,2,1
1740013200,2,1
1740016800,2,1
1740020400,2,1
1740024000,2,1
1740027600,2,1
1740031200,2,1
1740034800,2,1
1740038400,2,1
1740042000,2,1
1740045600,2,1
1740049200,2,1
1740052800,2,1
1740056400,2,1
1740060000,2,1
1740063600,2,1
1740067200,2,1
1740070800,2,1
1740074400,2,1
1740078000,2,1
1740081600,2,1
1740085200,2,1
1740088800,2,1
1740092400,2,1
1740096000,2,1
1740099600,2,1
1740103200,2,1
1740106800,2,1
1740110400,2,1
1740114000,2,1
1740117600,2,1
1740121200,2,1
1740124800,2,1
1740128400,2,1
1740132000,2,1
1740135600,2,1
1740139200,2,1
1740142800,2,1
1740146400,2,1
1740150000,2,1
1740153600,2,1
1740157200,2,1
1740160800,2,1
1740164400,2,1
1740168000,2,1
1740171600,2,1
1740175200,2,1
1740178800,2,1
1740182400,2,1
1740186000,2,1
1740189600,2,1
1740366000,2,1
1740369600,2,1
1740373200,2,1
1740376800,2,1
1740380400,2,1
1740384000,2,1
1740387600,2,1
1740391200,2,1
1740394800,2,1
1740398400,2,1
1740402000,2,1
1740405600,2,1
1740409200,2,1
1740412800,2,1
1740416400,2,1
1740420000,2,1
1740423600,2,1
1740427200,2,1
1740430800,2,1
1740434400,2,1
1740438000,2,1
1740441600,2,1
1740445200,2,1
1740448800,2,1
1740452400,2,1
1740456000,2,1
1740459600,2,1
1740463200,2,1
1740466800,2,1
1740470400,2,1
1740474000,2,1
1740477600,2,1
1740481200,2,1
1740484800,2,1
1740488400,2,1
1740492000,2,1
1740495600,2,1
1740499200,2,1
1740502800,2,1
1740506400,2,1
1740510000,2,1
1740513600,2,1
1740517200,2,1
1740520800,2,1
1740524400,2,1
1740528000,2,1
1740531600,2,1
1740535200,2,1
1740538800,2,1
1740542400,2,1
1740546000,2,1
1740549600,2,1
1740553200,2,1
1740556800,2,1
1740560400,2,1
1740564000,2,1
1740567600,2,1
1740571200,2,1
1740574800,2,1
1740578400,2,1
1740582000,2,1
1740585600,2,1
1740589200,2,1
1740592800,2,1
1740596400,2,1
1740600000,2,1
1740603600,2,1
1740607200,2,1
1740610800,2,1
1740614400,2,1
1740618000,2,1
1740621600,2,1
1740625200,2,1
1740628800,2,1
1740632400,2,1
1740636000,2,1
1740639600,2,1
1740643200,2,1
1740646800,2,1
1740650400,2,1
1740654000,2,1
1740657600,2,1
1740661200,2,1
1740664800,2,1
1740668400,2,1
1740672000,2,1
1740675600,2,1
1740679200,2,1
1740682800,2,1
1740686400,2,1
1740690000,2,1
1740693600,2,1
1740697200,2,1
1740700800,2,1
1740704400,2,1
1740708000,2,1
1740711600,2,1
1740715200,2,1
1740718800,2,1
1740722400,2,1
1740726000,2,1
1740729600,2,1
1740733200,2,1
1740736800,2,1
1740740400,2,1
1740744000,2,1
1740747600,2,1
1740751200,2,1
1740754800,2,1
1740758400,2,1
1740762000,2,1
1740765600,2,1
1740769200,2,1
1740772800,2,1
1740776400,2,1
1740780000,2,1
1740783600,2,1
1740787200,2,1
1740790800,2,1
1740794400,2,1
1740970800,2,1
1740974400,2,1
1740978000,2,1
1740981600,2,1
1740985200,2,1
1740988800,2,1
1740992400,2,1
1740996000,2,1
1740999600,2,1
1741003200,2,1
1741006800,2,1
1741010400,2,1
1741014000,2,1
1741017600,2,1
1741021200,2,1
1741024800,2,1
1741028400,2,1
1741032000,2,1
1741035600,2,1
1741039200,2,1
1741042800,2,1
1741046400,2,1
1741050000,2,1
1741053600,2,1
1741057200,2,1
1741060800,2,1
1741064400,2,1
1741068000,2,1
1741071600,2,1
1741075200,2,1
1741078800,2,1
1741082400,2,1
1741086000,2,1
1741089600,2,1
1741093200,2,1
1741096800,2,1
1741100400,2,1
1741104000,2,1
1741107600,2,1
1741111200,2,1
1741114800,2,1
1741118400,2,1
1741122000,2,1
1741125600,2,1
1741129200,2,1
1741132800,2,1
1741136400,2,1
1741140000,2,1
1741143600,2,1
1741147200,2,1
1741150800,2,1
1741154400,2,1
1741158000,2,1
1741161600,2,1
1741165200,2,1
1741168800,2,1
1741172400,2,1
1741176000,2,1
1741179600,2,1
1741183200,2,1
1741186800,2,1
1741190400,2,1
1741194000,2,1
1741197600,2,1
1741201200,2,1
1741204800,2,1
1741208400,2,1
1741212000,2,1
1741215600,2,1
1741219200,2,1
1741222800,2,1
1741226400,2,1
1741230000,2,1
1741233600,2,1
1741237200,2,1
1741240800,2,1
1741244400,2,1
1741248000,2,1
1741251600,2,1
1741255200,2,1
1741258800,2,1
1741262400,2,1
1741266000,2,1
1741269600,2,1
1741273200,2,1
1741276800,2,1
1741280400,2,1
1741284000,2,1
1741287600,2,1
1741291200,2,1
1741294800,2,1
1741298400,2,1
1741302000,2,1
1741305600,2,1
1741309200,2,1
1741312800,2,1
1741316400,2,1
1741320000,2,1
1741323600,2,1
1741327200,2,1
1741330800,2,1
1741334400,2,1
1741338000,2,1
1741341600,2,1
1741345200,2,1
1741348800,2,1
1741352400,2,1
1741356000,2,1
1741359600,2,1
1741363200,2,1
1741366800,2,1
1741370400,2,1
1741374000,2,1
1741377600,2,1
1741381200,2,1
1741384800,2,1
1741388400,2,1
1741392000,2,1
1741395600,2,1
1741399200,2,1
1741575600,2,1
1741579200,2,1
1741582800,2,1
1741586400,2,1
1741590000,2,1
1741593600,2,1
1741597200,2,1
1741600800,2,1
1741604400,2,1
1741608000,2,1
1741611600,2,1
1741615200,2,1
1741618800,2,1
1741622400,2,1
1741626000,2,1
1741629600,2,1
1741633200,2,1
1741636800,2,1
1741640400,2,1
1741644000,2,1
1741647600,2,1
1741651200,2,1
1741654800,2,1
1741658400,2,1
1741662000,2,1
1741665600,2,1
1741669200,2,1
1741672800,2,1
1741676400,2,1
1741680000,2,1
1741683600,2,1
1741687200,2,1
1741690800,2,1
1741694400,2,1
1741698000,2,1
1741701600,2,1
1741705200,2,1
1741708800,2,1
1741712400,2,1
1741716000,2,1
1741719600,2,1
1741723200,2,1
1741726800,2,1
1741730400,2,1
1741734000,2,1
1741737600,2,1
1741741200,2,1
1741744800,2,1
1741748400,2,1
1741752000,2,1
1741755600,2,1
1741759200,2,1
1741762800,2,1
1741766400,2,1
1741770000,2,1
1741773600,2,1
1741777200,2,1
1741780800,2,1
1741784400,2,1
1741788000,2,1
1741791600,2,1
1741795200,2,1
1741798800,2,1
1741802400,2,1
1741806000,2,1
1741809600,2,1
1741813200,2,1
1741816800,2,1
1741820400,2,1
1741824000,2,1
1741827600,2,1
1741831200,2,1
1741834800,2,1
1741838400,2,1
1741842000,2,1
1741845600,2,1
1741849200,2,1
1741852800,2,1
1741856400,2,1
1741860000,2,1
1741863600,2,1
1741867200,2,1
1741870800,2,1
1741874400,2,1
1741878000,2,1
1741881600,2,1
1741885200,2,1
1741888800,2,1
1741892400,2,1
1741896000,2,1
1741899600,2,1
1741903200,2,1
1741906800,2,1
1741910400,2,1
1741914000,2,1
1741917600,2,1
1741921200,2,1
1741924800,2,1
1741928400,2,1
1741932000,2,1
1741935600,2,1
1741939200,2,1
1741942800,2,1
1741946400,2,1
1741950000,2,1
1741953600,2,1
1741957200,2,1
1741960800,2,1
1741964400,2,1
1741968000,2,1
1741971600,2,1
1741975200,2,1
1741978800,2,1
1741982400,2,1
1741986000,2,1
1741989600,2,1
1741993200,2,1
1741996800,2,1
1742000400,2,1
1742004000,2,1
1742180400,2,1
1742184000,2,1
1742187600,2,1
1742191200,2,1
1742194800,2,1
1742198400,2,1
1742202000,2,1
1742205600,2,1
1742209200,2,1
1742212800,2,1
1742216400,2,1
1742220000,2,1
1742223600,2,1
1742227200,2,1
1742230800,2,1
1742234400,2,1
1742238000,2,1
1742241600,2,1
1742245200,2,1
1742248800,2,1
1742252400,2,1
1742256000,2,1
1742259600,2,1
1742263200,2,1
1742266800,2,1
1742270400,2,1
1742274000,2,1
1742277600,2,1
1742281200,2,1
1742284800,2,1
1742288400,2,1
1742292000,2,1
1742295600,2,1
1742299200,2,1
1742302800,2,1
1742306400,2,1
1742310000,2,1
1742313600,2,1
1742317200,2,1
1742320800,2,1
1742324400,2,1
1742328000,2,1
1742331600,2,1
1742335200,2,1
1742338800,2,1
1742342400,2,1
1742346000,2,1
1742349600,2,1
1742353200,2,1
1742356800,2,1
1742360400,2,1
1742364000,2,1
1742367600,2,1
1742371200,2,1
1742374800,2,1
1742378400,2,1
1742382000,2,1
1742385600,2,1
1742389200,2,1
1742392800,2,1
1742396400,2,1
1742400000,2,1
1742403600,2,1
1742407200,2,1
1742410800,2,1
1742414400,2,1
1742418000,2,1
1742421600,2,1
1742425200,2,1
1742428800,2,1
1742432400,2,1
1742436000,2,1
1742439600,2,1
1742443200,2,1
1742446800,2,1
1742450400,2,1
1742454000,2,1
1742457600,2,1
1742461200,2,1
1742464800,2,1
1742468400,2,1
1742472000,2,1
1742475600,2,1
1742479200,2,1
1742482800,2,1
1742486400,2,1
1742490000,2,1
1742493600,2,1
1742497200,2,1
1742500800,2,1
1742504400,2,1
1742508000,2,1
1742511600,2,1
1742515200,2,1
1742518800,2,1
1742522400,2,1
1742526000,2,1
1742529600,2,1
1742533200,2,1
1742536800,2,1
1742540400,2,1
1742544000,2,1
1742547600,2,1
1742551200,2,1
1742554800,2,1
1742558400,2,1
1742562000,2,1
1742565600,2,1
1742569200,2,1
1742572800,2,1
1742576400,2,1
1742580000,2,1
1742583600,2,1
1742587200,2,1
1742590800,2,1
1742594400,2,1
1742598000,2,1
1742601600,2,1
1742605200,2,1
1742608800,2,1
1742785200,2,1
1742788800,2,1
1742792400,2,1
1742796000,2,1
1742799600,2,1
1742803200,2,1
1742806800,2,1
1742810400,2,1
1742814000,2,1
1742817600,2,1
1742821200,2,1
1742824800,2,1
1742828400,2,1
1742832000,2,1
1742835600,2,1
1742839200,2,1
1742842800,2,1
1742846400,2,1
1742850000,2,1
1742853600,2,1
1742857200,2,1
1742860800,2,1
1742864400,2,1
1742868000,2,1
1742871600,2,1
1742875200,2,1
1742878800,2,1
1742882400,2,1
1742886000,2,1
1742889600,2,1
1742893200,2,1
1742896800,2,1
1742900400,2,1
1742904000,2,1
1742907600,2,1
1742911200,2,1
1742914800,2,1
1742918400,2,1
1742922000,2,1
1742925600,2,1
1742929200,2,1
1742932800,2,1
1742936400,2,1
1742940000,2,1
1742943600,2,1
1742947200,2,1
1742950800,2,1
1742954400,2,1
1742958000,2,1
1742961600,2,1
1742965200,2,1
1742968800,2,1
1742972400,2,1
1742976000,2,1
1742979600,2,1
1742983200,2,1
1742986800,2,1
1742990400,2,1
1742994000,2,1
1742997600,2,1
1743001200,2,1
1743004800,2,1
1743008400,2,1
1743012000,2,1
1743015600,2,1
1743019200,2,1
1743022800,2,1
1743026400,2,1
1743030000,2,1
1743033600,2,1
1743037200,2,1
1743040800,2,1
1743044400,2,1
1743048000,2,1
1743051600,2,1
1743055200,2,1
1743058800,2,1
1743062400,2,1
1743066000,2,1
1743069600,2,1
1743073200,2,1
1743076800,2,1
1743080400,2,1
1743084000,2,1
1743087600,2,1
1743091200,2,1
1743094800,2,1
1743098400,2,1
1743102000,2,1
1743105600,2,1
1743109200,2,1
1743112800,2,1
1743116400,2,1
1743120000,2,1
1743123600,2,1
1743127200,2,1
1743130800,2,1
1743134400,2,1
1743138000,2,1
1743141600,2,1
1743145200,2,1
1743148800,2,1
1743152400,2,1
1743156000,2,1
1743159600,2,1
1743163200,2,1
1743166800,2,1
1743170400,2,1
1743174000,2,1
1743177600,2,1
1743181200,2,1
1743184800,2,1
1743188400,2,1
1743192000,2,1
1743195600,2,1
1743199200,2,1
1743202800,2,1
1743206400,2,1
1743210000,2,1
1743213600,2,1
1743390000,2,1
1743393600,2,1
1743397200,2,1
1743400800,2,1
1743404400,2,1
1743408000,2,1
1743411600,2,1
1743415200,2,1
1743418800,2,1
1743422400,2,1
1743426000,2,1
1743429600,2,1
1743433200,2,1
1743436800,2,1
1743440400,2,1
1743444000,2,1
1743447600,2,1
1743451200,2,1
1743454800,2,1
1743458400,2,1
1743462000,2,1
1743465600,2,1
1743469200,2,1
1743472800,2,1
1743476400,2,1
1743480000,2,1
1743483600,2,1
1743487200,2,1
1743490800,2,1
1743494400,2,1
1743498000,2,1
1743501600,2,1
1743505200,2,1
1743508800,2,1
1743512400,2,1
1743516000,2,1
1743519600,2,1
1743523200,2,1
1743526800,2,1
1743530400,2,1
1743534000,2,1
1743537600,2,1
1743541200,2,1
1743544800,2,1
1743548400,2,1
1743552000,2,1
1743555600,2,1
1743559200,2,1
1743562800,2,1
1743566400,2,1
1743570000,2,1
1743573600,2,1
1743577200,2,1
1743580800,2,1
1743584400,2,1
1743588000,2,1
1743591600,2,1
1743595200,2,1
1743598800,2,1
1743602400,2,1
1743606000,2,1
1743609600,2,1
1743613200,2,1
1743616800,2,1
1743620400,2,1
1743624000,2,1
1743627600,2,1
1743631200,2,1
1743634800,2,1
1743638400,2,1
1743642000,2,1
1743645600,2,1
1743649200,1,1
1743652800,1,1
1743656400,1,1
1743660000,1,1
1743663600,1,1
1743667200,1,1
1743670800,1,1
1743674400,1,1
1743678000,1,1
1743681600,1,1
1743685200,1,1
1743688800,1,1
1743692400,1,1
1743696000,1,1
1743699600,1,1
1743703200,1,1
1743706800,1,1
1743710400,1,1
1743714000,1,1
1743717600,1,1
1743721200,1,1
1743724800,1,1
1743728400,1,1
1743732000,1,1
1743735600,1,1
1743739200,1,1
1743742800,1,1
1743746400,1,1
1743750000,1,1
1743753600,1,1
1743757200,1,1
1743760800,1,1
1743764400,1,1
1743768000,1,1
1743771600,1,1
1743775200,1,1
1743778800,1,1
1743782400,1,1
1743786000,1,1
1743789600,1,1
1743793200,1,1
1743796800,1,1
1743800400,1,1
1743804000,1,1
1743807600,1,1
1743811200,1,1
1743814800,1,1
1743818400,1,1
1743994800,3,0
1743998400,3,0
1744002000,3,0
1744005600,3,0
1744009200,3,0
1744012800,3,0
1744016400,3,0
1744020000,3,0
1744023600,3,0
1744027200,3,0
1744030800,3,0
1744034400,3,0
1744038000,3,0
1744041600,3,0
1744045200,3,0
1744048800,3,0
1744052400,3,0
1744056000,3,0
1744059600,3,0
1744063200,3,0
1744066800,3,0
1744070400,3,0
1744074000,3,0
1744077600,3,0
1744081200,3,0
1744084800,3,0
1744088400,3,0
1744092000,3,0
1744095600,3,0
1744099200,3,0
1744102800,3,0
1744106400,3,0
1744110000,3,0
1744113600,3,0
1744117200,3,0
1744120800,3,0
1744124400,3,0
1744128000,3,0
1744131600,3,0
1744135200,3,0
1744138800,3,0
1744142400,3,0
1744146000,3,0
1744149600,3,0
1744153200,3,0
1744156800,3,0
1744160400,3,0
1744164000,3,0
1744167600,3,0
1744171200,3,0
1744174800,3,0
1744178400,3,0
1744182000,3,0
1744185600,3,0
1744189200,3,0
1744192800,3,0
1744196400,3,0
1744200000,3,0
1744203600,3,0
1744207200,3,0
1744210800,3,0
1744214400,3,0
1744218000,3,0
1744221600,3,0
1744225200,3,0
1744228800,3,0
1744232400,3,0
1744236000,3,0
1744239600,3,0
1744243200,3,0
1744246800,3,0
1744250400,3,0
1744254000,3,0
1744257600,3,0
1744261200,3,0
1744264800,3,0
1744268400,3,0
1744272000,3,0
1744275600,3,0
1744279200,3,0
1744282800,3,0
1744286400,3,0
1744290000,3,0
1744293600,3,0
1744297200,3,0
1744300800,3,0
1744304400,3,0
1744308000,3,0
1744311600,3,0
1744315200,3,0
1744318800,3,0
1744322400,3,0
1744326000,3,0
1744329600,3,0
1744333200,3,0
1744336800,3,0
1744340400,3,0
1744344000,3,0
1744347600,3,0
1744351200,3,0
1744354800,3,0
1744358400,3,0
1744362000,3,0
1744365600,3,0
1744369200,3,0
1744372800,3,0
1744376400,3,0
1744380000,3,0
1744383600,3,0
1744387200,3,0
1744390800,3,0
1744394400,3,0
1744398000,3,0
1744401600,3,0
1744405200,3,0
1744408800,3,0
1744412400,3,0
1744416000,3,0
1744419600,3,0
1744423200,3,0
1744599600,3,0
1744603200,3,0
1744606800,3,0
1744610400,3,0
1744614000,3,0
1744617600,3,0
1744621200,3,0
1744624800,3,0
1744628400,3,0
1744632000,3,0
1744635600,3,0
1744639200,3,0
1744642800,3,0
1744646400,3,0
1744650000,3,0
1744653600,3,0
1744657200,3,0
1744660800,3,0
1744664400,3,0
1744668000,3,0
1744671600,3,0
1744675200,3,0
1744678800,3,0
1744682400,3,0
1744686000,3,0
1744689600,3,0
1744693200,3,0
1744696800,3,0
1744700400,3,0
1744704000,3,0
1744707600,3,0
1744711200,3,0
1744714800,3,0
1744718400,3,0
1744722000,3,0
1744725600,3,0
1744729200,3,0
1744732800,3,0
1744736400,3,0
1744740000,3,0
1744743600,3,0
1744747200,3,0
1744750800,3,0
1744754400,3,0
1744758000,3,0
1744761600,3,0
1744765200,3,0
1744768800,3,0
1744772400,1,1
1744776000,1,1
1744779600,1,1
1744783200,1,1
1744786800,1,1
1744790400,1,1
1744794000,1,1
1744797600,1,1
1744801200,1,1
1744804800,1,1
1744808400,1,1
1744812000,1,1
1744815600,1,1
1744819200,1,1
1744822800,1,1
1744826400,1,1
1744830000,1,1
1744833600,1,1
1744837200,1,1
1744840800,1,1
1744844400,1,1
1744848000,1,1
1744851600,1,1
1744855200,1,1
1744858800,1,1
1744862400,1,1
1744866000,1,1
1744869600,1,1
1744873200,1,1
1744876800,1,1
1744880400,1,1
1744884000,1,1
1744887600,1,1
1744891200,1,1
1744894800,1,1
1744898400,1,1
1744902000,1,1
1744905600,1,1
1744909200,1,1
1744912800,1,1
1744916400,1,1
1744920000,1,1
1744923600,1,1
1744927200,1,1
1744930800,1,1
1744934400,1,1
1744938000,1,1
1744941600,1,1
1745204400,1,1
1745208000,1,1
1745211600,1,1
1745215200,1,1
1745218800,1,1
1745222400,1,1
1745226000,1,1
1745229600,1,1
1745233200,1,1
1745236800,1,1
1745240400,1,1
1745244000,1,1
1745247600,1,1
1745251200,1,1
1745254800,1,1
1745258400,1,1
1745262000,1,1
1745265600,1,1
1745269200,1,1
1745272800,1,1
1745276400,1,1
1745280000,1,1
1745283600,1,1
1745287200,1,1
1745290800,1,1
1745294400,1,1
1745298000,1,1
1745301600,1,1
1745305200,1,1
1745308800,1,1
1745312400,1,1
1745316000,1,1
1745319600,1,1
1745323200,1,1
1745326800,1,1
1745330400,1,1
1745334000,1,1
1745337600,1,1
1745341200,1,1
1745344800,1,1
1745348400,1,1
1745352000,1,1
1745355600,1,1
1745359200,1,1
1745362800,1,1
1745366400,1,1
1745370000,1,1
1745373600,1,1
1745377200,1,1
1745380800,1,1
1745384400,1,1
1745388000,1,1
1745391600,1,1
1745395200,1,1
1745398800,1,1
1745402400,1,1
1745406000,1,1
1745409600,1,1
1745413200,1,1
1745416800,1,1
1745420400,1,1
1745424000,1,1
1745427600,1,1
1745431200,1,1
1745434800,1,1
1745438400,1,1
1745442000,1,1
1745445600,1,1
1745449200,1,1
1745452800,1,1
1745456400,1,1
1745460000,1,1
1745463600,1,1
1745467200,1,1
1745470800,1,1
1745474400,1,1
1745478000,1,1
1745481600,1,1
1745485200,1,1
1745488800,1,1
1745492400,1,1
1745496000,1,1
1745499600,1,1
1745503200,1,1
1745506800,1,1
1745510400,1,1
1745514000,1,1
1745517600,1,1
1745521200,1,1
1745524800,1,1
1745528400,1,1
1745532000,1,1
1745535600,1,1
1745539200,1,1
1745542800,1,1
1745546400,1,1
1745550000,3,0
1745553600,3,0
1745557200,3,0
1745560800,3,0
1745564400,3,0
1745568000,3,0
1745571600,3,0
1745575200,3,0
1745578800,3,0
1745582400,3,0
1745586000,3,0
1745589600,3,0
1745593200,3,0
1745596800,3,0
1745600400,3,0
1745604000,3,0
1745607600,3,0
1745611200,3,0
1745614800,3,0
1745618400,3,0
1745622000,3,0
1745625600,3,0
1745629200,3,0
1745632800,3,0
1745809200,3,0
1745812800,3,0
1745816400,3,0
1745820000,3,0
1745823600,3,0
1745827200,3,0
1745830800,3,0
1745834400,3,0
1745838000,3,0
1745841600,3,0
1745845200,3,0
1745848800,3,0
1745852400,3,0
1745856000,3,0
1745859600,3,0
1745863200,3,0
1745866800,3,0
1745870400,3,0
1745874000,3,0
1745877600,3,0
1745881200,3,0
1745884800,3,0
1745888400,3,0
1745892000,3,0
1745895600,3,0
1745899200,3,0
1745902800,3,0
1745906400,3,0
1745910000,3,0
1745913600,3,0
1745917200,3,0
1745920800,3,0
1745924400,3,0
1745928000,3,0
1745931600,3,0
1745935200,3,0
1745938800,3,0
1745942400,3,0
1745946000,3,0
1745949600,3,0
1745953200,3,0
1745956800,3,0
1745960400,3,0
1745964000,3,0
1745967600,3,0
1745971200,3,0
1745974800,3,0
1745978400,3,0
1745982000,3,0
1745985600,3,0
1745989200,3,0
1745992800,3,0
1745996400,3,0
1746000000,3,0
1746003600,3,0
1746007200,3,0
1746010800,3,0
1746014400,3,0
1746018000,3,0
1746021600,3,0
1746025200,3,0
1746028800,3,0
1746032400,3,0
1746036000,3,0
1746039600,3,0
1746043200,3,0
1746046800,3,0
1746050400,3,0
1746054000,3,0
1746057600,3,0
1746061200,3,0
1746064800,3,0
1746068400,3,0
1746072000,3,0
1746075600,3,0
1746079200,3,0
1746082800,3,0
1746086400,3,0
1746090000,3,0
1746093600,3,0
1746097200,3,0
1746100800,3,0
1746104400,3,0
1746108000,3,0
1746111600,3,0
1746115200,3,0
1746118800,3,0
1746122400,3,0
1746126000,3,0
1746129600,3,0
1746133200,3,0
1746136800,3,0
1746140400,3,0
1746144000,3,0
1746147600,3,0
1746151200,3,0
1746154800,3,0
1746158400,3,0
1746162000,3,0
1746165600,3,0
1746169200,3,0
1746172800,3,0
1746176400,3,0
1746180000,3,0
1746183600,3,0
1746187200,3,0
1746190800,3,0
1746194400,3,0
1746198000,3,0
1746201600,3,0
1746205200,3,0
1746208800,3,0
1746212400,3,0
1746216000,3,0
1746219600,3,0
1746223200,3,0
1746226800,3,0
1746230400,3,0
1746234000,3,0
1746237600,3,0
1746414000,3,0
1746417600,3,0
1746421200,3,0
1746424800,3,0
1746428400,3,0
1746432000,3,0
1746435600,3,0
1746439200,3,0
1746442800,3,0
1746446400,3,0
1746450000,3,0
1746453600,3,0
1746457200,3,0
1746460800,3,0
1746464400,3,0
1746468000,3,0
1746471600,3,0
1746475200,3,0
1746478800,3,0
1746482400,3,0
1746486000,3,0
1746489600,3,0
1746493200,3,0
1746496800,3,0
1746500400,3,0
1746504000,3,0
1746507600,3,0
1746511200,3,0
1746514800,3,0
1746518400,3,0
1746522000,3,0
1746525600,3,0
1746529200,3,0
1746532800,3,0
1746536400,3,0
1746540000,3,0
1746543600,3,0
1746547200,3,0
1746550800,3,0
1746554400,3,0
1746558000,3,0
1746561600,3,0
1746565200,3,0
1746568800,3,0
1746572400,3,0
1746576000,3,0
1746579600,3,0
1746583200,3,0
1746586800,3,0
1746590400,3,0
1746594000,3,0
1746597600,3,0
1746601200,3,0
1746604800,3,0
1746608400,3,0
1746612000,3,0
1746615600,3,0
1746619200,3,0
1746622800,3,0
1746626400,3,0
1746630000,3,0
1746633600,3,0
1746637200,3,0
1746640800,3,0
1746644400,3,0
1746648000,3,0
1746651600,3,0
1746655200,3,0
1746658800,3,0
1746662400,3,0
1746666000,3,0
1746669600,3,0
1746673200,3,0
1746676800,3,0
1746680400,3,0
1746684000,3,0
1746687600,3,0
1746691200,3,0
1746694800,3,0
1746698400,3,0
1746702000,3,0
1746705600,3,0
1746709200,3,0
1746712800,3,0
1746716400,3,0
1746720000,3,0
1746723600,3,0
1746727200,3,0
1746730800,3,0
1746734400,3,0
1746738000,3,0
1746741600,3,0
1746745200,3,0
1746748800,3,0
1746752400,3,0
1746756000,3,0
1746759600,3,0
1746763200,3,0
1746766800,3,0
1746770400,3,0
1746774000,3,0
1746777600,3,0
1746781200,3,0
1746784800,3,0
1746788400,3,0
1746792000,3,0
1746795600,3,0
1746799200,3,0
1746802800,3,0
1746806400,3,0
1746810000,3,0
1746813600,3,0
1746817200,3,0
1746820800,3,0
1746824400,3,0
1746828000,3,0
1746831600,3,0
1746835200,3,0
1746838800,3,0
1746842400,3,0
1747018800,3,0
1747022400,3,0
1747026000,3,0
1747029600,3,0
1747033200,3,0
1747036800,3,0
1747040400,3,0
1747044000,3,0
1747047600,3,0
1747051200,3,0
1747054800,3,0
1747058400,3,0
1747062000,3,0
1747065600,3,0
1747069200,3,0
1747072800,3,0
1747076400,3,0
1747080000,3,0
1747083600,3,0
1747087200,3,0
1747090800,3,0
1747094400,3,0
1747098000,3,0
1747101600,3,0
1747105200,3,0
1747108800,3,0
1747112400,3,0
1747116000,3,0
1747119600,3,0
1747123200,3,0
1747126800,3,0
1747130400,3,0
1747134000,3,0
1747137600,3,0
1747141200,3,0
1747144800,3,0
1747148400,3,0
1747152000,3,0
1747155600,3,0
1747159200,3,0
1747162800,3,0
1747166400,3,0
1747170000,3,0
1747173600,3,0
1747177200,3,0
1747180800,3,0
1747184400,3,0
1747188000,3,0
1747191600,3,0
1747195200,3,0
1747198800,3,0
1747202400,3,0
1747206000,3,0
1747209600,3,0
1747213200,3,0
1747216800,3,0
1747220400,3,0
1747224000,3,0
1747227600,3,0
1747231200,3,0
1747234800,3,0
1747238400,3,0
1747242000,3,0
1747245600,3,0
1747249200,3,0
1747252800,3,0
1747256400,3,0
1747260000,3,0
1747263600,3,0
1747267200,3,0
1747270800,3,0
1747274400,3,0
1747278000,3,0
1747281600,3,0
1747285200,3,0
1747288800,3,0
1747292400,3,0
1747296000,3,0
1747299600,3,0
1747303200,3,0
1747306800,3,0
1747310400,3,0
1747314000,3,0
1747317600,3,0
1747321200,3,0
1747324800,3,0
1747328400,3,0
1747332000,3,0
1747335600,3,0
1747339200,3,0
1747342800,3,0
1747346400,3,0
1747350000,3,0
1747353600,3,0
1747357200,3,0
1747360800,3,0
1747364400,3,0
1747368000,3,0
1747371600,3,0
1747375200,3,0
1747378800,3,0
1747382400,3,0
1747386000,3,0
1747389600,3,0
1747393200,3,0
1747396800,3,0
1747400400,3,0
1747404000,3,0
1747407600,3,0
1747411200,3,0
1747414800,3,0
1747418400,3,0
1747422000,3,0
1747425600,3,0
1747429200,3,0
1747432800,3,0
1747436400,3,0
1747440000,3,0
1747443600,3,0
1747447200,3,0
1747623600,3,0
1747627200,3,0
1747630800,3,0
1747634400,3,0
1747638000,3,0
1747641600,3,0
1747645200,3,0
1747648800,3,0
1747652400,3,0
1747656000,3,0
1747659600,3,0
1747663200,3,0
1747666800,3,0
1747670400,3,0
1747674000,3,0
1747677600,3,0
1747681200,3,0
1747684800,3,0
1747688400,3,0
1747692000,3,0
1747695600,3,0
1747699200,3,0
1747702800,3,0
1747706400,3,0
1747710000,3,0
1747713600,3,0
1747717200,3,0
1747720800,3,0
1747724400,3,0
1747728000,3,0
1747731600,3,0
1747735200,3,0
1747738800,3,0
1747742400,3,0
1747746000,3,0
1747749600,3,0
1747753200,3,0
1747756800,3,0
1747760400,3,0
1747764000,3,0
1747767600,3,0
1747771200,3,0
1747774800,3,0
1747778400,3,0
1747782000,3,0
1747785600,3,0
1747789200,3,0
1747792800,3,0
1747796400,3,0
1747800000,3,0
1747803600,3,0
1747807200,3,0
1747810800,3,0
1747814400,3,0
1747818000,3,0
1747821600,3,0
1747825200,3,0
1747828800,3,0
1747832400,3,0
1747836000,3,0
1747839600,3,0
1747843200,3,0
1747846800,3,0
1747850400,3,0
1747854000,3,0
1747857600,3,0
1747861200,3,0
1747864800,3,0
1747868400,3,0
1747872000,3,0
1747875600,3,0
1747879200,3,0
1747882800,3,0
1747886400,3,0
1747890000,3,0
1747893600,3,0
1747897200,3,0
1747900800,3,0
1747904400,3,0
1747908000,3,0
1747911600,3,0
1747915200,3,0
1747918800,3,0
1747922400,3,0
1747926000,3,0
1747929600,3,0
1747933200,3,0
1747936800,3,0
1747940400,3,0
1747944000,3,0
1747947600,3,0
1747951200,3,0
1747954800,3,0
1747958400,3,0
1747962000,3,0
1747965600,3,0
1747969200,3,0
1747972800,3,0
1747976400,3,0
1747980000,3,0
1747983600,3,0
1747987200,3,0
1747990800,3,0
1747994400,3,0
1747998000,3,0
1748001600,3,0
1748005200,3,0
1748008800,3,0
1748012400,3,0
1748016000,3,0
1748019600,3,0
1748023200,3,0
1748026800,3,0
1748030400,3,0
1748034000,3,0
1748037600,3,0
1748041200,3,0
1748044800,3,0
1748048400,3,0
1748052000,3,0
1748314800,3,0
1748318400,3,0
1748322000,3,0
1748325600,3,0
1748329200,3,0
1748332800,3,0
1748336400,3,0
1748340000,3,0
1748343600,3,0
1748347200,3,0
1748350800,3,0
1748354400,3,0
1748358000,3,0
1748361600,3,0
1748365200,3,0
1748368800,3,0
1748372400,3,0
1748376000,3,0
1748379600,3,0
1748383200,3,0
1748386800,3,0
1748390400,3,0
1748394000,3,0
1748397600,3,0
1748401200,3,0
1748404800,3,0
1748408400,3,0
1748412000,3,0
1748415600,3,0
1748419200,3,0
1748422800,3,0
1748426400,3,0
1748430000,3,0
1748433600,3,0
1748437200,3,0
1748440800,3,0
1748444400,3,0
1748448000,3,0
1748451600,3,0
1748455200,3,0
1748458800,3,0
1748462400,3,0
1748466000,3,0
1748469600,3,0
1748473200,3,0
1748476800,3,0
1748480400,3,0
1748484000,3,0
1748487600,3,0
1748491200,3,0
1748494800,3,0
1748498400,3,0
1748502000,3,0
1748505600,3,0
1748509200,3,0
1748512800,3,0
1748516400,3,0
1748520000,3,0
1748523600,3,0
1748527200,3,0
1748530800,3,0
1748534400,3,0
1748538000,3,0
1748541600,3,0
1748545200,3,0
1748548800,3,0
1748552400,3,0
1748556000,3,0
1748559600,3,0
1748563200,3,0
1748566800,3,0
1748570400,3,0
1748574000,3,0
1748577600,3,0
1748581200,3,0
1748584800,3,0
1748588400,3,0
1748592000,3,0
1748595600,3,0
1748599200,3,0
1748602800,3,0
1748606400,3,0
1748610000,3,0
1748613600,3,0
1748617200,3,0
1748620800,3,0
1748624400,3,0
1748628000,3,0
1748631600,3,0
1748635200,3,0
1748638800,3,0
1748642400,3,0
1748646000,3,0
1748649600,3,0
1748653200,3,0
1748656800,3,0
1748833200,3,0
1748836800,3,0
1748840400,3,0
1748844000,3,0
1748847600,3,0
1748851200,3,0
1748854800,3,0
1748858400,3,0
1748862000,3,0
1748865600,3,0
1748869200,3,0
1748872800,3,0
1748876400,3,0
1748880000,3,0
1748883600,3,0
1748887200,3,0
1748890800,3,0
1748894400,3,0
1748898000,3,0
1748901600,3,0
1748905200,3,0
1748908800,3,0
1748912400,3,0
1748916000,3,0
1748919600,3,0
1748923200,3,0
1748926800,3,0
1748930400,3,0
1748934000,3,0
1748937600,3,0
1748941200,3,0
1748944800,3,0
1748948400,3,0
1748952000,3,0
1748955600,3,0
1748959200,3,0
1748962800,3,0
1748966400,3,0
1748970000,3,0
1748973600,3,0
1748977200,3,0
1748980800,3,0
1748984400,3,0
1748988000,3,0
1748991600,3,0
1748995200,3,0
1748998800,3,0
1749002400,3,0
1749006000,3,0
1749009600,3,0
1749013200,3,0
1749016800,3,0
1749020400,3,0
1749024000,3,0
1749027600,3,0
1749031200,3,0
1749034800,3,0
1749038400,3,0
1749042000,3,0
1749045600,3,0
1749049200,3,0
1749052800,3,0
1749056400,3,0
1749060000,3,0
1749063600,3,0
1749067200,3,0
1749070800,3,0
1749074400,3,0
1749078000,3,0
1749081600,3,0
1749085200,3,0
1749088800,3,0
1749092400,3,0
1749096000,3,0
1749099600,3,0
1749103200,3,0
1749106800,3,0
1749110400,3,0
1749114000,3,0
1749117600,3,0
1749121200,3,0
1749124800,3,0
1749128400,3,0
1749132000,3,0
1749135600,3,0
1749139200,3,0
1749142800,3,0
1749146400,3,0
1749150000,3,0
1749153600,3,0
1749157200,3,0
1749160800,3,0
1749164400,3,0
1749168000,3,0
1749171600,3,0
1749175200,3,0
1749178800,3,0
1749182400,3,0
1749186000,3,0
1749189600,3,0
1749193200,3,0
1749196800,3,0
1749200400,3,0
1749204000,3,0
1749207600,3,0
1749211200,3,0
1749214800,3,0
1749218400,3,0
1749222000,3,0
1749225600,3,0
1749229200,3,0
1749232800,3,0
1749236400,3,0
1749240000,3,0
1749243600,3,0
1749247200,3,0
1749250800,3,0
1749254400,3,0
1749258000,3,0
1749261600,3,0
1749438000,3,0
1749441600,3,0
1749445200,3,0
1749448800,3,0
1749452400,3,0
1749456000,3,0
1749459600,3,0
1749463200,3,0
1749466800,3,0
1749470400,3,0
1749474000,3,0
1749477600,3,0
1749481200,3,0
1749484800,3,0
1749488400,3,0
1749492000,3,0
1749495600,3,0
1749499200,3,0
1749502800,3,0
1749506400,3,0
1749510000,3,0
1749513600,3,0
1749517200,3,0
1749520800,3,0
1749524400,3,0
1749528000,3,0
1749531600,3,0
1749535200,3,0
1749538800,3,0
1749542400,3,0
1749546000,3,0
1749549600,3,0
1749553200,3,0
1749556800,3,0
1749560400,3,0
1749564000,3,0
1749567600,3,0
1749571200,3,0
1749574800,3,0
1749578400,3,0
1749582000,3,0
1749585600,3,0
1749589200,3,0
1749592800,3,0
1749596400,3,0
1749600000,3,0
1749603600,3,0
1749607200,3,0
1749610800,2,1
1749614400,2,1
1749618000,2,1
1749621600,2,1
1749625200,2,1
1749628800,2,1
1749632400,2,1
1749636000,2,1
1749639600,2,1
1749643200,2,1
1749646800,2,1
1749650400,2,1
1749654000,2,1
1749657600,2,1
1749661200,2,1
1749664800,2,1
1749668400,2,1
1749672000,2,1
1749675600,2,1
1749679200,2,1
1749682800,2,1
1749686400,2,1
1749690000,2,1
1749693600,2,1
1749697200,2,1
1749700800,2,1
1749704400,2,1
1749708000,2,1
1749711600,2,1
1749715200,2,1
1749718800,2,1
1749722400,2,1
1749726000,2,1
1749729600,2,1
1749733200,2,1
1749736800,2,1
1749740400,2,1
1749744000,2,1
1749747600,2,1
1749751200,2,1
1749754800,2,1
1749758400,2,1
1749762000,2,1
1749765600,2,1
1749769200,2,1
1749772800,2,1
1749776400,2,1
1749780000,2,1
1749783600,2,1
1749787200,2,1
1749790800,2,1
1749794400,2,1
1749798000,2,1
1749801600,2,1
1749805200,2,1
1749808800,2,1
1749812400,2,1
1749816000,2,1
1749819600,2,1
1749823200,2,1
1749826800,2,1
1749830400,2,1
1749834000,2,1
1749837600,2,1
1749841200,2,1
1749844800,2,1
1749848400,2,1
1749852000,2,1
1749855600,2,1
1749859200,2,1
1749862800,2,1
1749866400,2,1
1750042800,2,1
1750046400,2,1
1750050000,2,1
1750053600,2,1
1750057200,2,1
1750060800,2,1
1750064400,2,1
1750068000,2,1
1750071600,2,1
1750075200,2,1
1750078800,2,1
1750082400,2,1
1750086000,2,1
1750089600,2,1
1750093200,2,1
1750096800,2,1
1750100400,2,1
1750104000,2,1
1750107600,2,1
1750111200,2,1
1750114800,2,1
1750118400,2,1
1750122000,2,1
1750125600,2,1
1750129200,2,1
1750132800,2,1
1750136400,2,1
1750140000,2,1
1750143600,2,1
1750147200,2,1
1750150800,2,1
1750154400,2,1
1750158000,2,1
1750161600,2,1
1750165200,2,1
1750168800,2,1
1750172400,2,1
1750176000,2,1
1750179600,2,1
1750183200,2,1
1750186800,2,1
1750190400,2,1
1750194000,2,1
1750197600,2,1
1750201200,2,1
1750204800,2,1
1750208400,2,1
1750212000,2,1
1750215600,2,1
1750219200,2,1
1750222800,2,1
1750226400,2,1
1750230000,2,1
1750233600,2,1
1750237200,2,1
1750240800,2,1
1750244400,2,1
1750248000,2,1
1750251600,2,1
1750255200,2,1
1750258800,2,1
1750262400,2,1
1750266000,2,1
1750269600,2,1
1750273200,2,1
1750276800,2,1
1750280400,2,1
1750284000,2,1
1750287600,2,1
1750291200,2,1
1750294800,2,1
1750298400,2,1
1750388400,2,1
1750392000,2,1
1750395600,2,1
1750399200,2,1
1750402800,2,1
1750406400,2,1
1750410000,2,1
1750413600,2,1
1750417200,2,1
1750420800,2,1
1750424400,2,1
1750428000,2,1
1750431600,2,1
1750435200,2,1
1750438800,2,1
1750442400,2,1
1750446000,2,1
1750449600,2,1
1750453200,2,1
1750456800,2,1
1750460400,2,1
1750464000,2,1
1750467600,2,1
1750471200,2,1
1750647600,2,1
1750651200,2,1
1750654800,2,1
1750658400,2,1
1750662000,2,1
1750665600,2,1
1750669200,2,1
1750672800,2,1
1750676400,2,1
1750680000,2,1
1750683600,2,1
1750687200,2,1
1750690800,2,1
1750694400,2,1
1750698000,2,1
1750701600,2,1
1750705200,2,1
1750708800,2,1
1750712400,2,1
1750716000,2,1
1750719600,2,1
1750723200,2,1
1750726800,2,1
1750730400,2,1
1750734000,0,0
1750737600,0,0
1750741200,0,0
1750744800,0,0
1750748400,0,0
1750752000,0,0
1750755600,0,0
1750759200,0,0
1750762800,0,0
1750766400,0,0
1750770000,0,0
1750773600,0,0
1750777200,0,0
1750780800,0,0
1750784400,0,0
1750788000,0,0
1750791600,0,0
1750795200,0,0
1750798800,0,0
1750802400,0,0
1750806000,0,0
1750809600,0,0
1750813200,0,0
1750816800,0,0
1750820400,0,0
1750824000,0,0
1750827600,0,0
1750831200,0,0
1750834800,0,0
1750838400,0,0
1750842000,0,0
1750845600,0,0
1750849200,0,0
1750852800,0,0
1750856400,0,0
1750860000,0,0
1750863600,0,0
1750867200,0,0
1750870800,0,0
1750874400,0,0
1750878000,0,0
1750881600,0,0
1750885200,0,0
1750888800,0,0
1750892400,0,0
1750896000,0,0
1750899600,0,0
1750903200,0,0
1750906800,0,0
1750910400,0,0
1750914000,0,0
1750917600,0,0
1750921200,0,0
1750924800,0,0
1750928400,0,0
1750932000,0,0
1750935600,0,0
1750939200,0,0
1750942800,0,0
1750946400,0,0
1750950000,0,0
1750953600,0,0
1750957200,0,0
1750960800,0,0
1750964400,0,0
1750968000,0,0
1750971600,0,0
1750975200,0,0
1750978800,0,0
1750982400,0,0
1750986000,0,0
1750989600,0,0
1750993200,0,0
1750996800,0,0
1751000400,0,0
1751004000,0,0
1751007600,0,0
1751011200,0,0
1751014800,0,0
1751018400,0,0
1751022000,0,0
1751025600,0,0
1751029200,0,0
1751032800,0,0
1751036400,0,0
1751040000,0,0
1751043600,0,0
1751047200,0,0
1751050800,0,0
1751054400,0,0
1751058000,0,0
1751061600,0,0
1751065200,0,0
1751068800,0,0
1751072400,0,0
1751076000,0,0
1751252400,0,0
1751256000,0,0
1751259600,0,0
1751263200,0,0
1751266800,0,0
1751270400,0,0
1751274000,0,0
1751277600,0,0
1751281200,0,0
1751284800,0,0
1751288400,0,0
1751292000,0,0
1751295600,0,0
1751299200,0,0
1751302800,0,0
1751306400,0,0
1751310000,0,0
1751313600,0,0
1751317200,0,0
1751320800,0,0
1751324400,0,0
1751328000,0,0
1751331600,0,0
1751335200,0,0
1751338800,0,0
1751342400,0,0
1751346000,0,0
1751349600,0,0
1751353200,0,0
1751356800,0,0
1751360400,0,0
1751364000,0,0
1751367600,0,0
1751371200,0,0
1751374800,0,0
1751378400,0,0
1751382000,0,0
1751385600,0,0
1751389200,0,0
1751392800,0,0
1751396400,0,0
1751400000,0,0
1751403600,0,0
1751407200,0,0
1751410800,0,0
1751414400,0,0
1751418000,0,0
1751421600,0,0
1751425200,0,0
1751428800,0,0
1751432400,0,0
1751436000,0,0
1751439600,0,0
1751443200,0,0
1751446800,0,0
1751450400,0,0
1751454000,0,0
1751457600,0,0
1751461200,0,0
1751464800,0,0
1751468400,0,0
1751472000,0,0
1751475600,0,0
1751479200,0,0
1751482800,0,0
1751486400,0,0
1751490000,0,0
1751493600,0,0
1751497200,0,0
1751500800,0,0
1751504400,0,0
1751508000,0,0
1751511600,0,0
1751515200,0,0
1751518800,0,0
1751522400,0,0
1751526000,0,0
1751529600,0,0
1751533200,0,0
1751536800,0,0
1751540400,0,0
1751544000,0,0
1751547600,0,0
1751551200,0,0
1751554800,0,0
1751558400,0,0
1751562000,0,0
1751565600,0,0
1751569200,0,0
1751572800,0,0
1751576400,0,0
1751580000,0,0
1751583600,0,0
1751587200,0,0
1751590800,0,0
1751594400,0,0
1751598000,0,0
1751601600,0,0
1751605200,0,0
1751608800,0,0
1751612400,0,0
1751616000,0,0
1751619600,0,0
1751623200,0,0
1751626800,0,0
1751630400,0,0
1751634000,0,0
1751637600,0,0
1751641200,0,0
1751644800,0,0
1751648400,0,0
1751652000,0,0
1751655600,0,0
1751659200,0,0
1751662800,0,0
1751666400,0,0
1751670000,0,0
1751673600,0,0
1751677200,0,0
1751680800,0,0
1751857200,0,0
1751860800,0,0
1751864400,0,0
1751868000,0,0
1751871600,0,0
1751875200,0,0
1751878800,0,0
1751882400,0,0
1751886000,0,0
1751889600,0,0
1751893200,0,0
1751896800,0,0
1751900400,0,0
1751904000,0,0
1751907600,0,0
1751911200,0,0
1751914800,0,0
1751918400,0,0
1751922000,0,0
1751925600,0,0
1751929200,0,0
1751932800,0,0
1751936400,0,0
1751940000,0,0
1751943600,0,0
1751947200,0,0
1751950800,0,0
1751954400,0,0
1751958000,0,0
1751961600,0,0
1751965200,0,0
1751968800,0,0
1751972400,0,0
1751976000,0,0
1751979600,0,0
1751983200,0,0
1751986800,0,0
1751990400,0,0
1751994000,0,0
1751997600,0,0
1752001200,0,0
1752004800,0,0
1752008400,0,0
1752012000,0,0
1752015600,0,0
1752019200,0,0
1752022800,0,0
1752026400,0,0
1752030000,0,0
1752033600,0,0
1752037200,0,0
1752040800,0,0
1752044400,0,0
1752048000,0,0
1752051600,0,0
1752055200,0,0
1752058800,0,0
1752062400,0,0
1752066000,0,0
1752069600,0,0
1752073200,0,0
1752076800,0,0
1752080400,0,0
1752084000,0,0
1752087600,0,0
1752091200,0,0
1752094800,0,0
1752098400,0,0
1752102000,0,0
1752105600,0,0
1752109200,0,0
1752112800,0,0
1752116400,0,0
1752120000,0,0
1752123600,0,0
1752127200,0,0
1752130800,0,0
1752134400,0,0
1752138000,0,0
1752141600,0,0
1752145200,0,0
1752148800,0,0
1752152400,0,0
1752156000,0,0
1752159600,0,0
1752163200,0,0
1752166800,0,0
1752170400,0,0
1752174000,0,0
1752177600,0,0
1752181200,0,0
1752184800,0,0
1752188400,0,0
1752192000,0,0
1752195600,0,0
1752199200,0,0
1752202800,0,0
1752206400,0,0
1752210000,0,0
1752213600,0,0
1752217200,0,0
1752220800,0,0
1752224400,0,0
1752228000,0,0
1752231600,0,0
1752235200,0,0
1752238800,0,0
1752242400,0,0
1752246000,0,0
1752249600,0,0
1752253200,0,0
1752256800,0,0
1752260400,0,0
1752264000,0,0
1752267600,0,0
1752271200,0,0
1752274800,0,0
1752278400,0,0
1752282000,0,0
1752285600,0,0
1752462000,0,0
1752465600,0,0
1752469200,0,0
1752472800,0,0
1752476400,0,0
1752480000,0,0
1752483600,0,0
1752487200,0,0
1752490800,0,0
1752494400,0,0
1752498000,0,0
1752501600,0,0
1752505200,0,0
1752508800,0,0
1752512400,0,0
1752516000,0,0
1752519600,0,0
1752523200,0,0
1752526800,0,0
1752530400,0,0
1752534000,0,0
1752537600,0,0
1752541200,0,0
1752544800,0,0
1752548400,0,0
1752552000,0,0
1752555600,0,0
1752559200,0,0
1752562800,0,0
1752566400,0,0
1752570000,0,0
1752573600,0,0
1752577200,0,0
1752580800,0,0
1752584400,0,0
1752588000,0,0
1752591600,0,0
1752595200,0,0
1752598800,0,0
1752602400,0,0
1752606000,0,0
1752609600,0,0
1752613200,0,0
1752616800,0,0
1752620400,0,0
1752624000,0,0
1752627600,0,0
1752631200,0,0
1752634800,0,0
1752638400,0,0
1752642000,0,0
1752645600,0,0
1752649200,0,0
1752652800,0,0
1752656400,0,0
1752660000,0,0
1752663600,0,0
1752667200,0,0
1752670800,0,0
1752674400,0,0
1752678000,0,0
1752681600,0,0
1752685200,0,0
1752688800,0,0
1752692400,0,0
1752696000,0,0
1752699600,0,0
1752703200,0,0
1752706800,0,0
1752710400,0,0
1752714000,0,0
1752717600,0,0
1752721200,0,0
1752724800,0,0
1752728400,0,0
1752732000,0,0
1752735600,0,0
1752739200,0,0
1752742800,0,0
1752746400,0,0
1752750000,0,0
1752753600,0,0
1752757200,0,0
1752760800,0,0
1752764400,0,0
1752768000,0,0
1752771600,0,0
1752775200,0,0
1752778800,0,0
1752782400,0,0
1752786000,0,0
1752789600,0,0
1752793200,0,0
1752796800,0,0
1752800400,0,0
1752804000,0,0
1752807600,0,0
1752811200,0,0
1752814800,0,0
1752818400,0,0
1752822000,0,0
1752825600,0,0
1752829200,0,0
1752832800,0,0
1752836400,0,0
1752840000,0,0
1752843600,0,0
1752847200,0,0
1752850800,0,0
1752854400,0,0
1752858000,0,0
1752861600,0,0
1752865200,0,0
1752868800,0,0
1752872400,0,0
1752876000,0,0
1752879600,0,0
1752883200,0,0
1752886800,0,0
1752890400,0,0
1753066800,2,1
1753070400,2,1
1753074000,2,1
1753077600,2,1
1753081200,2,1
1753084800,2,1
1753088400,2,1
1753092000,2,1
1753095600,2,1
1753099200,2,1
1753102800,2,1
1753106400,2,1
1753110000,2,1
1753113600,2,1
1753117200,2,1
1753120800,2,1
1753124400,2,1
1753128000,2,1
1753131600,2,1
1753135200,2,1
1753138800,2,1
1753142400,2,1
1753146000,2,1
1753149600,2,1
1753153200,2,1
1753156800,2,1
1753160400,2,1
1753164000,2,1
1753167600,2,1
1753171200,2,1
1753174800,2,1
1753178400,2,1
1753182000,2,1
1753185600,2,1
1753189200,2,1
1753192800,2,1
1753196400,2,1
1753200000,2,1
1753203600,2,1
1753207200,2,1
1753210800,2,1
1753214400,2,1
1753218000,2,1
1753221600,2,1
1753225200,2,1
1753228800,2,1
1753232400,2,1
1753236000,2,1
1753239600,2,1
1753243200,2,1
1753246800,2,1
1753250400,2,1
1753254000,2,1
1753257600,2,1
1753261200,2,1
1753264800,2,1
1753268400,2,1
1753272000,2,1
1753275600,2,1
1753279200,2,1
1753282800,2,1
1753286400,2,1
1753290000,2,1
1753293600,2,1
1753297200,2,1
1753300800,2,1
1753304400,2,1
1753308000,2,1
1753311600,2,1
1753315200,2,1
1753318800,2,1
1753322400,2,1
1753326000,0,0
1753329600,0,0
1753333200,0,0
1753336800,0,0
1753340400,0,0
1753344000,0,0
1753347600,0,0
1753351200,0,0
1753354800,0,0
1753358400,0,0
1753362000,0,0
1753365600,0,0
1753369200,0,0
1753372800,0,0
1753376400,0,0
1753380000,0,0
1753383600,0,0
1753387200,0,0
1753390800,0,0
1753394400,0,0
1753398000,0,0
1753401600,0,0
1753405200,0,0
1753408800,0,0
1753412400,0,0
1753416000,0,0
1753419600,0,0
1753423200,0,0
1753426800,0,0
1753430400,0,0
1753434000,0,0
1753437600,0,0
1753441200,0,0
1753444800,0,0
1753448400,0,0
1753452000,0,0
1753455600,0,0
1753459200,0,0
1753462800,0,0
1753466400,0,0
1753470000,0,0
1753473600,0,0
1753477200,0,0
1753480800,0,0
1753484400,0,0
1753488000,0,0
1753491600,0,0
1753495200,0,0
1753671600,0,0
1753675200,0,0
1753678800,0,0
1753682400,0,0
1753686000,0,0
1753689600,0,0
1753693200,0,0
1753696800,0,0
1753700400,0,0
1753704000,0,0
1753707600,0,0
1753711200,0,0
1753714800,0,0
1753718400,0,0
1753722000,0,0
1753725600,0,0
1753729200,0,0
1753732800,0,0
1753736400,0,0
1753740000,0,0
1753743600,0,0
1753747200,0,0
1753750800,0,0
1753754400,0,0
1753758000,0,0
1753761600,0,0
1753765200,0,0
1753768800,0,0
1753772400,0,0
1753776000,0,0
1753779600,0,0
1753783200,0,0
1753786800,0,0
1753790400,0,0
1753794000,0,0
1753797600,0,0
1753801200,0,0
1753804800,0,0
1753808400,0,0
1753812000,0,0
1753815600,0,0
1753819200,0,0
1753822800,0,0
1753826400,0,0
1753830000,0,0
1753833600,0,0
1753837200,0,0
1753840800,0,0
1753844400,0,0
1753848000,0,0
1753851600,0,0
1753855200,0,0
1753858800,0,0
1753862400,0,0
1753866000,0,0
1753869600,0,0
1753873200,0,0
1753876800,0,0
1753880400,0,0
1753884000,0,0
1753887600,0,0
1753891200,0,0
1753894800,0,0
1753898400,0,0
1753902000,0,0
1753905600,0,0
1753909200,0,0
1753912800,0,0
1753916400,0,0
1753920000,0,0
1753923600,0,0
1753927200,0,0
1753930800,0,0
1753934400,0,0
1753938000,0,0
1753941600,0,0
1753945200,0,0
1753948800,0,0
1753952400,0,0
1753956000,0,0
1753959600,0,0
1753963200,0,0
1753966800,0,0
1753970400,0,0
1753974000,0,0
1753977600,0,0
1753981200,0,0
1753984800,0,0
1753988400,0,0
1753992000,0,0
1753995600,0,0
1753999200,0,0
1754002800,0,0
1754006400,0,0
1754010000,0,0
1754013600,0,0
1754017200,0,0
1754020800,0,0
1754024400,0,0
1754028000,0,0
1754031600,0,0
1754035200,0,0
1754038800,0,0
1754042400,0,0
1754046000,0,0
1754049600,0,0
1754053200,0,0
1754056800,0,0
1754060400,0,0
1754064000,0,0
1754067600,0,0
1754071200,0,0
1754074800,0,0
1754078400,0,0
1754082000,0,0
1754085600,0,0
1754089200,0,0
1754092800,0,0
1754096400,0,0
1754100000,0,0
1754276400,0,0
1754280000,0,0
1754283600,0,0
1754287200,0,0
1754290800,0,0
1754294400,0,0
1754298000,0,0
1754301600,0,0
1754305200,0,0
1754308800,0,0
1754312400,0,0
1754316000,0,0
1754319600,0,0
1754323200,0,0
1754326800,0,0
1754330400,0,0
1754334000,0,0
1754337600,0,0
1754341200,0,0
1754344800,0,0
1754348400,0,0
1754352000,0,0
1754355600,0,0
1754359200,0,0
1754362800,0,0
1754366400,0,0
1754370000,0,0
1754373600,0,0
1754377200,0,0
1754380800,0,0
1754384400,0,0
1754388000,0,0
1754391600,0,0
1754395200,0,0
1754398800,0,0
1754402400,0,0
1754406000,0,0
1754409600,0,0
1754413200,0,0
1754416800,0,0
1754420400,0,0
1754424000,0,0
1754427600,0,0
1754431200,0,0
1754434800,0,0
1754438400,0,0
1754442000,0,0
1754445600,0,0
1754449200,0,0
1754452800,0,0
1754456400,0,0
1754460000,0,0
1754463600,0,0
1754467200,0,0
1754470800,0,0
1754474400,0,0
1754478000,0,0
1754481600,0,0
1754485200,0,0
1754488800,0,0
1754492400,0,0
1754496000,0,0
1754499600,0,0
1754503200,0,0
1754506800,0,0
1754510400,0,0
1754514000,0,0
1754517600,0,0
1754521200,0,0
1754524800,0,0
1754528400,0,0
1754532000,0,0
1754535600,0,0
1754539200,0,0
1754542800,0,0
1754546400,0,0
1754550000,0,0
1754553600,0,0
1754557200,0,0
1754560800,0,0
1754564400,0,0
1754568000,0,0
1754571600,0,0
1754575200,0,0
1754578800,0,0
1754582400,0,0
1754586000,0,0
1754589600,0,0
1754593200,0,0
1754596800,0,0
1754600400,0,0
1754604000,0,0
1754607600,0,0
1754611200,0,0
1754614800,0,0
1754618400,0,0
1754622000,0,0
1754625600,0,0
1754629200,0,0
1754632800,0,0
1754636400,0,0
1754640000,0,0
1754643600,0,0
1754647200,0,0
1754650800,0,0
1754654400,0,0
1754658000,0,0
1754661600,0,0
1754665200,0,0
1754668800,0,0
1754672400,0,0
1754676000,0,0
1754679600,0,0
1754683200,0,0
1754686800,0,0
1754690400,0,0
1754694000,0,0
1754697600,0,0
1754701200,0,0
1754704800,0,0
1754881200,0,0
1754884800,0,0
1754888400,0,0
1754892000,0,0
1754895600,0,0
1754899200,0,0
1754902800,0,0
1754906400,0,0
1754910000,0,0
1754913600,0,0
1754917200,0,0
1754920800,0,0
1754924400,0,0
1754928000,0,0
1754931600,0,0
1754935200,0,0
1754938800,0,0
1754942400,0,0
1754946000,0,0
1754949600,0,0
1754953200,0,0
1754956800,0,0
1754960400,0,0
1754964000,0,0
1754967600,0,0
1754971200,0,0
1754974800,0,0
1754978400,0,0
1754982000,0,0
1754985600,0,0
1754989200,0,0
1754992800,0,0
1754996400,0,0
1755000000,0,0
1755003600,0,0
1755007200,0,0
1755010800,0,0
1755014400,0,0
1755018000,0,0
1755021600,0,0
1755025200,0,0
1755028800,0,0
1755032400,0,0
1755036000,0,0
1755039600,0,0
1755043200,0,0
1755046800,0,0
1755050400,0,0
1755054000,0,0
1755057600,0,0
1755061200,0,0
1755064800,0,0
1755068400,0,0
1755072000,0,0
1755075600,0,0
1755079200,0,0
1755082800,0,0
1755086400,0,0
1755090000,0,0
1755093600,0,0
1755097200,0,0
1755100800,0,0
1755104400,0,0
1755108000,0,0
1755111600,0,0
1755115200,0,0
1755118800,0,0
1755122400,0,0
1755126000,0,0
1755129600,0,0
1755133200,0,0
1755136800,0,0
1755140400,0,0
1755144000,0,0
1755147600,0,0
1755151200,0,0
1755154800,0,0
1755158400,0,0
1755162000,0,0
1755165600,0,0
1755169200,0,0
1755172800,0,0
1755176400,0,0
1755180000,0,0
1755183600,0,0
1755187200,0,0
1755190800,0,0
1755194400,0,0
1755198000,0,0
1755201600,0,0
1755205200,0,0
1755208800,0,0
1755212400,0,0
1755216000,0,0
1755219600,0,0
1755223200,0,0
1755226800,0,0
1755230400,0,0
1755234000,0,0
1755237600,0,0
1755241200,0,0
1755244800,0,0
1755248400,0,0
1755252000,0,0
1755255600,0,0
1755259200,0,0
1755262800,0,0
1755266400,0,0
1755270000,0,0
1755273600,0,0
1755277200,0,0
1755280800,0,0
1755284400,0,0
1755288000,0,0
1755291600,0,0
1755295200,0,0
1755298800,0,0
1755302400,0,0
1755306000,0,0
1755309600,0,0
1755486000,0,0
1755489600,0,0
1755493200,0,0
1755496800,0,0
1755500400,0,0
1755504000,0,0
1755507600,0,0
1755511200,0,0
1755514800,0,0
1755518400,0,0
1755522000,0,0
1755525600,0,0
1755529200,0,0
1755532800,0,0
1755536400,0,0
1755540000,0,0
1755543600,0,0
1755547200,0,0
1755550800,0,0
1755554400,0,0
1755558000,0,0
1755561600,0,0
1755565200,0,0
1755568800,0,0
1755572400,0,0
1755576000,0,0
1755579600,0,0
1755583200,0,0
1755586800,0,0
1755590400,0,0
1755594000,0,0
1755597600,0,0
1755601200,0,0
1755604800,0,0
1755608400,0,0
1755612000,0,0
1755615600,0,0
1755619200,0,0
1755622800,0,0
1755626400,0,0
1755630000,0,0
1755633600,0,0
1755637200,0,0
1755640800,0,0
1755644400,0,0
1755648000,0,0
1755651600,0,0
1755655200,0,0
1755658800,0,0
1755662400,0,0
1755666000,0,0
1755669600,0,0
1755673200,0,0
1755676800,0,0
1755680400,0,0
1755684000,0,0
1755687600,0,0
1755691200,0,0
1755694800,0,0
1755698400,0,0
1755702000,0,0
1755705600,0,0
1755709200,0,0
1755712800,0,0
1755716400,0,0
1755720000,0,0
1755723600,0,0
1755727200,0,0
1755730800,0,0
1755734400,0,0
1755738000,0,0
1755741600,0,0
1755745200,0,0
1755748800,0,0
1755752400,0,0
1755756000,0,0
1755759600,0,0
1755763200,0,0
1755766800,0,0
1755770400,0,0
1755774000,0,0
1755777600,0,0
1755781200,0,0
1755784800,0,0
1755788400,0,0
1755792000,0,0
1755795600,0,0
1755799200,0,0
1755802800,0,0
1755806400,0,0
1755810000,0,0
1755813600,0,0
1755817200,0,0
1755820800,0,0
1755824400,0,0
1755828000,0,0
1755831600,0,0
1755835200,0,0
1755838800,0,0
1755842400,0,0
1755846000,0,0
1755849600,0,0
1755853200,0,0
1755856800,0,0
1755860400,0,0
1755864000,0,0
1755867600,0,0
1755871200,0,0
1755874800,0,0
1755878400,0,0
1755882000,0,0
1755885600,0,0
1755889200,0,0
1755892800,0,0
1755896400,0,0
1755900000,0,0
1755903600,0,0
1755907200,0,0
1755910800,0,0
1755914400,0,0
1756090800,0,0
1756094400,0,0
1756098000,0,0
1756101600,0,0
1756105200,0,0
1756108800,0,0
1756112400,0,0
1756116000,0,0
1756119600,0,0
1756123200,0,0
1756126800,0,0
1756130400,0,0
1756134000,0,0
1756137600,0,0
1756141200,0,0
1756144800,0,0
1756148400,0,0
1756152000,0,0
1756155600,0,0
1756159200,0,0
1756162800,0,0
1756166400,0,0
1756170000,0,0
1756173600,0,0
1756177200,0,0
1756180800,0,0
1756184400,0,0
1756188000,0,0
1756191600,0,0
1756195200,0,0
1756198800,0,0
1756202400,0,0
1756206000,0,0
1756209600,0,0
1756213200,0,0
1756216800,0,0
1756220400,0,0
1756224000,0,0
1756227600,0,0
1756231200,0,0
1756234800,0,0
1756238400,0,0
1756242000,0,0
1756245600,0,0
1756249200,0,0
1756252800,0,0
1756256400,0,0
1756260000,0,0
1756263600,2,1
1756267200,2,1
1756270800,2,1
1756274400,2,1
1756278000,2,1
1756281600,2,1
1756285200,2,1
1756288800,2,1
1756292400,2,1
1756296000,2,1
1756299600,2,1
1756303200,2,1
1756306800,2,1
1756310400,2,1
1756314000,2,1
1756317600,2,1
1756321200,2,1
1756324800,2,1
1756328400,2,1
1756332000,2,1
1756335600,2,1
1756339200,2,1
1756342800,2,1
1756346400,2,1
1756350000,2,1
1756353600,2,1
1756357200,2,1
1756360800,2,1
1756364400,2,1
1756368000,2,1
1756371600,2,1
1756375200,2,1
1756378800,2,1
1756382400,2,1
1756386000,2,1
1756389600,2,1
1756393200,2,1
1756396800,2,1
1756400400,2,1
1756404000,2,1
1756407600,2,1
1756411200,2,1
1756414800,2,1
1756418400,2,1
1756422000,2,1
1756425600,2,1
1756429200,2,1
1756432800,2,1
1756436400,2,1
1756440000,2,1
1756443600,2,1
1756447200,2,1
1756450800,2,1
1756454400,2,1
1756458000,2,1
1756461600,2,1
1756465200,2,1
1756468800,2,1
1756472400,2,1
1756476000,2,1
1756479600,2,1
1756483200,2,1
1756486800,2,1
1756490400,2,1
1756494000,2,1
1756497600,2,1
1756501200,2,1
1756504800,2,1
1756508400,2,1
1756512000,2,1
1756515600,2,1
1756519200,2,1
1756782000,2,1
1756785600,2,1
1756789200,2,1
1756792800,2,1
1756796400,2,1
1756800000,2,1
1756803600,2,1
1756807200,2,1
1756810800,2,1
1756814400,2,1
1756818000,2,1
1756821600,2,1
1756825200,2,1
1756828800,2,1
1756832400,2,1
1756836000,2,1
1756839600,2,1
1756843200,2,1
1756846800,2,1
1756850400,2,1
1756854000,2,1
1756857600,2,1
1756861200,2,1
1756864800,2,1
1756868400,2,1
1756872000,2,1
1756875600,2,1
1756879200,2,1
1756882800,2,1
1756886400,2,1
1756890000,2,1
1756893600,2,1
1756897200,2,1
1756900800,2,1
1756904400,2,1
1756908000,2,1
1756911600,2,1
1756915200,2,1
1756918800,2,1
1756922400,2,1
1756926000,2,1
1756929600,2,1
1756933200,2,1
1756936800,2,1
1756940400,2,1
1756944000,2,1
1756947600,2,1
1756951200,2,1
1756954800,2,1
1756958400,2,1
1756962000,2,1
1756965600,2,1
1756969200,2,1
1756972800,2,1
1756976400,2,1
1756980000,2,1
1756983600,2,1
1756987200,2,1
1756990800,2,1
1756994400,2,1
1756998000,2,1
1757001600,2,1
1757005200,2,1
1757008800,2,1
1757012400,2,1
1757016000,2,1
1757019600,2,1
1757023200,2,1
1757026800,2,1
1757030400,2,1
1757034000,2,1
1757037600,2,1
1757041200,2,1
1757044800,2,1
1757048400,2,1
1757052000,2,1
1757055600,2,1
1757059200,2,1
1757062800,2,1
1757066400,2,1
1757070000,2,1
1757073600,2,1
1757077200,2,1
1757080800,2,1
1757084400,2,1
1757088000,2,1
1757091600,2,1
1757095200,2,1
1757098800,2,1
1757102400,2,1
1757106000,2,1
1757109600,2,1
1757113200,2,1
1757116800,2,1
1757120400,2,1
1757124000,2,1
1757300400,2,1
1757304000,2,1
1757307600,2,1
1757311200,2,1
1757314800,2,1
1757318400,2,1
1757322000,2,1
1757325600,2,1
1757329200,2,1
1757332800,2,1
1757336400,2,1
1757340000,2,1
1757343600,2,1
1757347200,2,1
1757350800,2,1
1757354400,2,1
1757358000,2,1
1757361600,2,1
1757365200,2,1
1757368800,2,1
1757372400,2,1
1757376000,2,1
1757379600,2,1
1757383200,2,1
1757386800,2,1
1757390400,2,1
1757394000,2,1
1757397600,2,1
1757401200,2,1
1757404800,2,1
1757408400,2,1
1757412000,2,1
1757415600,2,1
1757419200,2,1
1757422800,2,1
1757426400,2,1
1757430000,2,1
1757433600,2,1
1757437200,2,1
1757440800,2,1
1757444400,2,1
1757448000,2,1
1757451600,2,1
1757455200,2,1
1757458800,2,1
1757462400,2,1
1757466000,2,1
1757469600,2,1
1757473200,2,1
1757476800,2,1
1757480400,2,1
1757484000,2,1
1757487600,2,1
1757491200,2,1
1757494800,2,1
1757498400,2,1
1757502000,2,1
1757505600,2,1
1757509200,2,1
1757512800,2,1
1757516400,2,1
1757520000,2,1
1757523600,2,1
1757527200,2,1
1757530800,2,1
1757534400,2,1
1757538000,2,1
1757541600,2,1
1757545200,2,1
1757548800,2,1
1757552400,2,1
1757556000,2,1
1757559600,2,1
1757563200,2,1
1757566800,2,1
1757570400,2,1
1757574000,2,1
1757577600,2,1
1757581200,2,1
1757584800,2,1
1757588400,2,1
1757592000,2,1
1757595600,2,1
1757599200,2,1
1757602800,2,1
1757606400,2,1
1757610000,2,1
1757613600,2,1
1757617200,2,1
1757620800,2,1
1757624400,2,1
1757628000,2,1
1757631600,2,1
1757635200,2,1
1757638800,2,1
1757642400,2,1
1757646000,2,1
1757649600,2,1
1757653200,2,1
1757656800,2,1
1757660400,2,1
1757664000,2,1
1757667600,2,1
1757671200,2,1
1757674800,2,1
1757678400,2,1
1757682000,2,1
1757685600,2,1
1757689200,2,1
1757692800,2,1
1757696400,2,1
1757700000,2,1
1757703600,2,1
1757707200,2,1
1757710800,2,1
1757714400,2,1
1757718000,2,1
1757721600,2,1
1757725200,2,1
1757728800,2,1
1757905200,2,1
1757908800,2,1
1757912400,2,1
1757916000,2,1
1757919600,2,1
1757923200,2,1
1757926800,2,1
1757930400,2,1
1757934000,2,1
1757937600,2,1
1757941200,2,1
1757944800,2,1
1757948400,2,1
1757952000,2,1
1757955600,2,1
1757959200,2,1
1757962800,2,1
1757966400,2,1
1757970000,2,1
1757973600,2,1
1757977200,2,1
1757980800,2,1
1757984400,2,1
1757988000,2,1
1757991600,2,1
1757995200,2,1
1757998800,2,1
1758002400,2,1
1758006000,2,1
1758009600,2,1
1758013200,2,1
1758016800,2,1
1758020400,2,1
1758024000,2,1
1758027600,2,1
1758031200,2,1
1758034800,2,1
1758038400,2,1
1758042000,2,1
1758045600,2,1
1758049200,2,1
1758052800,2,1
1758056400,2,1
1758060000,2,1
1758063600,2,1
1758067200,2,1
1758070800,2,1
1758074400,2,1
1758078000,2,1
1758081600,2,1
1758085200,2,1
1758088800,2,1
1758092400,2,1
1758096000,2,1
1758099600,2,1
1758103200,2,1
1758106800,2,1
1758110400,2,1
1758114000,2,1
1758117600,2,1
1758121200,2,1
1758124800,2,1
1758128400,2,1
1758132000,2,1
1758135600,2,1
1758139200,2,1
1758142800,2,1
1758146400,2,1
1758150000,2,1
1758153600,2,1
1758157200,2,1
1758160800,2,1
1758164400,2,1
1758168000,2,1
1758171600,2,1
1758175200,2,1
1758178800,2,1
1758182400,2,1
1758186000,2,1
1758189600,2,1
1758193200,2,1
1758196800,2,1
1758200400,2,1
1758204000,2,1
1758207600,2,1
1758211200,2,1
1758214800,2,1
1758218400,2,1
1758222000,2,1
1758225600,2,1
1758229200,2,1
1758232800,2,1
1758236400,2,1
1758240000,2,1
1758243600,2,1
1758247200,2,1
1758250800,2,1
1758254400,2,1
1758258000,2,1
1758261600,2,1
1758265200,2,1
1758268800,2,1
1758272400,2,1
1758276000,2,1
1758279600,2,1
1758283200,2,1
1758286800,2,1
1758290400,2,1
1758294000,2,1
1758297600,2,1
1758301200,2,1
1758304800,2,1
1758308400,2,1
1758312000,2,1
1758315600,2,1
1758319200,2,1
1758322800,2,1
1758326400,2,1
1758330000,2,1
1758333600,2,1
1758510000,2,1
1758513600,2,1
1758517200,2,1
1758520800,2,1
1758524400,2,1
1758528000,2,1
1758531600,2,1
1758535200,2,1
1758538800,2,1
1758542400,2,1
1758546000,2,1
1758549600,2,1
1758553200,2,1
1758556800,2,1
1758560400,2,1
1758564000,2,1
1758567600,2,1
1758571200,2,1
1758574800,2,1
1758578400,2,1
1758582000,2,1
1758585600,2,1
1758589200,2,1
1758592800,2,1
1758596400,2,1
1758600000,2,1
1758603600,2,1
1758607200,2,1
1758610800,2,1
1758614400,2,1
1758618000,2,1
1758621600,2,1
1758625200,2,1
1758628800,2,1
1758632400,2,1
1758636000,2,1
1758639600,2,1
1758643200,2,1
1758646800,2,1
1758650400,2,1
1758654000,2,1
1758657600,2,1
1758661200,2,1
1758664800,2,1
1758668400,2,1
1758672000,2,1
1758675600,2,1
1758679200,2,1
1758682800,2,1
1758686400,2,1
1758690000,2,1
1758693600,2,1
1758697200,2,1
1758700800,2,1
1758704400,2,1
1758708000,2,1
1758711600,2,1
1758715200,2,1
1758718800,2,1
1758722400,2,1
1758726000,2,1
1758729600,2,1
1758733200,2,1
1758736800,2,1
1758740400,2,1
1758744000,2,1
1758747600,2,1
1758751200,2,1
1758754800,2,1
1758758400,2,1
1758762000,2,1
1758765600,2,1
1758769200,2,1
1758772800,2,1
1758776400,2,1
1758780000,2,1
1758783600,2,1
1758787200,2,1
1758790800,2,1
1758794400,2,1
1758798000,2,1
1758801600,2,1
1758805200,2,1
1758808800,2,1
1758812400,2,1
1758816000,2,1
1758819600,2,1
1758823200,2,1
1758826800,2,1
1758830400,2,1
1758834000,2,1
1758837600,2,1
1758841200,2,1
1758844800,2,1
1758848400,2,1
1758852000,2,1
1758855600,2,1
1758859200,2,1
1758862800,2,1
1758866400,2,1
1758870000,2,1
1758873600,2,1
1758877200,2,1
1758880800,2,1
1758884400,2,1
1758888000,2,1
1758891600,2,1
1758895200,2,1
1758898800,2,1
1758902400,2,1
1758906000,2,1
1758909600,2,1
1758913200,2,1
1758916800,2,1
1758920400,2,1
1758924000,2,1
1758927600,2,1
1758931200,2,1
1758934800,2,1
1758938400,2,1
1759114800,2,1
1759118400,2,1
1759122000,2,1
1759125600,2,1
1759129200,2,1
1759132800,2,1
1759136400,2,1
1759140000,2,1
1759143600,2,1
1759147200,2,1
1759150800,2,1
1759154400,2,1
1759158000,2,1
1759161600,2,1
1759165200,2,1
1759168800,2,1
1759172400,2,1
1759176000,2,1
1759179600,2,1
1759183200,2,1
1759186800,2,1
1759190400,2,1
1759194000,2,1
1759197600,2,1
1759201200,2,1
1759204800,2,1
1759208400,2,1
1759212000,2,1
1759215600,2,1
1759219200,2,1
1759222800,2,1
1759226400,2,1
1759230000,2,1
1759233600,2,1
1759237200,2,1
1759240800,2,1
1759244400,2,1
1759248000,2,1
1759251600,2,1
1759255200,2,1
1759258800,2,1
1759262400,2,1
1759266000,2,1
1759269600,2,1
1759273200,2,1
1759276800,2,1
1759280400,2,1
1759284000,2,1
1759287600,2,1
1759291200,2,1
1759294800,2,1
1759298400,2,1
1759302000,2,1
1759305600,2,1
1759309200,2,1
1759312800,2,1
1759316400,2,1
1759320000,2,1
1759323600,2,1
1759327200,2,1
1759330800,2,1
1759334400,2,1
1759338000,2,1
1759341600,2,1
1759345200,2,1
1759348800,2,1
1759352400,2,1
1759356000,2,1
1759359600,2,1
1759363200,2,1
1759366800,2,1
1759370400,2,1
1759374000,2,1
1759377600,2,1
1759381200,2,1
1759384800,2,1
1759388400,2,1
1759392000,2,1
1759395600,2,1
1759399200,2,1
1759402800,2,1
1759406400,2,1
1759410000,2,1
1759413600,2,1
1759417200,2,1
1759420800,2,1
1759424400,2,1
1759428000,2,1
1759431600,2,1
1759435200,2,1
1759438800,2,1
1759442400,2,1
1759446000,2,1
1759449600,2,1
1759453200,2,1
1759456800,2,1
1759460400,2,1
1759464000,2,1
1759467600,2,1
1759471200,2,1
1759474800,2,1
1759478400,2,1
1759482000,2,1
1759485600,2,1
1759489200,2,1
1759492800,2,1
1759496400,2,1
1759500000,2,1
1759503600,2,1
1759507200,2,1
1759510800,2,1
1759514400,2,1
1759518000,2,1
1759521600,2,1
1759525200,2,1
1759528800,2,1
1759532400,2,1
1759536000,2,1
1759539600,2,1
1759543200,2,1
1759719600,2,1
1759723200,2,1
1759726800,2,1
1759730400,2,1
1759734000,2,1
1759737600,2,1
1759741200,2,1
1759744800,2,1
1759748400,2,1
1759752000,2,1
1759755600,2,1
1759759200,2,1
1759762800,2,1
1759766400,2,1
1759770000,2,1
1759773600,2,1
1759777200,2,1
1759780800,2,1
1759784400,2,1
1759788000,2,1
1759791600,2,1
1759795200,2,1
1759798800,2,1
1759802400,2,1
1759806000,2,1
1759809600,2,1
1759813200,2,1
1759816800,2,1
1759820400,2,1
1759824000,2,1
1759827600,2,1
1759831200,2,1
1759834800,2,1
1759838400,2,1
1759842000,2,1
1759845600,2,1
1759849200,2,1
1759852800,2,1
1759856400,2,1
1759860000,2,1
1759863600,2,1
1759867200,2,1
1759870800,2,1
1759874400,2,1
1759878000,2,1
1759881600,2,1
1759885200,2,1
1759888800,2,1
1759892400,2,1
1759896000,2,1
1759899600,2,1
1759903200,2,1
1759906800,2,1
1759910400,2,1
1759914000,2,1
1759917600,2,1
1759921200,2,1
1759924800,2,1
1759928400,2,1
1759932000,2,1
1759935600,2,1
1759939200,2,1
1759942800,2,1
1759946400,2,1
1759950000,2,1
1759953600,2,1
1759957200,2,1
1759960800,2,1
1759964400,2,1
1759968000,2,1
1759971600,2,1
1759975200,2,1
1759978800,2,1
1759982400,2,1
1759986000,2,1
1759989600,2,1
1759993200,2,1
1759996800,2,1
1760000400,2,1
1760004000,2,1
1760007600,2,1
1760011200,2,1
1760014800,2,1
1760018400,2,1
1760022000,2,1
1760025600,2,1
1760029200,2,1
1760032800,2,1
1760036400,2,1
1760040000,2,1
1760043600,2,1
1760047200,2,1
1760050800,2,1
1760054400,2,1
1760058000,2,1
1760061600,2,1
1760065200,2,1
1760068800,2,1
1760072400,2,1
1760076000,2,1
1760079600,2,1
1760083200,2,1
1760086800,2,1
1760090400,2,1
1760094000,2,1
1760097600,2,1
1760101200,2,1
1760104800,2,1
1760108400,2,1
1760112000,2,1
1760115600,2,1
1760119200,2,1
1760122800,2,1
1760126400,2,1
1760130000,2,1
1760133600,2,1
1760137200,2,1
1760140800,2,1
1760144400,2,1
1760148000,2,1
1760324400,1,1
1760328000,1,1
1760331600,1,1
1760335200,1,1
1760338800,1,1
1760342400,1,1
1760346000,1,1
1760349600,1,1
1760353200,1,1
1760356800,1,1
1760360400,1,1
1760364000,1,1
1760367600,1,1
1760371200,1,1
1760374800,1,1
1760378400,1,1
1760382000,1,1
1760385600,1,1
1760389200,1,1
1760392800,1,1
1760396400,1,1
1760400000,1,1
1760403600,1,1
1760407200,1,1
1760410800,1,1
1760414400,1,1
1760418000,1,1
1760421600,1,1
1760425200,1,1
1760428800,1,1
1760432400,1,1
1760436000,1,1
1760439600,1,1
1760443200,1,1
1760446800,1,1
1760450400,1,1
1760454000,1,1
1760457600,1,1
1760461200,1,1
1760464800,1,1
1760468400,1,1
1760472000,1,1
1760475600,1,1
1760479200,1,1
1760482800,1,1
1760486400,1,1
1760490000,1,1
1760493600,1,1
1760497200,1,1
1760500800,1,1
1760504400,1,1
1760508000,1,1
1760511600,1,1
1760515200,1,1
1760518800,1,1
1760522400,1,1
1760526000,1,1
1760529600,1,1
1760533200,1,1
1760536800,1,1
1760540400,1,1
1760544000,1,1
1760547600,1,1
1760551200,1,1
1760554800,1,1
1760558400,1,1
1760562000,1,1
1760565600,1,1
1760569200,1,1
1760572800,1,1
1760576400,1,1
1760580000,1,1
1760583600,1,1
1760587200,1,1
1760590800,1,1
1760594400,1,1
1760598000,1,1
1760601600,1,1
1760605200,1,1
1760608800,1,1
1760612400,1,1
1760616000,1,1
1760619600,1,1
1760623200,1,1
1760626800,1,1
1760630400,1,1
1760634000,1,1
1760637600,1,1
1760641200,1,1
1760644800,1,1
1760648400,1,1
1760652000,1,1
1760655600,1,1
1760659200,1,1
1760662800,1,1
1760666400,1,1
1760670000,1,1
1760673600,1,1
1760677200,1,1
1760680800,1,1
1760684400,1,1
1760688000,1,1
1760691600,1,1
1760695200,1,1
1760698800,1,1
1760702400,1,1
1760706000,1,1
1760709600,1,1
1760713200,1,1
1760716800,1,1
1760720400,1,1
1760724000,1,1
1760727600,1,1
1760731200,1,1
1760734800,1,1
1760738400,1,1
1760742000,1,1
1760745600,1,1
1760749200,1,1
1760752800,1,1
1760929200,1,1
1760932800,1,1
1760936400,1,1
1760940000,1,1
1760943600,1,1
1760947200,1,1
1760950800,1,1
1760954400,1,1
1760958000,1,1
1760961600,1,1
1760965200,1,1
1760968800,1,1
1760972400,1,1
1760976000,1,1
1760979600,1,1
1760983200,1,1
1760986800,1,1
1760990400,1,1
1760994000,1,1
1760997600,1,1
1761001200,1,1
1761004800,1,1
1761008400,1,1
1761012000,1,1
1761015600,1,1
1761019200,1,1
1761022800,1,1
1761026400,1,1
1761030000,1,1
1761033600,1,1
1761037200,1,1
1761040800,1,1
1761044400,1,1
1761048000,1,1
1761051600,1,1
1761055200,1,1
1761058800,1,1
1761062400,1,1
1761066000,1,1
1761069600,1,1
1761073200,1,1
1761076800,1,1
1761080400,1,1
1761084000,1,1
1761087600,1,1
1761091200,1,1
1761094800,1,1
1761098400,1,1
1761102000,3,0
1761105600,3,0
1761109200,3,0
1761112800,3,0
1761116400,3,0
1761120000,3,0
1761123600,3,0
1761127200,3,0
1761130800,3,0
1761134400,3,0
1761138000,3,0
1761141600,3,0
1761145200,3,0
1761148800,3,0
1761152400,3,0
1761156000,3,0
1761159600,3,0
1761163200,3,0
1761166800,3,0
1761170400,3,0
1761174000,3,0
1761177600,3,0
1761181200,3,0
1761184800,3,0
1761188400,3,0
1761192000,3,0
1761195600,3,0
1761199200,3,0
1761202800,3,0
1761206400,3,0
1761210000,3,0
1761213600,3,0
1761217200,3,0
1761220800,3,0
1761224400,3,0
1761228000,3,0
1761231600,3,0
1761235200,3,0
1761238800,3,0
1761242400,3,0
1761246000,3,0
1761249600,3,0
1761253200,3,0
1761256800,3,0
1761260400,3,0
1761264000,3,0
1761267600,3,0
1761271200,3,0
1761274800,3,0
1761278400,3,0
1761282000,3,0
1761285600,3,0
1761289200,3,0
1761292800,3,0
1761296400,3,0
1761300000,3,0
1761303600,3,0
1761307200,3,0
1761310800,3,0
1761314400,3,0
1761318000,3,0
1761321600,3,0
1761325200,3,0
1761328800,3,0
1761332400,3,0
1761336000,3,0
1761339600,3,0
1761343200,3,0
1761346800,3,0
1761350400,3,0
1761354000,3,0
1761357600,3,0
1761534000,3,0
1761537600,3,0
1761541200,3,0
1761544800,3,0
1761548400,3,0
1761552000,3,0
1761555600,3,0
1761559200,3,0
1761562800,3,0
1761566400,3,0
1761570000,3,0
1761573600,3,0
1761577200,3,0
1761580800,3,0
1761584400,3,0
1761588000,3,0
1761591600,3,0
1761595200,3,0
1761598800,3,0
1761602400,3,0
1761606000,3,0
1761609600,3,0
1761613200,3,0
1761616800,3,0
1761620400,3,0
1761624000,3,0
1761627600,3,0
1761631200,3,0
1761634800,3,0
1761638400,3,0
1761642000,3,0
1761645600,3,0
1761649200,3,0
1761652800,3,0
1761656400,3,0
1761660000,3,0
1761663600,3,0
1761667200,3,0
1761670800,3,0
1761674400,3,0
1761678000,3,0
1761681600,3,0
1761685200,3,0
1761688800,3,0
1761692400,3,0
1761696000,3,0
1761699600,3,0
1761703200,3,0
1761706800,3,0
1761710400,3,0
1761714000,3,0
1761717600,3,0
1761721200,3,0
1761724800,3,0
1761728400,3,0
1761732000,3,0
1761735600,3,0
1761739200,3,0
1761742800,3,0
1761746400,3,0
1761750000,3,0
1761753600,3,0
1761757200,3,0
1761760800,3,0
1761764400,3,0
1761768000,3,0
1761771600,3,0
1761775200,3,0
1761778800,3,0
1761782400,3,0
1761786000,3,0
1761789600,3,0
1761793200,3,0
1761796800,3,0
1761800400,3,0
1761804000,3,0
1761807600,3,0
1761811200,3,0
1761814800,3,0
1761818400,3,0
1761822000,3,0
1761825600,3,0
1761829200,3,0
1761832800,3,0
1761836400,3,0
1761840000,3,0
1761843600,3,0
1761847200,3,0
1761850800,3,0
1761854400,3,0
1761858000,3,0
1761861600,3,0
1761865200,3,0
1761868800,3,0
1761872400,3,0
1761876000,3,0
1761879600,3,0
1761883200,3,0
1761886800,3,0
1761890400,3,0
1761894000,3,0
1761897600,3,0
1761901200,3,0
1761904800,3,0
1761908400,3,0
1761912000,3,0
1761915600,3,0
1761919200,3,0
1761922800,3,0
1761926400,3,0
1761930000,3,0
1761933600,3,0
1761937200,3,0
1761940800,3,0
1761944400,3,0
1761948000,3,0
1761951600,3,0
1761955200,3,0
1761958800,3,0
1761962400,3,0
1762138800,3,0
1762142400,3,0
1762146000,3,0
1762149600,3,0
1762153200,3,0
1762156800,3,0
1762160400,3,0
1762164000,3,0
1762167600,3,0
1762171200,3,0
1762174800,3,0
1762178400,3,0
1762182000,3,0
1762185600,3,0
1762189200,3,0
1762192800,3,0
1762196400,3,0
1762200000,3,0
1762203600,3,0
1762207200,3,0
1762210800,3,0
1762214400,3,0
1762218000,3,0
1762221600,3,0
1762225200,3,0
1762228800,3,0
1762232400,3,0
1762236000,3,0
1762239600,3,0
1762243200,3,0
1762246800,3,0
1762250400,3,0
1762254000,3,0
1762257600,3,0
1762261200,3,0
1762264800,3,0
1762268400,3,0
1762272000,3,0
1762275600,3,0
1762279200,3,0
1762282800,3,0
1762286400,3,0
1762290000,3,0
1762293600,3,0
1762297200,3,0
1762300800,3,0
1762304400,3,0
1762308000,3,0
1762311600,3,0
1762315200,3,0
1762318800,3,0
1762322400,3,0
1762326000,3,0
1762329600,3,0
1762333200,3,0
1762336800,3,0
1762340400,3,0
1762344000,3,0
1762347600,3,0
1762351200,3,0
1762354800,3,0
1762358400,3,0
1762362000,3,0
1762365600,3,0
1762369200,3,0
1762372800,3,0
1762376400,3,0
1762380000,3,0
1762383600,3,0
1762387200,3,0
1762390800,3,0
1762394400,3,0
1762398000,3,0
1762401600,3,0
1762405200,3,0
1762408800,3,0
1762412400,3,0
1762416000,3,0
1762419600,3,0
1762423200,3,0
1762426800,3,0
1762430400,3,0
1762434000,3,0
1762437600,3,0
1762441200,3,0
1762444800,3,0
1762448400,3,0
1762452000,3,0
1762455600,3,0
1762459200,3,0
1762462800,3,0
1762466400,3,0
1762470000,3,0
1762473600,3,0
1762477200,3,0
1762480800,3,0
1762484400,3,0
1762488000,3,0
1762491600,3,0
1762495200,3,0
1762498800,3,0
1762502400,3,0
1762506000,3,0
1762509600,3,0
1762513200,3,0
1762516800,3,0
1762520400,3,0
1762524000,3,0
1762527600,3,0
1762531200,3,0
1762534800,3,0
1762538400,3,0
1762542000,3,0
1762545600,3,0
1762549200,3,0
1762552800,3,0
1762556400,3,0
1762560000,3,0
1762563600,3,0
1762567200,3,0
1762743600,3,0
1762747200,3,0
1762750800,3,0
1762754400,3,0
1762758000,3,0
1762761600,3,0
1762765200,3,0
1762768800,3,0
1762772400,3,0
1762776000,3,0
1762779600,3,0
1762783200,3,0
1762786800,3,0
1762790400,3,0
1762794000,3,0
1762797600,3,0
1762801200,3,0
1762804800,3,0
1762808400,3,0
1762812000,3,0
1762815600,3,0
1762819200,3,0
1762822800,3,0
1762826400,3,0
1762830000,3,0
1762833600,3,0
1762837200,3,0
1762840800,3,0
1762844400,3,0
1762848000,3,0
1762851600,3,0
1762855200,3,0
1762858800,3,0
1762862400,3,0
1762866000,3,0
1762869600,3,0
1762873200,3,0
1762876800,3,0
1762880400,3,0
1762884000,3,0
1762887600,3,0
1762891200,3,0
1762894800,3,0
1762898400,3,0
1762902000,3,0
1762905600,3,0
1762909200,3,0
1762912800,3,0
1762916400,3,0
1762920000,3,0
1762923600,3,0
1762927200,3,0
1762930800,3,0
1762934400,3,0
1762938000,3,0
1762941600,3,0
1762945200,3,0
1762948800,3,0
1762952400,3,0
1762956000,3,0
1762959600,3,0
1762963200,3,0
1762966800,3,0
1762970400,3,0
1762974000,3,0
1762977600,3,0
1762981200,3,0
1762984800,3,0
1762988400,3,0
1762992000,3,0
1762995600,3,0
1762999200,3,0
1763002800,3,0
1763006400,3,0
1763010000,3,0
1763013600,3,0
1763017200,3,0
1763020800,3,0
1763024400,3,0
1763028000,3,0
1763031600,3,0
1763035200,3,0
1763038800,3,0
1763042400,3,0
1763046000,3,0
1763049600,3,0
1763053200,3,0
1763056800,3,0
1763060400,3,0
1763064000,3,0
1763067600,3,0
1763071200,3,0
1763074800,3,0
1763078400,3,0
1763082000,3,0
1763085600,3,0
1763089200,3,0
1763092800,3,0
1763096400,3,0
1763100000,3,0
1763103600,3,0
1763107200,3,0
1763110800,3,0
1763114400,3,0
1763118000,3,0
1763121600,3,0
1763125200,3,0
1763128800,3,0
1763132400,3,0
1763136000,3,0
1763139600,3,0
1763143200,3,0
1763146800,3,0
1763150400,3,0
1763154000,3,0
1763157600,3,0
1763161200,3,0
1763164800,3,0
1763168400,3,0
1763172000,3,0
1763348400,3,0
1763352000,3,0
1763355600,3,0
1763359200,3,0
1763362800,3,0
1763366400,3,0
1763370000,3,0
1763373600,3,0
1763377200,3,0
1763380800,3,0
1763384400,3,0
1763388000,3,0
1763391600,3,0
1763395200,3,0
1763398800,3,0
1763402400,3,0
1763406000,3,0
1763409600,3,0
1763413200,3,0
1763416800,3,0
1763420400,3,0
1763424000,3,0
1763427600,3,0
1763431200,3,0
1763434800,3,0
1763438400,3,0
1763442000,3,0
1763445600,3,0
1763449200,3,0
1763452800,3,0
1763456400,3,0
1763460000,3,0
1763463600,3,0
1763467200,3,0
1763470800,3,0
1763474400,3,0
1763478000,3,0
1763481600,3,0
1763485200,3,0
1763488800,3,0
1763492400,3,0
1763496000,3,0
1763499600,3,0
1763503200,3,0
1763506800,3,0
1763510400,3,0
1763514000,3,0
1763517600,3,0
1763521200,3,0
1763524800,3,0
1763528400,3,0
1763532000,3,0
1763535600,3,0
1763539200,3,0
1763542800,3,0
1763546400,3,0
1763550000,3,0
1763553600,3,0
1763557200,3,0
1763560800,3,0
1763564400,3,0
1763568000,3,0
1763571600,3,0
1763575200,3,0
1763578800,3,0
1763582400,3,0
1763586000,3,0
1763589600,3,0
1763593200,3,0
1763596800,3,0
1763600400,3,0
1763604000,3,0
1763607600,3,0
1763611200,3,0
1763614800,3,0
1763618400,3,0
1763622000,3,0
1763625600,3,0
1763629200,3,0
1763632800,3,0
1763636400,3,0
1763640000,3,0
1763643600,3,0
1763647200,3,0
1763650800,3,0
1763654400,3,0
1763658000,3,0
1763661600,3,0
1763665200,3,0
1763668800,3,0
1763672400,3,0
1763676000,3,0
1763679600,3,0
1763683200,3,0
1763686800,3,0
1763690400,3,0
1763694000,2,1
1763697600,2,1
1763701200,2,1
1763704800,2,1
1763708400,2,1
1763712000,2,1
1763715600,2,1
1763719200,2,1
1763722800,2,1
1763726400,2,1
1763730000,2,1
1763733600,2,1
1763737200,2,1
1763740800,2,1
1763744400,2,1
1763748000,2,1
1763751600,2,1
1763755200,2,1
1763758800,2,1
1763762400,2,1
1763766000,2,1
1763769600,2,1
1763773200,2,1
1763776800,2,1
1763953200,2,1
1763956800,2,1
1763960400,2,1
1763964000,2,1
1763967600,2,1
1763971200,2,1
1763974800,2,1
1763978400,2,1
1763982000,2,1
1763985600,2,1
1763989200,2,1
1763992800,2,1
1763996400,2,1
1764000000,2,1
1764003600,2,1
1764007200,2,1
1764010800,2,1
1764014400,2,1
1764018000,2,1
1764021600,2,1
1764025200,2,1
1764028800,2,1
1764032400,2,1
1764036000,2,1
1764039600,2,1
1764043200,2,1
1764046800,2,1
1764050400,2,1
1764054000,2,1
1764057600,2,1
1764061200,2,1
1764064800,2,1
1764068400,2,1
1764072000,2,1
1764075600,2,1
1764079200,2,1
1764082800,2,1
1764086400,2,1
1764090000,2,1
1764093600,2,1
1764097200,2,1
1764100800,2,1
1764104400,2,1
1764108000,2,1
1764111600,2,1
1764115200,2,1
1764118800,2,1
1764122400,2,1
1764126000,2,1
1764129600,2,1
1764133200,2,1
1764136800,2,1
1764140400,2,1
1764144000,2,1
1764147600,2,1
1764151200,2,1
1764154800,2,1
1764158400,2,1
1764162000,2,1
1764165600,2,1
1764169200,2,1
1764172800,2,1
1764176400,2,1
1764180000,2,1
1764183600,2,1
1764187200,2,1
1764190800,2,1
1764194400,2,1
1764198000,2,1
1764201600,2,1
1764205200,2,1
1764208800,2,1
1764298800,2,1
1764302400,2,1
1764306000,2,1
1764309600,2,1
1764313200,2,1
1764316800,2,1
1764320400,2,1
1764324000,2,1
1764327600,2,1
1764331200,2,1
1764334800,2,1
1764338400,2,1
1764342000,2,1
1764345600,2,1
1764349200,2,1
1764352800,2,1
1764356400,2,1
1764360000,2,1
1764363600,2,1
1764367200,2,1
1764370800,2,1
1764374400,2,1
1764378000,2,1
1764381600,2,1
1764558000,2,1
1764561600,2,1
1764565200,2,1
1764568800,2,1
1764572400,2,1
1764576000,2,1
1764579600,2,1
1764583200,2,1
1764586800,2,1
1764590400,2,1
1764594000,2,1
1764597600,2,1
1764601200,2,1
1764604800,2,1
1764608400,2,1
1764612000,2,1
1764615600,2,1
1764619200,2,1
1764622800,2,1
1764626400,2,1
1764630000,2,1
1764633600,2,1
1764637200,2,1
1764640800,2,1
1764644400,2,1
1764648000,2,1
1764651600,2,1
1764655200,2,1
1764658800,2,1
1764662400,2,1
1764666000,2,1
1764669600,2,1
1764673200,2,1
1764676800,2,1
1764680400,2,1
1764684000,2,1
1764687600,2,1
1764691200,2,1
1764694800,2,1
1764698400,2,1
1764702000,2,1
1764705600,2,1
1764709200,2,1
1764712800,2,1
1764716400,2,1
1764720000,2,1
1764723600,2,1
1764727200,2,1
1764730800,2,1
1764734400,2,1
1764738000,2,1
1764741600,2,1
1764745200,2,1
1764748800,2,1
1764752400,2,1
1764756000,2,1
1764759600,2,1
1764763200,2,1
1764766800,2,1
1764770400,2,1
1764774000,2,1
1764777600,2,1
1764781200,2,1
1764784800,2,1
1764788400,2,1
1764792000,2,1
1764795600,2,1
1764799200,2,1
1764802800,2,1
1764806400,2,1
1764810000,2,1
1764813600,2,1
1764817200,2,1
1764820800,2,1
1764824400,2,1
1764828000,2,1
1764831600,2,1
1764835200,2,1
1764838800,2,1
1764842400,2,1
1764846000,2,1
1764849600,2,1
1764853200,2,1
1764856800,2,1
1764860400,2,1
1764864000,2,1
1764867600,2,1
1764871200,2,1
1764874800,2,1
1764878400,2,1
1764882000,2,1
1764885600,2,1
1764889200,2,1
1764892800,2,1
1764896400,2,1
1764900000,2,1
1764903600,2,1
1764907200,2,1
1764910800,2,1
1764914400,2,1
1764918000,2,1
1764921600,2,1
1764925200,2,1
1764928800,2,1
1764932400,2,1
1764936000,2,1
1764939600,2,1
1764943200,2,1
1764946800,2,1
1764950400,2,1
1764954000,2,1
1764957600,2,1
1764961200,2,1
1764964800,2,1
1764968400,2,1
1764972000,2,1
1764975600,2,1
1764979200,2,1
1764982800,2,1
1764986400,2,1
1765162800,2,1
1765166400,2,1
1765170000,2,1
1765173600,2,1
1765177200,2,1
1765180800,2,1
1765184400,2,1
1765188000,2,1
1765191600,2,1
1765195200,2,1
1765198800,2,1
1765202400,2,1
1765206000,2,1
1765209600,2,1
1765213200,2,1
1765216800,2,1
1765220400,2,1
1765224000,2,1
1765227600,2,1
1765231200,2,1
1765234800,2,1
1765238400,2,1
1765242000,2,1
1765245600,2,1
1765249200,2,1
1765252800,2,1
1765256400,2,1
1765260000,2,1
1765263600,2,1
1765267200,2,1
1765270800,2,1
1765274400,2,1
1765278000,2,1
1765281600,2,1
1765285200,2,1
1765288800,2,1
1765292400,2,1
1765296000,2,1
1765299600,2,1
1765303200,2,1
1765306800,2,1
1765310400,2,1
1765314000,2,1
1765317600,2,1
1765321200,2,1
1765324800,2,1
1765328400,2,1
1765332000,2,1
1765335600,2,1
1765339200,2,1
1765342800,2,1
1765346400,2,1
1765350000,2,1
1765353600,2,1
1765357200,2,1
1765360800,2,1
1765364400,2,1
1765368000,2,1
1765371600,2,1
1765375200,2,1
1765378800,2,1
1765382400,2,1
1765386000,2,1
1765389600,2,1
1765393200,2,1
1765396800,2,1
1765400400,2,1
1765404000,2,1
1765407600,2,1
1765411200,2,1
1765414800,2,1
1765418400,2,1
1765422000,2,1
1765425600,2,1
1765429200,2,1
1765432800,2,1
1765436400,2,1
1765440000,2,1
1765443600,2,1
1765447200,2,1
1765450800,2,1
1765454400,2,1
1765458000,2,1
1765461600,2,1
1765465200,2,1
1765468800,2,1
1765472400,2,1
1765476000,2,1
1765479600,2,1
1765483200,2,1
1765486800,2,1
1765490400,2,1
1765494000,2,1
1765497600,2,1
1765501200,2,1
1765504800,2,1
1765508400,2,1
1765512000,2,1
1765515600,2,1
1765519200,2,1
1765522800,2,1
1765526400,2,1
1765530000,2,1
1765533600,2,1
1765537200,2,1
1765540800,2,1
1765544400,2,1
1765548000,2,1
1765551600,2,1
1765555200,2,1
1765558800,2,1
1765562400,2,1
1765566000,2,1
1765569600,2,1
1765573200,2,1
1765576800,2,1
1765580400,2,1
1765584000,2,1
1765587600,2,1
1765591200,2,1
1765767600,2,1
1765771200,2,1
1765774800,2,1
1765778400,2,1
1765782000,2,1
1765785600,2,1
1765789200,2,1
1765792800,2,1
1765796400,2,1
1765800000,2,1
1765803600,2,1
1765807200,2,1
1765810800,2,1
1765814400,2,1
1765818000,2,1
1765821600,2,1
1765825200,2,1
1765828800,2,1
1765832400,2,1
1765836000,2,1
1765839600,2,1
1765843200,2,1
1765846800,2,1
1765850400,2,1
1765854000,2,1
1765857600,2,1
1765861200,2,1
1765864800,2,1
1765868400,2,1
1765872000,2,1
1765875600,2,1
1765879200,2,1
1765882800,2,1
1765886400,2,1
1765890000,2,1
1765893600,2,1
1765897200,2,1
1765900800,2,1
1765904400,2,1
1765908000,2,1
1765911600,2,1
1765915200,2,1
1765918800,2,1
1765922400,2,1
1765926000,2,1
1765929600,2,1
1765933200,2,1
1765936800,2,1
1765940400,2,1
1765944000,2,1
1765947600,2,1
1765951200,2,1
1765954800,2,1
1765958400,2,1
1765962000,2,1
1765965600,2,1
1765969200,2,1
1765972800,2,1
1765976400,2,1
1765980000,2,1
1765983600,2,1
1765987200,2,1
1765990800,2,1
1765994400,2,1
1765998000,2,1
1766001600,2,1
1766005200,2,1
1766008800,2,1
1766012400,2,1
1766016000,2,1
1766019600,2,1
1766023200,2,1
1766026800,2,1
1766030400,2,1
1766034000,2,1
1766037600,2,1
1766041200,2,1
1766044800,2,1
1766048400,2,1
1766052000,2,1
1766055600,2,1
1766059200,2,1
1766062800,2,1
1766066400,2,1
1766070000,2,1
1766073600,2,1
1766077200,2,1
1766080800,2,1
1766084400,2,1
1766088000,2,1
1766091600,2,1
1766095200,2,1
1766098800,2,1
1766102400,2,1
1766106000,2,1
1766109600,2,1
1766113200,2,1
1766116800,2,1
1766120400,2,1
1766124000,2,1
1766127600,2,1
1766131200,2,1
1766134800,2,1
1766138400,2,1
1766142000,2,1
1766145600,2,1
1766149200,2,1
1766152800,2,1
1766156400,2,1
1766160000,2,1
1766163600,2,1
1766167200,2,1
1766170800,2,1
1766174400,2,1
1766178000,2,1
1766181600,2,1
1766185200,2,1
1766188800,2,1
1766192400,2,1
1766196000,2,1
1766372400,2,1
1766376000,2,1
1766379600,2,1
1766383200,2,1
1766386800,2,1
1766390400,2,1
1766394000,2,1
1766397600,2,1
1766401200,2,1
1766404800,2,1
1766408400,2,1
1766412000,2,1
1766415600,2,1
1766419200,2,1
1766422800,2,1
1766426400,2,1
1766430000,2,1
1766433600,2,1
1766437200,2,1
1766440800,2,1
1766444400,2,1
1766448000,2,1
1766451600,2,1
1766455200,2,1
1766458800,2,1
1766462400,2,1
1766466000,2,1
1766469600,2,1
1766473200,2,1
1766476800,2,1
1766480400,2,1
1766484000,2,1
1766487600,2,1
1766491200,2,1
1766494800,2,1
1766498400,2,1
1766502000,2,1
1766505600,2,1
1766509200,2,1
1766512800,2,1
1766516400,2,1
1766520000,2,1
1766523600,2,1
1766527200,2,1
1766530800,2,1
1766534400,2,1
1766538000,2,1
1766541600,2,1
1766545200,2,1
1766548800,2,1
1766552400,2,1
1766556000,2,1
1766559600,2,1
1766563200,2,1
1766566800,2,1
1766570400,2,1
1766574000,2,1
1766577600,2,1
1766581200,2,1
1766584800,2,1
1766588400,2,1
1766592000,2,1
1766595600,2,1
1766599200,2,1
1766602800,2,1
1766606400,2,1
1766610000,2,1
1766613600,2,1
1766617200,2,1
1766620800,2,1
1766624400,2,1
1766628000,2,1
1766718000,2,1
1766721600,2,1
1766725200,2,1
1766728800,2,1
1766732400,2,1
1766736000,2,1
1766739600,2,1
1766743200,2,1
1766746800,2,1
1766750400,2,1
1766754000,2,1
1766757600,2,1
1766761200,2,1
1766764800,2,1
1766768400,2,1
1766772000,2,1
1766775600,2,1
1766779200,2,1
1766782800,2,1
1766786400,2,1
1766790000,2,1
1766793600,2,1
1766797200,2,1
1766800800,2,1
1766977200,2,1
1766980800,2,1
1766984400,2,1
1766988000,2,1
1766991600,2,1
1766995200,2,1
1766998800,2,1
1767002400,2,1
1767006000,2,1
1767009600,2,1
1767013200,2,1
1767016800,2,1
1767020400,2,1
1767024000,2,1
1767027600,2,1
1767031200,2,1
1767034800,2,1
1767038400,2,1
1767042000,2,1
1767045600,2,1
1767049200,2,1
1767052800,2,1
1767056400,2,1
1767060000,2,1
1767063600,2,1
1767067200,2,1
1767070800,2,1
1767074400,2,1
1767078000,2,1
1767081600,2,1
1767085200,2,1
1767088800,2,1
1767092400,2,1
1767096000,2,1
1767099600,2,1
1767103200,2,1
1767106800,2,1
1767110400,2,1
1767114000,2,1
1767117600,2,1
1767121200,2,1
1767124800,2,1
1767128400,2,1
1767132000,2,1
1767135600,2,1
1767139200,2,1
1767142800,2,1
1767146400,2,1
1767150000,2,1
1767153600,2,1
1767157200,2,1
1767160800,2,1
1767164400,2,1
1767168000,2,1
1767171600,2,1
1767175200,2,1
1767178800,2,1
1767182400,2,1
1767186000,2,1
1767189600,2,1
1767193200,2,1
1767196800,2,1
1767200400,2,1
1767204000,2,1
1767207600,2,1
1767211200,2,1
1767214800,2,1
1767218400,2,1
1767222000,2,1
1767225600,2,1
1767229200,2,1
1767232800,2,1
1767322800,2,1
1767326400,2,1
1767330000,2,1
1767333600,2,1
1767337200,2,1
1767340800,2,1
1767344400,2,1
1767348000,2,1
1767351600,2,1
1767355200,2,1
1767358800,2,1
1767362400,2,1
1767366000,2,1
1767369600,2,1
1767373200,2,1
1767376800,2,1
1767380400,2,1
1767384000,2,1
1767387600,2,1
1767391200,2,1
1767394800,2,1
1767398400,2,1
1767402000,2,1
1767405600,2,1
1767582000,2,1
1767585600,2,1
1767589200,2,1
1767592800,2,1
1767596400,2,1
1767600000,2,1
1767603600,2,1
1767607200,2,1
1767610800,2,1
1767614400,2,1
1767618000,2,1
1767621600,2,1
1767625200,2,1
1767628800,2,1
1767632400,2,1
1767636000,2,1
1767639600,2,1
1767643200,2,1
1767646800,2,1
1767650400,2,1
1767654000,2,1
1767657600,2,1
1767661200,2,1
1767664800,2,1
1767668400,2,1
1767672000,2,1
1767675600,2,1
1767679200,2,1
1767682800,2,1
1767686400,2,1
1767690000,2,1
1767693600,2,1
1767697200,2,1
1767700800,2,1
1767704400,2,1
1767708000,2,1
1767711600,2,1
1767715200,2,1
1767718800,2,1
1767722400,2,1
1767726000,2,1
1767729600,2,1
1767733200,2,1
1767736800,2,1
1767740400,2,1
1767744000,2,1
1767747600,2,1
1767751200,2,1
1767754800,2,1
1767758400,2,1
1767762000,2,1
1767765600,2,1
1767769200,2,1
1767772800,2,1
1767776400,2,1
1767780000,2,1
1767783600,2,1
1767787200,2,1
1767790800,2,1
1767794400,2,1
1767798000,2,1
1767801600,2,1
1767805200,2,1
1767808800,2,1
1767812400,2,1
1767816000,2,1
1767819600,2,1
1767823200,2,1
1767826800,2,1
1767830400,2,1
1767834000,2,1
1767837600,2,1
1767841200,2,1
1767844800,2,1
1767848400,2,1
1767852000,2,1
1767855600,2,1
1767859200,2,1
1767862800,2,1
1767866400,2,1
1767870000,2,1
1767873600,2,1
1767877200,2,1
1767880800,2,1
1767884400,2,1
1767888000,2,1
1767891600,2,1
1767895200,2,1
1767898800,2,1
1767902400,2,1
1767906000,2,1
1767909600,2,1
1767913200,2,1
1767916800,2,1
1767920400,2,1
1767924000,2,1
1767927600,2,1
1767931200,2,1
1767934800,2,1
1767938400,2,1
1767942000,2,1
1767945600,2,1
1767949200,2,1
1767952800,2,1
1767956400,2,1
1767960000,2,1
1767963600,2,1
1767967200,2,1
1767970800,2,1
1767974400,2,1
1767978000,2,1
1767981600,2,1
1767985200,2,1
1767988800,2,1
1767992400,2,1
1767996000,2,1
1767999600,2,1
1768003200,2,1
1768006800,2,1
1768010400,2,1
1768186800,2,1
1768190400,2,1
1768194000,2,1
1768197600,2,1
1768201200,2,1
1768204800,2,1
1768208400,2,1
1768212000,2,1
1768215600,2,1
1768219200,2,1
1768222800,2,1
1768226400,2,1
1768230000,2,1
1768233600,2,1
1768237200,2,1
1768240800,2,1
1768244400,2,1
1768248000,2,1
1768251600,2,1
1768255200,2,1
1768258800,2,1
1768262400,2,1
1768266000,2,1
1768269600,2,1
1768273200,2,1
1768276800,2,1
1768280400,2,1
1768284000,2,1
1768287600,2,1
1768291200,2,1
1768294800,2,1
1768298400,2,1
1768302000,2,1
1768305600,2,1
1768309200,2,1
1768312800,2,1
1768316400,2,1
1768320000,2,1
1768323600,2,1
1768327200,2,1
1768330800,2,1
1768334400,2,1
1768338000,2,1
1768341600,2,1
1768345200,2,1
1768348800,2,1
1768352400,2,1
1768356000,2,1
1768359600,2,1
1768363200,2,1
1768366800,2,1
1768370400,2,1
1768374000,2,1
1768377600,2,1
1768381200,2,1
1768384800,2,1
1768388400,2,1
1768392000,2,1
1768395600,2,1
1768399200,2,1
1768402800,2,1
1768406400,2,1
1768410000,2,1
1768413600,2,1
1768417200,2,1
1768420800,2,1
1768424400,2,1
1768428000,2,1
1768431600,2,1
1768435200,2,1
1768438800,2,1
1768442400,2,1
1768446000,2,1
1768449600,2,1
1768453200,2,1
1768456800,2,1
1768460400,2,1
1768464000,2,1
1768467600,2,1
1768471200,2,1
1768474800,2,1
1768478400,2,1
1768482000,2,1
1768485600,2,1
1768489200,2,1
1768492800,2,1
1768496400,2,1
1768500000,2,1
1768503600,2,1
1768507200,2,1
1768510800,2,1
1768514400,2,1
1768518000,2,1
1768521600,2,1
1768525200,2,1
1768528800,2,1
1768532400,2,1
1768536000,2,1
1768539600,2,1
1768543200,2,1
1768546800,2,1
1768550400,2,1
1768554000,2,1
1768557600,2,1
1768561200,2,1
1768564800,2,1
1768568400,2,1
1768572000,2,1
1768575600,2,1
1768579200,2,1
1768582800,2,1
1768586400,2,1
1768590000,2,1
1768593600,2,1
1768597200,2,1
1768600800,2,1
1768604400,2,1
1768608000,2,1
1768611600,2,1
1768615200,2,1
1768878000,1,1
1768881600,1,1
1768885200,1,1
1768888800,1,1
1768892400,1,1
1768896000,1,1
1768899600,1,1
1768903200,1,1
1768906800,1,1
1768910400,1,1
1768914000,1,1
1768917600,1,1
1768921200,1,1
1768924800,1,1
1768928400,1,1
1768932000,1,1
1768935600,1,1
1768939200,1,1
1768942800,1,1
1768946400,1,1
1768950000,1,1
1768953600,1,1
1768957200,1,1
1768960800,1,1
1768964400,1,1
1768968000,1,1
1768971600,1,1
1768975200,1,1
1768978800,1,1
1768982400,1,1
1768986000,1,1
1768989600,1,1
1768993200,1,1
1768996800,1,1
1769000400,1,1
1769004000,1,1
1769007600,1,1
1769011200,1,1
1769014800,1,1
1769018400,1,1
1769022000,1,1
1769025600,1,1
1769029200,1,1
1769032800,1,1
1769036400,1,1
1769040000,1,1
1769043600,1,1
1769047200,1,1
1769050800,1,1
1769054400,1,1
1769058000,1,1
1769061600,1,1
1769065200,1,1
1769068800,1,1
1769072400,1,1
1769076000,1,1
1769079600,1,1
1769083200,1,1
1769086800,1,1
1769090400,1,1
1769094000,1,1
1769097600,1,1
1769101200,1,1
1769104800,1,1
1769108400,1,1
1769112000,1,1
1769115600,1,1
1769119200,1,1
1769122800,1,1
1769126400,1,1
1769130000,1,1
1769133600,1,1
1769137200,1,1
1769140800,1,1
1769144400,1,1
1769148000,1,1
1769151600,1,1
1769155200,1,1
1769158800,1,1
1769162400,1,1
1769166000,1,1
1769169600,1,1
1769173200,1,1
1769176800,1,1
1769180400,1,1
1769184000,1,1
1769187600,1,1
1769191200,1,1
1769194800,1,1
1769198400,1,1
1769202000,1,1
1769205600,1,1
1769209200,1,1
1769212800,1,1
1769216400,1,1
1769220000,1,1
1769396400,1,1
1769400000,1,1
1769403600,1,1
1769407200,1,1
1769410800,1,1
1769414400,1,1
1769418000,1,1
1769421600,1,1
1769425200,1,1
1769428800,1,1
1769432400,1,1
1769436000,1,1
1769439600,1,1
1769443200,1,1
1769446800,1,1
1769450400,1,1
1769454000,1,1
1769457600,1,1
1769461200,1,1
1769464800,1,1
1769468400,1,1
1769472000,1,1
1769475600,1,1
1769479200,1,1
1769482800,1,1
1769486400,1,1
1769490000,1,1
1769493600,1,1
1769497200,1,1
1769500800,1,1
1769504400,1,1
1769508000,1,1
1769511600,1,1
1769515200,1,1
1769518800,1,1
1769522400,1,1
1769526000,1,1
1769529600,1,1
1769533200,1,1
1769536800,1,1
1769540400,1,1
1769544000,1,1
1769547600,1,1
1769551200,1,1
1769554800,1,1
1769558400,1,1
1769562000,1,1
1769565600,1,1
1769569200,1,1
1769572800,1,1
1769576400,1,1
1769580000,1,1
1769583600,1,1
1769587200,1,1
1769590800,1,1
1769594400,1,1
1769598000,1,1
1769601600,1,1
1769605200,1,1
1769608800,1,1
1769612400,1,1
1769616000,1,1
1769619600,1,1
1769623200,1,1
1769626800,1,1
1769630400,1,1
1769634000,1,1
1769637600,1,1
1769641200,1,1
1769644800,1,1
1769648400,1,1
1769652000,1,1
1769655600,1,1
1769659200,1,1
1769662800,1,1
1769666400,1,1
1769670000,1,1
1769673600,1,1
1769677200,1,1
1769680800,1,1
1769684400,1,1
1769688000,1,1
1769691600,1,1
1769695200,1,1
1769698800,1,1
1769702400,1,1
1769706000,1,1
1769709600,1,1
1769713200,1,1
1769716800,1,1
1769720400,1,1
1769724000,1,1
1769727600,1,1
1769731200,1,1
1769734800,1,1
1769738400,1,1
1769742000,1,1
1769745600,1,1
1769749200,1,1
1769752800,1,1
1769756400,1,1
1769760000,1,1
1769763600,1,1
1769767200,1,1
1769770800,1,1
1769774400,1,1
1769778000,1,1
1769781600,1,1
1769785200,1,1
1769788800,1,1
1769792400,1,1
1769796000,1,1
1769799600,1,1
1769803200,1,1
1769806800,1,1
1769810400,1,1
1769814000,1,1
1769817600,1,1
1769821200,1,1
1769824800,1,1
1770001200,1,1
1770004800,1,1
1770008400,1,1
1770012000,1,1
1770015600,1,1
1770019200,1,1
1770022800,1,1
1770026400,1,1
1770030000,1,1
1770033600,1,1
1770037200,1,1
1770040800,1,1
1770044400,1,1
1770048000,1,1
1770051600,1,1
1770055200,1,1
1770058800,1,1
1770062400,1,1
1770066000,1,1
1770069600,1,1
1770073200,1,1
1770076800,1,1
1770080400,1,1
1770084000,1,1
1770087600,1,1
1770091200,1,1
1770094800,1,1
1770098400,1,1
1770102000,1,1
1770105600,1,1
1770109200,1,1
1770112800,1,1
1770116400,1,1
1770120000,1,1
1770123600,1,1
1770127200,1,1
1770130800,1,1
1770134400,1,1
1770138000,1,1
1770141600,1,1
1770145200,1,1
1770148800,1,1
1770152400,1,1
1770156000,1,1
1770159600,1,1
1770163200,1,1
1770166800,1,1
1770170400,1,1
1770174000,1,1
1770177600,1,1
1770181200,1,1
1770184800,1,1
1770188400,1,1
1770192000,1,1
1770195600,1,1
1770199200,1,1
1770202800,1,1
1770206400,1,1
1770210000,1,1
1770213600,1,1
1770217200,1,1
1770220800,1,1
1770224400,1,1
1770228000,1,1
1770231600,1,1
1770235200,1,1
1770238800,1,1
1770242400,1,1
1770246000,1,1
1770249600,1,1
1770253200,1,1
1770256800,1,1
1770260400,1,1
1770264000,1,1
1770267600,1,1
1770271200,1,1
1770274800,1,1
1770278400,1,1
1770282000,1,1
1770285600,1,1
1770289200,1,1
1770292800,1,1
1770296400,1,1
1770300000,1,1
1770303600,1,1
1770307200,1,1
1770310800,1,1
1770314400,1,1
1770318000,1,1
1770321600,1,1
1770325200,1,1
1770328800,1,1
1770332400,1,1
1770336000,1,1
1770339600,1,1
1770343200,1,1
1770346800,1,1
1770350400,1,1
1770354000,1,1
1770357600,1,1
1770361200,1,1
1770364800,1,1
1770368400,1,1
1770372000,1,1
1770375600,1,1
1770379200,1,1
1770382800,1,1
1770386400,1,1
1770390000,1,1
1770393600,1,1
1770397200,1,1
1770400800,1,1
1770404400,1,1
1770408000,1,1
1770411600,1,1
1770415200,1,1
1770418800,1,1
1770422400,1,1
1770426000,1,1
1770429600,1,1
1770606000,1,1
1770609600,1,1
1770613200,1,1
1770616800,1,1
1770620400,1,1
1770624000,1,1
1770627600,1,1
1770631200,1,1
1770634800,1,1
1770638400,1,1
1770642000,1,1
1770645600,1,1
1770649200,1,1
1770652800,1,1
1770656400,1,1
1770660000,1,1
1770663600,1,1
1770667200,1,1
1770670800,1,1
1770674400,1,1
1770678000,1,1
1770681600,1,1
1770685200,1,1
1770688800,1,1
1770692400,1,1
1770696000,1,1
1770699600,1,1
1770703200,1,1
1770706800,1,1
1770710400,1,1
1770714000,1,1
1770717600,1,1
1770721200,1,1
1770724800,1,1
1770728400,1,1
1770732000,1,1
1770735600,1,1
1770739200,1,1
1770742800,1,1
1770746400,1,1
1770750000,1,1
1770753600,1,1
1770757200,1,1
1770760800,1,1
1770764400,1,1
1770768000,1,1
1770771600,1,1
1770775200,1,1
1770778800,1,1
1770782400,1,1
1770786000,1,1
1770789600,1,1
1770793200,1,1
1770796800,1,1
1770800400,1,1
1770804000,1,1
1770807600,1,1
1770811200,1,1
1770814800,1,1
1770818400,1,1
1770822000,1,1
1770825600,1,1
1770829200,1,1
1770832800,1,1
1770836400,1,1
1770840000,1,1
1770843600,1,1
1770847200,1,1
1770850800,1,1
1770854400,1,1
1770858000,1,1
1770861600,1,1
1770865200,1,1
1770868800,1,1
1770872400,1,1
1770876000,1,1
1770879600,1,1
1770883200,1,1
1770886800,1,1
1770890400,1,1
1770894000,1,1
1770897600,1,1
1770901200,1,1
1770904800,1,1
1770908400,1,1
1770912000,1,1
1770915600,1,1
1770919200,1,1
1770922800,1,1
1770926400,1,1
1770930000,1,1
1770933600,1,1
1770937200,1,1
1770940800,1,1
1770944400,1,1
1770948000,1,1
1770951600,1,1
1770955200,1,1
1770958800,1,1
1770962400,1,1
1770966000,1,1
1770969600,1,1
1770973200,1,1
1770976800,1,1
1770980400,1,1
1770984000,1,1
1770987600,1,1
1770991200,1,1
1770994800,1,1
1770998400,1,1
1771002000,1,1
1771005600,1,1
1771009200,1,1
1771012800,1,1
1771016400,1,1
1771020000,1,1
1771023600,1,1
1771027200,1,1
1771030800,1,1
1771034400,1,1
1771297200,1,1
1771300800,1,1
1771304400,1,1
1771308000,1,1
1771311600,1,1
1771315200,1,1
1771318800,1,1
1771322400,1,1
1771326000,1,1
1771329600,1,1
1771333200,1,1
1771336800,1,1
1771340400,1,1
1771344000,1,1
1771347600,1,1
1771351200,1,1
1771354800,1,1
1771358400,1,1
1771362000,1,1
1771365600,1,1
1771369200,1,1
1771372800,1,1
1771376400,1,1
1771380000,1,1
1771383600,1,1
1771387200,1,1
1771390800,1,1
1771394400,1,1
1771398000,1,1
1771401600,1,1
1771405200,1,1
1771408800,1,1
1771412400,1,1
1771416000,1,1
1771419600,1,1
1771423200,1,1
1771426800,1,1
1771430400,1,1
1771434000,1,1
1771437600,1,1
1771441200,1,1
1771444800,1,1
1771448400,1,1
1771452000,1,1
1771455600,1,1
1771459200,1,1
1771462800,1,1
1771466400,1,1
1771470000,1,1
1771473600,1,1
1771477200,1,1
1771480800,1,1
1771484400,1,1
1771488000,1,1
1771491600,1,1
1771495200,1,1
1771498800,1,1
1771502400,1,1
1771506000,1,1
1771509600,1,1
1771513200,1,1
1771516800,1,1
1771520400,1,1
1771524000,1,1
1771527600,1,1
1771531200,1,1
1771534800,1,1
1771538400,1,1
1771542000,1,1
1771545600,1,1
1771549200,1,1
1771552800,1,1
1771556400,1,1
1771560000,1,1
1771563600,1,1
1771567200,1,1
1771570800,1,1
1771574400,1,1
1771578000,1,1
1771581600,1,1
1771585200,1,1
1771588800,1,1
1771592400,1,1
1771596000,1,1
1771599600,1,1
1771603200,1,1
1771606800,1,1
1771610400,1,1
1771614000,1,1
1771617600,1,1
1771621200,1,1
1771624800,1,1
1771628400,1,1
1771632000,1,1
1771635600,1,1
1771639200,1,1
1771815600,1,1
1771819200,1,1
1771822800,1,1
1771826400,1,1
1771830000,1,1
1771833600,1,1
1771837200,1,1
1771840800,1,1
1771844400,1,1
1771848000,1,1
1771851600,1,1
1771855200,1,1
1771858800,1,1
1771862400,1,1
1771866000,1,1
1771869600,1,1
1771873200,1,1
1771876800,1,1
1771880400,1,1
1771884000,1,1
1771887600,1,1
1771891200,1,1
1771894800,1,1
1771898400,1,1
1771902000,1,1
1771905600,1,1
1771909200,1,1
1771912800,1,1
1771916400,1,1
1771920000,1,1
1771923600,1,1
1771927200,1,1
1771930800,1,1
1771934400,1,1
1771938000,1,1
1771941600,1,1
1771945200,1,1
1771948800,1,1
1771952400,1,1
1771956000,1,1
1771959600,1,1
1771963200,1,1
1771966800,1,1
1771970400,1,1
1771974000,1,1
1771977600,1,1
1771981200,1,1
1771984800,1,1
1771988400,1,1
1771992000,1,1
1771995600,1,1
1771999200,1,1
1772002800,1,1
1772006400,1,1
1772010000,1,1
1772013600,1,1
1772017200,1,1
1772020800,1,1
1772024400,1,1
1772028000,1,1
1772031600,1,1
1772035200,1,1
1772038800,1,1
1772042400,1,1
1772046000,1,1
1772049600,1,1
1772053200,1,1
1772056800,1,1
1772060400,1,1
1772064000,1,1
1772067600,1,1
1772071200,1,1
1772074800,1,1
1772078400,1,1
1772082000,1,1
1772085600,1,1
1772089200,1,1
1772092800,1,1
1772096400,1,1
1772100000,1,1
1772103600,1,1
1772107200,1,1
1772110800,1,1
1772114400,1,1
1772118000,1,1
1772121600,1,1
1772125200,1,1
1772128800,1,1
1772132400,1,1
1772136000,1,1
1772139600,1,1
1772143200,1,1
1772146800,1,1
1772150400,1,1
1772154000,1,1
1772157600,1,1
1772161200,1,1
1772164800,1,1
1772168400,1,1
1772172000,1,1
1772175600,1,1
1772179200,1,1
1772182800,1,1
1772186400,1,1
1772190000,1,1
1772193600,1,1
1772197200,1,1
1772200800,1,1
1772204400,1,1
1772208000,1,1
1772211600,1,1
1772215200,1,1
1772218800,1,1
1772222400,1,1
1772226000,1,1
1772229600,1,1
1772233200,1,1
1772236800,1,1
1772240400,1,1
1772244000,1,1
1772420400,1,1
1772424000,1,1
1772427600,1,1
1772431200,1,1
1772434800,1,1
1772438400,1,1
1772442000,1,1
1772445600,1,1
1772449200,1,1
1772452800,1,1
1772456400,1,1
1772460000,1,1
1772463600,1,1
1772467200,1,1
1772470800,1,1
1772474400,1,1
1772478000,1,1
1772481600,1,1
1772485200,1,1
1772488800,1,1
1772492400,1,1
1772496000,1,1
1772499600,1,1
1772503200,1,1
1772506800,1,1
1772510400,1,1
1772514000,1,1
1772517600,1,1
1772521200,1,1
1772524800,1,1
1772528400,1,1
1772532000,1,1
1772535600,1,1
1772539200,1,1
1772542800,1,1
1772546400,1,1
1772550000,1,1
1772553600,1,1
1772557200,1,1
1772560800,1,1
1772564400,1,1
1772568000,1,1
1772571600,1,1
1772575200,1,1
1772578800,1,1
1772582400,1,1
1772586000,1,1
1772589600,1,1
1772593200,3,0
1772596800,3,0
1772600400,3,0
1772604000,3,0
1772607600,3,0
1772611200,3,0
1772614800,3,0
1772618400,3,0
1772622000,3,0
1772625600,3,0
1772629200,3,0
1772632800,3,0
1772636400,3,0
1772640000,3,0
1772643600,3,0
1772647200,3,0
1772650800,3,0
1772654400,3,0
1772658000,3,0
1772661600,3,0
1772665200,3,0
1772668800,3,0
1772672400,3,0
1772676000,3,0
1772679600,3,0
1772683200,3,0
1772686800,3,0
1772690400,3,0
1772694000,3,0
1772697600,3,0
1772701200,3,0
1772704800,3,0
1772708400,3,0
1772712000,3,0
1772715600,3,0
1772719200,3,0
1772722800,3,0
1772726400,3,0
1772730000,3,0
1772733600,3,0
1772737200,3,0
1772740800,3,0
1772744400,3,0
1772748000,3,0
1772751600,3,0
1772755200,3,0
1772758800,3,0
1772762400,3,0
1772766000,3,0
1772769600,3,0
1772773200,3,0
1772776800,3,0
1772780400,3,0
1772784000,3,0
1772787600,3,0
1772791200,3,0
1772794800,3,0
1772798400,3,0
1772802000,3,0
1772805600,3,0
1772809200,3,0
1772812800,3,0
1772816400,3,0
1772820000,3,0
1772823600,3,0
1772827200,3,0
1772830800,3,0
1772834400,3,0
1772838000,3,0
1772841600,3,0
1772845200,3,0
1772848800,3,0
1773025200,3,0
1773028800,3,0
1773032400,3,0
1773036000,3,0
1773039600,3,0
1773043200,3,0
1773046800,3,0
1773050400,3,0
1773054000,3,0
1773057600,3,0
1773061200,3,0
1773064800,3,0
1773068400,3,0
1773072000,3,0
1773075600,3,0
1773079200,3,0
1773082800,3,0
1773086400,3,0
1773090000,3,0
1773093600,3,0
1773097200,3,0
1773100800,3,0
1773104400,3,0
1773108000,3,0
1773111600,3,0
1773115200,3,0
1773118800,3,0
1773122400,3,0
1773126000,3,0
1773129600,3,0
1773133200,3,0
1773136800,3,0
1773140400,3,0
1773144000,3,0
1773147600,3,0
1773151200,3,0
1773154800,3,0
1773158400,3,0
1773162000,3,0
1773165600,3,0
1773169200,3,0
1773172800,3,0
1773176400,3,0
1773180000,3,0
1773183600,3,0
1773187200,3,0
1773190800,3,0
1773194400,3,0
1773198000,3,0
1773201600,3,0
1773205200,3,0
1773208800,3,0
1773212400,3,0
1773216000,3,0
1773219600,3,0
1773223200,3,0
1773226800,3,0
1773230400,3,0
1773234000,3,0
1773237600,3,0
1773241200,3,0
1773244800,3,0
1773248400,3,0
1773252000,3,0
1773255600,3,0
1773259200,3,0
1773262800,3,0
1773266400,3,0
1773270000,3,0
1773273600,3,0
1773277200,3,0
1773280800,3,0
1773284400,3,0
1773288000,3,0
1773291600,3,0
1773295200,3,0
1773298800,3,0
1773302400,3,0
1773306000,3,0
1773309600,3,0
1773313200,3,0
1773316800,3,0
1773320400,3,0
1773324000,3,0
1773327600,3,0
1773331200,3,0
1773334800,3,0
1773338400,3,0
1773342000,3,0
1773345600,3,0
1773349200,3,0
1773352800,3,0
1773356400,3,0
1773360000,3,0
1773363600,3,0
1773367200,3,0
1773370800,3,0
1773374400,3,0
1773378000,3,0
1773381600,3,0
1773385200,3,0
1773388800,3,0
1773392400,3,0
1773396000,3,0
1773399600,3,0
1773403200,3,0
1773406800,3,0
1773410400,3,0
1773414000,3,0
1773417600,3,0
1773421200,3,0
1773424800,3,0
1773428400,3,0
1773432000,3,0
1773435600,3,0
1773439200,3,0
1773442800,3,0
1773446400,3,0
1773450000,3,0
1773453600,3,0
1773630000,3,0
1773633600,3,0
1773637200,3,0
1773640800,3,0
1773644400,3,0
1773648000,3,0
1773651600,3,0
1773655200,3,0
1773658800,3,0
1773662400,3,0
1773666000,3,0
1773669600,3,0
1773673200,3,0
1773676800,3,0
1773680400,3,0
1773684000,3,0
1773687600,3,0
1773691200,3,0
1773694800,3,0
1773698400,3,0
1773702000,3,0
1773705600,3,0
1773709200,3,0
1773712800,3,0
1773716400,3,0
1773720000,3,0
1773723600,3,0
1773727200,3,0
1773730800,3,0
1773734400,3,0
1773738000,3,0
1773741600,3,0
1773745200,3,0
1773748800,3,0
1773752400,3,0
1773756000,3,0
1773759600,3,0
1773763200,3,0
1773766800,3,0
1773770400,3,0
1773774000,3,0
1773777600,3,0
1773781200,3,0
1773784800,3,0
1773788400,3,0
1773792000,3,0
1773795600,3,0
1773799200,3,0
1773802800,3,0
1773806400,3,0
1773810000,3,0
1773813600,3,0
1773817200,3,0
1773820800,3,0
1773824400,3,0
1773828000,3,0
1773831600,3,0
1773835200,3,0
1773838800,3,0
1773842400,3,0
1773846000,3,0
1773849600,3,0
1773853200,3,0
1773856800,3,0
1773860400,3,0
1773864000,3,0
1773867600,3,0
1773871200,3,0
1773874800,3,0
1773878400,3,0
1773882000,3,0
1773885600,3,0
1773889200,1,1
1773892800,1,1
1773896400,1,1
1773900000,1,1
1773903600,1,1
1773907200,1,1
1773910800,1,1
1773914400,1,1
1773918000,1,1
1773921600,1,1
1773925200,1,1
1773928800,1,1
1773932400,1,1
1773936000,1,1
1773939600,1,1
1773943200,1,1
1773946800,1,1
1773950400,1,1
1773954000,1,1
1773957600,1,1
1773961200,1,1
1773964800,1,1
1773968400,1,1
1773972000,1,1
1773975600,1,1
1773979200,1,1
1773982800,1,1
1773986400,1,1
1773990000,1,1
1773993600,1,1
1773997200,1,1
1774000800,1,1
1774004400,1,1
1774008000,1,1
1774011600,1,1
1774015200,1,1
1774018800,1,1
1774022400,1,1
1774026000,1,1
1774029600,1,1
1774033200,1,1
1774036800,1,1
1774040400,1,1
1774044000,1,1
1774047600,1,1
1774051200,1,1
1774054800,1,1
1774058400,1,1
1774234800,1,1
1774238400,1,1
1774242000,1,1
1774245600,1,1
1774249200,1,1
1774252800,1,1
1774256400,1,1
1774260000,1,1
1774263600,1,1
1774267200,1,1
1774270800,1,1
1774274400,1,1
1774278000,1,1
1774281600,1,1
1774285200,1,1
1774288800,1,1
1774292400,1,1
1774296000,1,1
1774299600,1,1
1774303200,1,1
1774306800,1,1
1774310400,1,1
1774314000,1,1
1774317600,1,1
1774321200,1,1
1774324800,1,1
1774328400,1,1
1774332000,1,1
1774335600,1,1
1774339200,1,1
1774342800,1,1
1774346400,1,1
1774350000,1,1
1774353600,1,1
1774357200,1,1
1774360800,1,1
1774364400,1,1
1774368000,1,1
1774371600,1,1
1774375200,1,1
1774378800,1,1
1774382400,1,1
1774386000,1,1
1774389600,1,1
1774393200,1,1
1774396800,1,1
1774400400,1,1
1774404000,1,1
1774407600,1,1
1774411200,1,1
1774414800,1,1
1774418400,1,1
1774422000,1,1
1774425600,1,1
1774429200,1,1
1774432800,1,1
1774436400,1,1
1774440000,1,1
1774443600,1,1
1774447200,1,1
1774450800,1,1
1774454400,1,1
1774458000,1,1
1774461600,1,1
1774465200,1,1
1774468800,1,1
1774472400,1,1
1774476000,1,1
1774479600,1,1
1774483200,1,1
1774486800,1,1
1774490400,1,1
1774494000,1,1
1774497600,1,1
1774501200,1,1
1774504800,1,1
1774508400,1,1
1774512000,1,1
1774515600,1,1
1774519200,1,1
1774522800,1,1
1774526400,1,1
1774530000,1,1
1774533600,1,1
1774537200,1,1
1774540800,1,1
1774544400,1,1
1774548000,1,1
1774551600,1,1
1774555200,1,1
1774558800,1,1
1774562400,1,1
1774566000,1,1
1774569600,1,1
1774573200,1,1
1774576800,1,1
1774580400,1,1
1774584000,1,1
1774587600,1,1
1774591200,1,1
1774594800,1,1
1774598400,1,1
1774602000,1,1
1774605600,1,1
1774609200,1,1
1774612800,1,1
1774616400,1,1
1774620000,1,1
1774623600,1,1
1774627200,1,1
1774630800,1,1
1774634400,1,1
1774638000,1,1
1774641600,1,1
1774645200,1,1
1774648800,1,1
1774652400,1,1
1774656000,1,1
1774659600,1,1
1774663200,1,1
1774839600,1,1
1774843200,1,1
1774846800,1,1
1774850400,1,1
1774854000,1,1
1774857600,1,1
1774861200,1,1
1774864800,1,1
1774868400,1,1
1774872000,1,1
1774875600,1,1
1774879200,1,1
1774882800,1,1
1774886400,1,1
1774890000,1,1
1774893600,1,1
1774897200,1,1
1774900800,1,1
1774904400,1,1
1774908000,1,1
1774911600,1,1
1774915200,1,1
1774918800,1,1
1774922400,1,1
1774926000,1,1
1774929600,1,1
1774933200,1,1
1774936800,1,1
1774940400,1,1
1774944000,1,1
1774947600,1,1
1774951200,1,1
1774954800,1,1
1774958400,1,1
1774962000,1,1
1774965600,1,1
1774969200,1,1
1774972800,1,1
1774976400,1,1
1774980000,1,1
1774983600,1,1
1774987200,1,1
1774990800,1,1
1774994400,1,1
1774998000,1,1
1775001600,1,1
1775005200,1,1
1775008800,1,1
1775012400,1,1
1775016000,1,1
1775019600,1,1
1775023200,1,1
1775026800,1,1
1775030400,1,1
1775034000,1,1
1775037600,1,1
1775041200,1,1
1775044800,1,1
1775048400,1,1
1775052000,1,1
1775055600,1,1
1775059200,1,1
1775062800,1,1
1775066400,1,1
1775070000,1,1
1775073600,1,1
1775077200,1,1
1775080800,1,1
1775084400,1,1
1775088000,1,1
1775091600,1,1
1775095200,1,1
1775098800,1,1
1775102400,1,1
1775106000,1,1
1775109600,1,1
1775113200,1,1
1775116800,1,1
1775120400,1,1
1775124000,1,1
1775127600,1,1
1775131200,1,1
1775134800,1,1
1775138400,1,1
1775142000,1,1
1775145600,1,1
1775149200,1,1
1775152800,1,1
1775156400,1,1
1775160000,1,1
1775163600,1,1
1775167200,1,1
1775170800,1,1
1775174400,1,1
1775178000,1,1
1775181600,1,1
1775444400,1,1
1775448000,1,1
1775451600,1,1
1775455200,1,1
1775458800,1,1
1775462400,1,1
1775466000,1,1
1775469600,1,1
1775473200,1,1
1775476800,1,1
1775480400,1,1
1775484000,1,1
1775487600,1,1
1775491200,1,1
1775494800,1,1
1775498400,1,1
1775502000,1,1
1775505600,1,1
1775509200,1,1
1775512800,1,1
1775516400,1,1
1775520000,1,1
1775523600,1,1
1775527200,1,1
1775530800,1,1
1775534400,1,1
1775538000,1,1
1775541600,1,1
1775545200,1,1
1775548800,1,1
1775552400,1,1
1775556000,1,1
1775559600,1,1
1775563200,1,1
1775566800,1,1
1775570400,1,1
1775574000,1,1
1775577600,1,1
1775581200,1,1
1775584800,1,1
1775588400,1,1
1775592000,1,1
1775595600,1,1
1775599200,1,1
1775602800,1,1
1775606400,1,1
1775610000,1,1
1775613600,1,1
1775617200,1,1
1775620800,1,1
1775624400,1,1
1775628000,1,1
1775631600,1,1
1775635200,1,1
1775638800,1,1
1775642400,1,1
1775646000,1,1
1775649600,1,1
1775653200,1,1
1775656800,1,1
1775660400,1,1
1775664000,1,1
1775667600,1,1
1775671200,1,1
1775674800,1,1
1775678400,1,1
1775682000,1,1
1775685600,1,1
1775689200,1,1
1775692800,1,1
1775696400,1,1
1775700000,1,1
1775703600,1,1
1775707200,1,1
1775710800,1,1
1775714400,1,1
1775718000,1,1
1775721600,1,1
1775725200,1,1
1775728800,1,1
1775732400,1,1
1775736000,1,1
1775739600,1,1
1775743200,1,1
1775746800,1,1
1775750400,1,1
1775754000,1,1
1775757600,1,1
1775761200,1,1
1775764800,1,1
1775768400,1,1
1775772000,1,1
1775775600,1,1
1775779200,1,1
1775782800,1,1
1775786400,1,1
1775790000,1,1
1775793600,1,1
1775797200,1,1
1775800800,1,1
1775804400,1,1
1775808000,1,1
1775811600,1,1
1775815200,1,1
1775818800,1,1
1775822400,1,1
1775826000,1,1
1775829600,1,1
1775833200,1,1
1775836800,1,1
1775840400,1,1
1775844000,1,1
1775847600,1,1
1775851200,1,1
1775854800,1,1
1775858400,1,1
1775862000,1,1
1775865600,1,1
1775869200,1,1
1775872800,1,1
1776049200,3,0
1776052800,3,0
1776056400,3,0
1776060000,3,0
1776063600,3,0
1776067200,3,0
1776070800,3,0
1776074400,3,0
1776078000,3,0
1776081600,3,0
1776085200,3,0
1776088800,3,0
1776092400,3,0
1776096000,3,0
1776099600,3,0
1776103200,3,0
1776106800,3,0
1776110400,3,0
1776114000,3,0
1776117600,3,0
1776121200,3,0
1776124800,3,0
1776128400,3,0
1776132000,3,0
1776135600,3,0
1776139200,3,0
1776142800,3,0
1776146400,3,0
1776150000,3,0
1776153600,3,0
1776157200,3,0
1776160800,3,0
1776164400,3,0
1776168000,3,0
1776171600,3,0
1776175200,3,0
1776178800,3,0
1776182400,3,0
1776186000,3,0
1776189600,3,0
1776193200,3,0
1776196800,3,0
1776200400,3,0
1776204000,3,0
1776207600,3,0
1776211200,3,0
1776214800,3,0
1776218400,3,0
1776222000,3,0
1776225600,3,0
1776229200,3,0
1776232800,3,0
1776236400,3,0
1776240000,3,0
1776243600,3,0
1776247200,3,0
1776250800,3,0
1776254400,3,0
1776258000,3,0
1776261600,3,0
1776265200,3,0
1776268800,3,0
1776272400,3,0
1776276000,3,0
1776279600,3,0
1776283200,3,0
1776286800,3,0
1776290400,3,0
1776294000,3,0
1776297600,3,0
1776301200,3,0
1776304800,3,0
1776308400,3,0
1776312000,3,0
1776315600,3,0
1776319200,3,0
1776322800,3,0
1776326400,3,0
1776330000,3,0
1776333600,3,0
1776337200,3,0
1776340800,3,0
1776344400,3,0
1776348000,3,0
1776351600,3,0
1776355200,3,0
1776358800,3,0
1776362400,3,0
1776366000,3,0
1776369600,3,0
1776373200,3,0
1776376800,3,0
1776380400,3,0
1776384000,3,0
1776387600,3,0
1776391200,3,0
1776394800,3,0
1776398400,3,0
1776402000,3,0
1776405600,3,0
1776409200,3,0
1776412800,3,0
1776416400,3,0
1776420000,3,0
1776423600,3,0
1776427200,3,0
1776430800,3,0
1776434400,3,0
1776438000,3,0
1776441600,3,0
1776445200,3,0
1776448800,3,0
1776452400,3,0
1776456000,3,0
1776459600,3,0
1776463200,3,0
1776466800,3,0
1776470400,3,0
1776474000,3,0
1776477600,3,0
1776654000,3,0
1776657600,3,0
1776661200,3,0
1776664800,3,0
1776668400,3,0
1776672000,3,0
1776675600,3,0
1776679200,3,0
1776682800,3,0
1776686400,3,0
1776690000,3,0
1776693600,3,0
1776697200,3,0
1776700800,3,0
1776704400,3,0
1776708000,3,0
1776711600,3,0
1776715200,3,0
1776718800,3,0
1776722400,3,0
1776726000,3,0
1776729600,3,0
1776733200,3,0
1776736800,3,0
1776740400,3,0
1776744000,3,0
1776747600,3,0
1776751200,3,0
1776754800,3,0
1776758400,3,0
1776762000,3,0
1776765600,3,0
1776769200,3,0
1776772800,3,0
1776776400,3,0
1776780000,3,0
1776783600,3,0
1776787200,3,0
1776790800,3,0
1776794400,3,0
1776798000,3,0
1776801600,3,0
1776805200,3,0
1776808800,3,0
1776812400,3,0
1776816000,3,0
1776819600,3,0
1776823200,3,0
1776826800,3,0
1776830400,3,0
1776834000,3,0
1776837600,3,0
1776841200,3,0
1776844800,3,0
1776848400,3,0
1776852000,3,0
1776855600,3,0
1776859200,3,0
1776862800,3,0
1776866400,3,0
1776870000,3,0
1776873600,3,0
1776877200,3,0
1776880800,3,0
1776884400,3,0
1776888000,3,0
1776891600,3,0
1776895200,3,0
1776898800,3,0
1776902400,3,0
1776906000,3,0
1776909600,3,0
1776913200,3,0
1776916800,3,0
1776920400,3,0
1776924000,3,0
1776927600,3,0
1776931200,3,0
1776934800,3,0
1776938400,3,0
1776942000,3,0
1776945600,3,0
1776949200,3,0
1776952800,3,0
1776956400,3,0
1776960000,3,0
1776963600,3,0
1776967200,3,0
1776970800,3,0
1776974400,3,0
1776978000,3,0
1776981600,3,0
1776985200,3,0
1776988800,3,0
1776992400,3,0
1776996000,3,0
1776999600,3,0
1777003200,3,0
1777006800,3,0
1777010400,3,0
1777014000,3,0
1777017600,3,0
1777021200,3,0
1777024800,3,0
1777028400,3,0
1777032000,3,0
1777035600,3,0
1777039200,3,0
1777042800,3,0
1777046400,3,0
1777050000,3,0
1777053600,3,0
1777057200,3,0
1777060800,3,0
1777064400,3,0
1777068000,3,0
1777071600,3,0
1777075200,3,0
1777078800,3,0
1777082400,3,0
1777258800,0,0
1777262400,0,0
1777266000,0,0
1777269600,0,0
1777273200,0,0
1777276800,0,0
1777280400,0,0
1777284000,0,0
1777287600,0,0
1777291200,0,0
1777294800,0,0
1777298400,0,0
1777302000,0,0
1777305600,0,0
1777309200,0,0
1777312800,0,0
1777316400,0,0
1777320000,0,0
1777323600,0,0
1777327200,0,0
1777330800,0,0
1777334400,0,0
1777338000,0,0
1777341600,0,0
1777345200,0,0
1777348800,0,0
1777352400,0,0
1777356000,0,0
1777359600,0,0
1777363200,0,0
1777366800,0,0
1777370400,0,0
1777374000,0,0
1777377600,0,0
1777381200,0,0
1777384800,0,0
1777388400,0,0
1777392000,0,0
1777395600,0,0
1777399200,0,0
1777402800,0,0
1777406400,0,0
1777410000,0,0
1777413600,0,0
1777417200,0,0
1777420800,0,0
1777424400,0,0
1777428000,0,0
1777431600,0,0
1777435200,0,0
1777438800,0,0
1777442400,0,0
1777446000,0,0
1777449600,0,0
1777453200,0,0
1777456800,0,0
1777460400,0,0
1777464000,0,0
1777467600,0,0
1777471200,0,0
1777474800,0,0
1777478400,0,0
1777482000,0,0
1777485600,0,0
1777489200,0,0
1777492800,0,0
1777496400,0,0
1777500000,0,0
1777503600,0,0
1777507200,0,0
1777510800,0,0
1777514400,0,0
1777518000,0,0
1777521600,0,0
1777525200,0,0
1777528800,0,0
1777532400,0,0
1777536000,0,0
1777539600,0,0
1777543200,0,0
1777546800,0,0
1777550400,0,0
1777554000,0,0
1777557600,0,0
1777561200,0,0
1777564800,0,0
1777568400,0,0
1777572000,0,0
1777575600,0,0
1777579200,0,0
1777582800,0,0
1777586400,0,0
1777590000,0,0
1777593600,0,0
1777597200,0,0
1777600800,0,0
1777604400,0,0
1777608000,0,0
1777611600,0,0
1777615200,0,0
1777618800,0,0
1777622400,0,0
1777626000,0,0
1777629600,0,0
1777633200,0,0
1777636800,0,0
1777640400,0,0
1777644000,0,0
1777647600,0,0
1777651200,0,0
1777654800,0,0
1777658400,0,0
1777662000,0,0
1777665600,0,0
1777669200,0,0
1777672800,0,0
1777676400,0,0
1777680000,0,0
1777683600,0,0
1777687200,0,0
1777863600,0,0
1777867200,0,0
1777870800,0,0
1777874400,0,0
1777878000,0,0
1777881600,0,0
1777885200,0,0
1777888800,0,0
1777892400,0,0
1777896000,0,0
1777899600,0,0
1777903200,0,0
1777906800,0,0
1777910400,0,0
1777914000,0,0
1777917600,0,0
1777921200,0,0
1777924800,0,0
1777928400,0,0
1777932000,0,0
1777935600,0,0
1777939200,0,0
1777942800,0,0
1777946400,0,0
1777950000,0,0
1777953600,0,0
1777957200,0,0
1777960800,0,0
1777964400,0,0
1777968000,0,0
1777971600,0,0
1777975200,0,0
1777978800,0,0
1777982400,0,0
1777986000,0,0
1777989600,0,0
1777993200,0,0
1777996800,0,0
1778000400,0,0
1778004000,0,0
1778007600,0,0
1778011200,0,0
1778014800,0,0
1778018400,0,0
1778022000,0,0
1778025600,0,0
1778029200,0,0
1778032800,0,0
1778036400,0,0
1778040000,0,0
1778043600,0,0
1778047200,0,0
1778050800,0,0
1778054400,0,0
1778058000,0,0
1778061600,0,0
1778065200,0,0
1778068800,0,0
1778072400,0,0
1778076000,0,0
1778079600,0,0
1778083200,0,0
1778086800,0,0
1778090400,0,0
1778094000,0,0
1778097600,0,0
1778101200,0,0
1778104800,0,0
1778108400,0,0
1778112000,0,0
1778115600,0,0
1778119200,0,0
1778122800,0,0
1778126400,0,0
1778130000,0,0
1778133600,0,0
1778137200,0,0
1778140800,0,0
1778144400,0,0
1778148000,0,0
1778151600,0,0
1778155200,0,0
1778158800,0,0
1778162400,0,0
1778166000,0,0
1778169600,0,0
1778173200,0,0
1778176800,0,0
1778180400,0,0
1778184000,0,0
1778187600,0,0
1778191200,0,0
1778194800,0,0
1778198400,0,0
1778202000,0,0
1778205600,0,0
1778209200,0,0
1778212800,0,0
1778216400,0,0
1778220000,0,0
1778223600,0,0
1778227200,0,0
1778230800,0,0
1778234400,0,0
1778238000,0,0
1778241600,0,0
1778245200,0,0
1778248800,0,0
1778252400,0,0
1778256000,0,0
1778259600,0,0
1778263200,0,0
1778266800,0,0
1778270400,0,0
1778274000,0,0
1778277600,0,0
1778281200,0,0
1778284800,0,0
1778288400,0,0
1778292000,0,0
1778468400,0,0
1778472000,0,0
1778475600,0,0
1778479200,0,0
1778482800,0,0
1778486400,0,0
1778490000,0,0
1778493600,0,0
1778497200,0,0
1778500800,0,0
1778504400,0,0
1778508000,0,0
1778511600,0,0
1778515200,0,0
1778518800,0,0
1778522400,0,0
1778526000,0,0
1778529600,0,0
1778533200,0,0
1778536800,0,0
1778540400,0,0
1778544000,0,0
1778547600,0,0
1778551200,0,0
1778554800,0,0
1778558400,0,0
1778562000,0,0
1778565600,0,0
1778569200,0,0
1778572800,0,0
1778576400,0,0
1778580000,0,0
1778583600,0,0
1778587200,0,0
1778590800,0,0
1778594400,0,0
1778598000,0,0
1778601600,0,0
1778605200,0,0
1778608800,0,0
1778612400,0,0
1778616000,0,0
1778619600,0,0
1778623200,0,0
1778626800,0,0
1778630400,0,0
1778634000,0,0
1778637600,0,0
1778641200,0,0
1778644800,0,0
1778648400,0,0
1778652000,0,0
1778655600,0,0
1778659200,0,0
1778662800,0,0
1778666400,0,0
1778670000,0,0
1778673600,0,0
1778677200,0,0
1778680800,0,0
1778684400,0,0
1778688000,0,0
1778691600,0,0
1778695200,0,0
1778698800,0,0
1778702400,0,0
1778706000,0,0
1778709600,0,0
1778713200,0,0
1778716800,0,0
1778720400,0,0
1778724000,0,0
